Environment,CartPole-v1,CartPole-v1,CartPole-v1,CartPole-v1,CartPole-v1,CartPole-v1,CartPole-v1,CartPole-v1,CartPole-v1,CartPole-v1,CartPole-v1,CartPole-v1,CartPole-v1,CartPole-v1,CartPole-v1,CartPole-v1,CartPole-v1,CartPole-v1,CartPole-v1,CartPole-v1,CartPole-v1,CartPole-v1,CartPole-v1,CartPole-v1,CartPole-v1,CartPole-v1,CartPole-v1,CartPole-v1,CartPole-v1,CartPole-v1,CartPole-v1,CartPole-v1,CartPole-v1,CartPole-v1,CartPole-v1,CartPole-v1,CartPole-v1,CartPole-v1,CartPole-v1,CartPole-v1,CartPole-v1,CartPole-v1,CartPole-v1,CartPole-v1,CartPole-v1,CartPole-v1,CartPole-v1,CartPole-v1,CartPole-v1,CartPole-v1
Model,PolicyGradient,PolicyGradient,PPOClip,PolicyGradient,PolicyGradient,PolicyGradient,PPOClip,PPOClip,PPOClip,PPOClip,PolicyGradient,PolicyGradient,PPOClip,PolicyGradient,PolicyGradient,PPOClip,PPOClip,PolicyGradient,PPOClip,PolicyGradient,PolicyGradient,PPOClip,PolicyGradient,PPOClip,PolicyGradient,PPOClip,PPOClip,PPOClip,PPOClip,PolicyGradient,PolicyGradient,PPOClip,PPOClip,PolicyGradient,PPOClip,PolicyGradient,PPOClip,PPOClip,PolicyGradient,PPOClip,PPOClip,PolicyGradient,PPOClip,PolicyGradient,PPOClip,PolicyGradient,PolicyGradient,PolicyGradient,PolicyGradient,PPOClip
Alpha Settings,pi0.0001_v0.01,pi0.01_v0.001,pi0.01_v0.001,pi0.01_v0.01,pi0.0005_v0.01,pi0.0001_v0.005,pi0.001_v0.001,pi0.0005_v0.005,pi0.01_v0.0005,pi0.0005_v0.0005,pi0.001_v0.0001,pi0.0001_v0.0005,pi0.005_v0.0005,pi0.005_v0.001,pi0.01_v0.0001,pi0.0001_v0.001,pi0.005_v0.005,pi0.0005_v0.001,pi0.001_v0.0005,pi0.001_v0.005,pi0.0005_v0.0005,pi0.0001_v0.0005,pi0.005_v0.0001,pi0.0005_v0.01,pi0.01_v0.005,pi0.01_v0.005,pi0.01_v0.01,pi0.0001_v0.01,pi0.0005_v0.001,pi0.005_v0.01,pi0.0001_v0.001,pi0.001_v0.005,pi0.005_v0.0001,pi0.005_v0.005,pi0.005_v0.01,pi0.0001_v0.0001,pi0.0005_v0.0001,pi0.01_v0.0001,pi0.001_v0.0005,pi0.001_v0.01,pi0.005_v0.001,pi0.0005_v0.005,pi0.0001_v0.005,pi0.01_v0.0005,pi0.0001_v0.0001,pi0.005_v0.0005,pi0.0005_v0.0001,pi0.001_v0.001,pi0.001_v0.01,pi0.001_v0.0001
0,11.0,34.0,21.0,17.0,10.0,24.0,75.0,16.0,9.0,18.0,19.0,24.0,11.0,25.0,16.0,21.0,14.0,24.0,22.0,41.0,11.0,29.0,16.0,13.0,57.0,27.0,18.0,10.0,15.0,12.0,15.0,20.0,29.0,18.0,14.0,14.0,25.0,18.0,14.0,11.0,19.0,11.0,16.0,25.0,25.0,16.0,38.0,37.0,14.0,33.0
1,23.0,30.0,55.0,9.0,9.0,13.0,25.0,21.0,24.0,32.0,15.0,71.0,15.0,23.0,29.0,10.0,17.0,20.0,18.0,58.0,11.0,46.0,28.0,12.0,52.0,41.0,11.0,26.0,11.0,14.0,11.0,13.0,14.0,10.0,27.0,19.0,38.0,31.0,14.0,43.0,17.0,12.0,13.0,28.0,12.0,23.0,19.0,33.0,26.0,33.0
2,11.0,49.0,68.0,10.0,11.0,17.0,15.0,45.0,33.0,77.0,17.0,43.0,16.0,40.0,23.0,18.0,33.0,25.0,15.0,13.0,12.0,77.0,18.0,12.0,97.0,19.0,18.0,17.0,35.0,10.0,22.0,14.0,34.0,10.0,19.0,13.0,30.0,10.0,13.0,11.0,12.0,32.0,10.0,25.0,27.0,24.0,10.0,27.0,35.0,9.0
3,13.0,53.0,29.0,16.0,18.0,54.0,15.0,14.0,27.0,11.0,23.0,12.0,10.0,59.0,28.0,10.0,9.0,38.0,16.0,19.0,10.0,11.0,48.0,28.0,113.0,18.0,13.0,11.0,59.0,10.0,14.0,15.0,70.0,15.0,13.0,16.0,12.0,18.0,14.0,11.0,25.0,12.0,30.0,25.0,24.0,103.0,14.0,13.0,10.0,15.0
4,15.0,43.0,14.0,12.0,12.0,82.0,15.0,26.0,40.0,16.0,11.0,11.0,9.0,44.0,38.0,24.0,17.0,21.0,13.0,45.0,13.0,15.0,53.0,21.0,55.0,13.0,23.0,19.0,15.0,12.0,17.0,28.0,28.0,9.0,16.0,10.0,12.0,55.0,9.0,21.0,21.0,42.0,17.0,22.0,17.0,39.0,18.0,58.0,26.0,17.0
5,10.0,67.0,12.0,9.0,26.0,14.0,24.0,19.0,23.0,26.0,21.0,30.0,11.0,45.0,156.0,19.0,15.0,28.0,33.0,23.0,10.0,73.0,87.0,12.0,52.0,13.0,17.0,21.0,25.0,10.0,14.0,20.0,51.0,10.0,56.0,26.0,11.0,12.0,16.0,16.0,25.0,10.0,24.0,25.0,13.0,50.0,15.0,40.0,17.0,12.0
6,18.0,81.0,57.0,10.0,13.0,32.0,29.0,58.0,23.0,55.0,29.0,18.0,20.0,38.0,86.0,19.0,19.0,18.0,46.0,109.0,12.0,26.0,45.0,34.0,115.0,18.0,24.0,9.0,30.0,10.0,15.0,18.0,30.0,10.0,20.0,21.0,15.0,15.0,22.0,20.0,11.0,24.0,43.0,22.0,12.0,43.0,18.0,41.0,14.0,39.0
7,43.0,54.0,16.0,9.0,10.0,35.0,20.0,17.0,36.0,9.0,56.0,38.0,12.0,47.0,44.0,14.0,18.0,19.0,9.0,18.0,23.0,22.0,35.0,15.0,74.0,13.0,13.0,9.0,23.0,10.0,36.0,15.0,15.0,14.0,19.0,18.0,11.0,14.0,12.0,10.0,12.0,30.0,15.0,20.0,18.0,53.0,46.0,28.0,13.0,13.0
8,27.0,140.0,21.0,10.0,9.0,19.0,19.0,14.0,26.0,29.0,16.0,24.0,12.0,68.0,130.0,10.0,15.0,15.0,33.0,63.0,9.0,34.0,48.0,35.0,57.0,26.0,13.0,21.0,31.0,10.0,19.0,18.0,24.0,12.0,12.0,15.0,17.0,12.0,9.0,36.0,18.0,33.0,22.0,20.0,15.0,59.0,24.0,46.0,13.0,23.0
9,18.0,72.0,42.0,14.0,9.0,58.0,19.0,53.0,19.0,12.0,30.0,29.0,18.0,36.0,65.0,13.0,13.0,63.0,20.0,23.0,13.0,19.0,35.0,23.0,46.0,29.0,14.0,33.0,27.0,10.0,20.0,11.0,62.0,10.0,19.0,26.0,45.0,12.0,13.0,41.0,23.0,31.0,21.0,25.0,30.0,78.0,13.0,50.0,48.0,17.0
10,16.0,44.0,18.0,9.0,17.0,22.0,24.0,19.0,22.0,21.0,32.0,17.0,22.0,48.0,157.0,12.0,12.0,26.0,33.0,39.0,20.0,18.0,29.0,14.0,38.0,19.0,10.0,12.0,22.0,12.0,14.0,31.0,35.0,10.0,83.0,23.0,18.0,14.0,10.0,15.0,32.0,42.0,16.0,26.0,13.0,81.0,10.0,31.0,11.0,46.0
11,17.0,58.0,20.0,10.0,36.0,9.0,105.0,16.0,15.0,28.0,13.0,20.0,14.0,42.0,53.0,11.0,9.0,25.0,10.0,34.0,15.0,10.0,25.0,22.0,42.0,17.0,10.0,12.0,16.0,10.0,27.0,24.0,15.0,10.0,40.0,11.0,11.0,11.0,11.0,14.0,16.0,18.0,37.0,30.0,19.0,67.0,15.0,41.0,29.0,11.0
12,34.0,47.0,15.0,10.0,12.0,85.0,38.0,31.0,24.0,11.0,21.0,19.0,18.0,57.0,106.0,17.0,16.0,16.0,28.0,30.0,12.0,40.0,36.0,11.0,35.0,13.0,10.0,26.0,19.0,9.0,20.0,16.0,22.0,10.0,18.0,11.0,14.0,17.0,34.0,10.0,21.0,14.0,23.0,25.0,22.0,98.0,21.0,51.0,11.0,22.0
13,32.0,36.0,41.0,9.0,17.0,26.0,18.0,50.0,17.0,24.0,19.0,27.0,9.0,60.0,82.0,22.0,20.0,42.0,9.0,49.0,12.0,14.0,22.0,9.0,29.0,11.0,13.0,9.0,22.0,9.0,10.0,13.0,30.0,12.0,34.0,12.0,17.0,14.0,14.0,14.0,11.0,21.0,18.0,33.0,30.0,145.0,31.0,60.0,20.0,12.0
14,21.0,46.0,11.0,10.0,26.0,37.0,43.0,26.0,16.0,11.0,17.0,36.0,13.0,51.0,52.0,16.0,22.0,25.0,19.0,10.0,12.0,14.0,96.0,15.0,21.0,13.0,15.0,21.0,40.0,10.0,17.0,36.0,48.0,9.0,48.0,22.0,16.0,33.0,12.0,29.0,10.0,15.0,46.0,21.0,24.0,115.0,33.0,51.0,62.0,12.0
15,23.0,36.0,38.0,10.0,12.0,16.0,24.0,11.0,16.0,19.0,82.0,22.0,13.0,48.0,110.0,33.0,13.0,41.0,26.0,37.0,21.0,15.0,48.0,32.0,24.0,20.0,19.0,17.0,26.0,10.0,11.0,15.0,27.0,10.0,28.0,12.0,20.0,36.0,12.0,11.0,11.0,16.0,44.0,27.0,12.0,87.0,31.0,65.0,20.0,17.0
16,9.0,33.0,36.0,10.0,14.0,20.0,34.0,12.0,29.0,13.0,23.0,29.0,9.0,54.0,53.0,23.0,20.0,47.0,35.0,64.0,9.0,14.0,19.0,14.0,25.0,46.0,24.0,16.0,15.0,10.0,18.0,23.0,12.0,10.0,73.0,14.0,26.0,12.0,12.0,24.0,10.0,20.0,24.0,25.0,13.0,77.0,13.0,39.0,19.0,28.0
17,18.0,30.0,58.0,9.0,11.0,32.0,32.0,11.0,36.0,61.0,24.0,35.0,11.0,47.0,73.0,23.0,14.0,31.0,23.0,51.0,13.0,15.0,32.0,19.0,12.0,30.0,27.0,21.0,32.0,10.0,14.0,22.0,12.0,10.0,22.0,12.0,13.0,10.0,18.0,20.0,10.0,15.0,11.0,31.0,16.0,127.0,24.0,33.0,37.0,21.0
18,16.0,27.0,33.0,9.0,10.0,36.0,54.0,26.0,43.0,23.0,17.0,15.0,10.0,69.0,73.0,14.0,45.0,11.0,17.0,65.0,13.0,39.0,31.0,16.0,29.0,16.0,55.0,29.0,13.0,12.0,39.0,42.0,13.0,10.0,29.0,29.0,24.0,10.0,9.0,31.0,11.0,19.0,20.0,27.0,25.0,48.0,25.0,55.0,32.0,21.0
19,34.0,23.0,45.0,12.0,11.0,17.0,67.0,38.0,63.0,31.0,13.0,27.0,11.0,55.0,63.0,14.0,34.0,82.0,25.0,12.0,12.0,18.0,63.0,20.0,22.0,16.0,36.0,12.0,18.0,10.0,12.0,17.0,10.0,10.0,18.0,16.0,18.0,10.0,25.0,32.0,21.0,33.0,21.0,35.0,27.0,167.0,18.0,23.0,16.0,12.0
20,27.0,29.0,46.0,10.0,14.0,18.0,14.0,17.0,93.0,29.0,78.0,48.0,9.0,56.0,48.0,14.0,43.0,23.0,14.0,26.0,19.0,45.0,19.0,24.0,22.0,29.0,14.0,69.0,34.0,10.0,26.0,67.0,11.0,10.0,40.0,30.0,11.0,12.0,14.0,41.0,11.0,35.0,11.0,36.0,11.0,58.0,12.0,41.0,24.0,27.0
21,14.0,26.0,38.0,9.0,10.0,14.0,71.0,24.0,75.0,32.0,16.0,30.0,9.0,87.0,55.0,10.0,59.0,33.0,17.0,16.0,11.0,33.0,71.0,12.0,110.0,20.0,46.0,18.0,39.0,9.0,26.0,17.0,15.0,10.0,71.0,17.0,12.0,10.0,22.0,20.0,10.0,39.0,37.0,29.0,12.0,124.0,64.0,33.0,12.0,22.0
22,17.0,28.0,38.0,12.0,14.0,35.0,36.0,16.0,69.0,34.0,31.0,44.0,9.0,67.0,53.0,44.0,70.0,14.0,17.0,26.0,14.0,20.0,27.0,25.0,39.0,30.0,34.0,34.0,23.0,10.0,23.0,15.0,9.0,10.0,15.0,12.0,18.0,10.0,11.0,27.0,12.0,26.0,11.0,31.0,25.0,63.0,36.0,58.0,89.0,41.0
23,15.0,24.0,34.0,10.0,11.0,25.0,36.0,28.0,66.0,33.0,22.0,34.0,10.0,57.0,98.0,23.0,48.0,33.0,22.0,24.0,21.0,19.0,45.0,11.0,30.0,22.0,53.0,39.0,42.0,10.0,13.0,16.0,9.0,10.0,34.0,14.0,25.0,10.0,14.0,30.0,10.0,106.0,18.0,22.0,10.0,56.0,27.0,40.0,22.0,18.0
24,18.0,24.0,36.0,9.0,19.0,29.0,52.0,14.0,58.0,63.0,14.0,17.0,12.0,65.0,31.0,9.0,105.0,13.0,12.0,17.0,9.0,15.0,11.0,9.0,266.0,22.0,43.0,15.0,18.0,10.0,16.0,19.0,10.0,10.0,10.0,17.0,18.0,10.0,11.0,28.0,9.0,46.0,16.0,35.0,13.0,60.0,29.0,30.0,20.0,25.0
25,14.0,23.0,31.0,11.0,21.0,15.0,45.0,12.0,48.0,15.0,121.0,29.0,9.0,81.0,58.0,43.0,74.0,32.0,42.0,56.0,12.0,25.0,21.0,33.0,262.0,26.0,35.0,12.0,16.0,10.0,29.0,59.0,11.0,10.0,23.0,13.0,14.0,10.0,10.0,21.0,10.0,14.0,16.0,31.0,12.0,58.0,77.0,24.0,15.0,14.0
26,15.0,23.0,29.0,9.0,17.0,42.0,48.0,25.0,51.0,23.0,16.0,28.0,10.0,78.0,48.0,16.0,160.0,31.0,20.0,38.0,13.0,29.0,71.0,28.0,352.0,27.0,49.0,16.0,32.0,10.0,15.0,33.0,10.0,10.0,34.0,13.0,19.0,10.0,12.0,17.0,10.0,10.0,9.0,28.0,40.0,37.0,17.0,49.0,102.0,18.0
27,18.0,22.0,29.0,9.0,16.0,44.0,57.0,30.0,58.0,20.0,30.0,29.0,9.0,121.0,56.0,24.0,70.0,32.0,41.0,36.0,17.0,17.0,18.0,18.0,369.0,29.0,48.0,20.0,39.0,12.0,13.0,16.0,9.0,10.0,122.0,11.0,20.0,10.0,9.0,40.0,11.0,16.0,24.0,24.0,15.0,26.0,34.0,65.0,23.0,37.0
28,17.0,21.0,27.0,9.0,9.0,16.0,77.0,14.0,68.0,26.0,22.0,29.0,10.0,117.0,50.0,11.0,65.0,30.0,26.0,36.0,11.0,11.0,19.0,18.0,294.0,24.0,24.0,24.0,14.0,10.0,25.0,57.0,9.0,10.0,33.0,15.0,11.0,10.0,9.0,65.0,17.0,31.0,25.0,22.0,12.0,37.0,12.0,54.0,117.0,40.0
29,9.0,21.0,26.0,10.0,11.0,17.0,86.0,12.0,58.0,17.0,15.0,65.0,9.0,103.0,42.0,11.0,186.0,20.0,18.0,37.0,10.0,20.0,38.0,13.0,240.0,28.0,32.0,10.0,23.0,10.0,24.0,33.0,9.0,10.0,25.0,13.0,21.0,10.0,16.0,35.0,10.0,25.0,12.0,26.0,10.0,40.0,37.0,102.0,28.0,44.0
30,22.0,19.0,26.0,13.0,10.0,38.0,35.0,19.0,96.0,52.0,11.0,15.0,9.0,141.0,58.0,9.0,106.0,25.0,15.0,21.0,10.0,15.0,18.0,34.0,227.0,25.0,76.0,15.0,21.0,12.0,14.0,80.0,9.0,10.0,106.0,10.0,13.0,10.0,11.0,25.0,21.0,41.0,12.0,22.0,27.0,27.0,39.0,31.0,18.0,26.0
31,13.0,20.0,25.0,10.0,11.0,28.0,123.0,13.0,94.0,30.0,27.0,25.0,10.0,179.0,45.0,12.0,91.0,56.0,22.0,33.0,12.0,36.0,29.0,33.0,228.0,20.0,25.0,13.0,45.0,10.0,18.0,19.0,9.0,10.0,80.0,17.0,12.0,10.0,12.0,66.0,10.0,94.0,17.0,30.0,19.0,21.0,11.0,38.0,50.0,31.0
32,20.0,19.0,25.0,12.0,12.0,22.0,63.0,12.0,114.0,18.0,26.0,16.0,12.0,130.0,47.0,11.0,64.0,28.0,15.0,76.0,18.0,19.0,19.0,21.0,230.0,20.0,64.0,11.0,14.0,10.0,13.0,52.0,10.0,10.0,55.0,22.0,26.0,10.0,28.0,30.0,12.0,21.0,11.0,23.0,17.0,24.0,18.0,55.0,23.0,28.0
33,28.0,19.0,25.0,9.0,16.0,17.0,58.0,28.0,112.0,21.0,21.0,18.0,12.0,129.0,56.0,16.0,87.0,37.0,22.0,33.0,18.0,25.0,64.0,16.0,212.0,24.0,53.0,13.0,30.0,10.0,20.0,78.0,9.0,10.0,150.0,10.0,16.0,10.0,17.0,85.0,17.0,50.0,46.0,18.0,15.0,17.0,52.0,81.0,37.0,37.0
34,29.0,18.0,23.0,11.0,22.0,30.0,143.0,22.0,215.0,13.0,40.0,28.0,10.0,155.0,98.0,11.0,231.0,40.0,89.0,43.0,11.0,77.0,23.0,22.0,241.0,16.0,50.0,18.0,36.0,9.0,21.0,13.0,12.0,10.0,172.0,18.0,17.0,10.0,11.0,130.0,12.0,30.0,29.0,17.0,9.0,25.0,16.0,86.0,31.0,14.0
35,15.0,18.0,25.0,9.0,15.0,14.0,116.0,21.0,154.0,77.0,48.0,30.0,9.0,163.0,46.0,14.0,82.0,80.0,50.0,62.0,17.0,19.0,36.0,10.0,497.0,20.0,87.0,38.0,65.0,10.0,32.0,17.0,9.0,10.0,104.0,12.0,16.0,10.0,10.0,75.0,19.0,55.0,17.0,20.0,9.0,14.0,22.0,44.0,38.0,19.0
36,11.0,18.0,24.0,9.0,12.0,27.0,66.0,13.0,108.0,85.0,27.0,36.0,9.0,145.0,39.0,14.0,200.0,31.0,92.0,36.0,33.0,27.0,15.0,20.0,329.0,17.0,45.0,24.0,37.0,10.0,21.0,18.0,10.0,10.0,191.0,16.0,11.0,10.0,10.0,44.0,21.0,27.0,11.0,21.0,15.0,16.0,17.0,58.0,76.0,34.0
37,22.0,18.0,23.0,11.0,18.0,44.0,24.0,15.0,97.0,23.0,16.0,15.0,9.0,151.0,24.0,14.0,153.0,43.0,22.0,72.0,10.0,36.0,14.0,26.0,486.0,24.0,82.0,20.0,14.0,10.0,19.0,44.0,9.0,10.0,193.0,20.0,33.0,10.0,12.0,83.0,25.0,69.0,12.0,18.0,15.0,14.0,25.0,27.0,45.0,43.0
38,66.0,17.0,22.0,9.0,13.0,11.0,70.0,14.0,119.0,27.0,11.0,21.0,10.0,163.0,93.0,17.0,188.0,51.0,95.0,119.0,9.0,16.0,17.0,15.0,500.0,23.0,98.0,12.0,29.0,10.0,27.0,65.0,10.0,10.0,428.0,21.0,28.0,10.0,9.0,49.0,14.0,37.0,10.0,13.0,12.0,15.0,15.0,32.0,59.0,27.0
39,22.0,18.0,21.0,12.0,12.0,25.0,51.0,34.0,65.0,39.0,60.0,30.0,9.0,136.0,30.0,11.0,129.0,38.0,23.0,22.0,15.0,16.0,53.0,29.0,500.0,17.0,111.0,12.0,52.0,10.0,16.0,35.0,9.0,10.0,275.0,17.0,43.0,10.0,10.0,101.0,15.0,46.0,9.0,15.0,13.0,25.0,29.0,39.0,72.0,36.0
40,14.0,17.0,19.0,10.0,14.0,12.0,100.0,46.0,71.0,21.0,25.0,21.0,9.0,135.0,44.0,12.0,216.0,59.0,16.0,20.0,11.0,25.0,12.0,18.0,500.0,17.0,123.0,13.0,43.0,10.0,23.0,28.0,10.0,10.0,148.0,12.0,31.0,10.0,14.0,50.0,27.0,79.0,17.0,18.0,16.0,16.0,32.0,96.0,14.0,30.0
41,38.0,18.0,19.0,10.0,19.0,46.0,128.0,14.0,51.0,22.0,32.0,45.0,10.0,126.0,40.0,16.0,148.0,42.0,44.0,63.0,18.0,12.0,96.0,39.0,500.0,23.0,82.0,19.0,28.0,10.0,12.0,93.0,9.0,10.0,216.0,17.0,20.0,10.0,18.0,152.0,39.0,54.0,21.0,14.0,12.0,10.0,22.0,57.0,73.0,55.0
42,15.0,19.0,17.0,12.0,26.0,56.0,45.0,26.0,54.0,42.0,19.0,24.0,9.0,125.0,23.0,15.0,250.0,33.0,119.0,73.0,21.0,71.0,43.0,21.0,500.0,17.0,96.0,48.0,16.0,10.0,31.0,90.0,9.0,10.0,183.0,13.0,19.0,10.0,9.0,125.0,34.0,118.0,11.0,14.0,19.0,13.0,34.0,58.0,32.0,40.0
43,13.0,20.0,16.0,9.0,12.0,36.0,90.0,16.0,50.0,37.0,38.0,15.0,9.0,128.0,93.0,10.0,237.0,72.0,45.0,63.0,15.0,35.0,14.0,14.0,500.0,20.0,101.0,64.0,10.0,10.0,35.0,51.0,9.0,10.0,168.0,9.0,29.0,10.0,10.0,80.0,46.0,40.0,28.0,17.0,22.0,13.0,22.0,64.0,58.0,28.0
44,11.0,20.0,16.0,16.0,10.0,19.0,119.0,18.0,48.0,49.0,37.0,18.0,10.0,239.0,59.0,14.0,212.0,24.0,34.0,54.0,21.0,23.0,81.0,28.0,500.0,22.0,67.0,18.0,31.0,10.0,18.0,53.0,10.0,10.0,214.0,9.0,43.0,10.0,9.0,139.0,74.0,35.0,11.0,16.0,17.0,25.0,31.0,54.0,46.0,117.0
45,29.0,21.0,16.0,9.0,15.0,63.0,77.0,17.0,41.0,16.0,13.0,25.0,10.0,172.0,25.0,34.0,246.0,51.0,24.0,65.0,37.0,48.0,37.0,63.0,500.0,21.0,85.0,12.0,25.0,10.0,14.0,43.0,11.0,10.0,172.0,11.0,30.0,10.0,11.0,118.0,75.0,34.0,9.0,16.0,25.0,18.0,25.0,44.0,33.0,39.0
46,35.0,19.0,16.0,12.0,23.0,11.0,97.0,19.0,39.0,32.0,15.0,45.0,9.0,177.0,109.0,16.0,229.0,54.0,15.0,25.0,17.0,15.0,60.0,28.0,500.0,17.0,76.0,19.0,11.0,10.0,11.0,77.0,10.0,12.0,152.0,14.0,20.0,10.0,10.0,89.0,31.0,70.0,13.0,20.0,27.0,26.0,36.0,33.0,28.0,33.0
47,58.0,22.0,15.0,14.0,13.0,40.0,109.0,59.0,41.0,51.0,26.0,25.0,10.0,163.0,31.0,14.0,285.0,37.0,113.0,111.0,13.0,60.0,77.0,17.0,500.0,22.0,91.0,38.0,41.0,10.0,12.0,117.0,10.0,10.0,218.0,15.0,36.0,10.0,10.0,86.0,131.0,66.0,18.0,17.0,22.0,22.0,12.0,55.0,46.0,24.0
48,19.0,22.0,16.0,12.0,15.0,36.0,74.0,13.0,39.0,19.0,30.0,29.0,10.0,170.0,42.0,15.0,216.0,29.0,54.0,25.0,10.0,75.0,46.0,60.0,500.0,20.0,69.0,17.0,29.0,10.0,11.0,23.0,9.0,10.0,126.0,9.0,57.0,10.0,27.0,144.0,87.0,37.0,31.0,17.0,14.0,11.0,38.0,58.0,41.0,23.0
49,13.0,21.0,15.0,16.0,11.0,27.0,128.0,34.0,41.0,49.0,16.0,23.0,10.0,148.0,53.0,13.0,281.0,52.0,98.0,48.0,26.0,25.0,48.0,12.0,500.0,23.0,104.0,20.0,103.0,10.0,38.0,76.0,9.0,10.0,152.0,22.0,56.0,10.0,11.0,154.0,186.0,33.0,25.0,19.0,17.0,22.0,34.0,68.0,60.0,23.0
50,15.0,22.0,16.0,22.0,9.0,37.0,18.0,10.0,37.0,32.0,16.0,40.0,12.0,114.0,30.0,14.0,229.0,65.0,25.0,181.0,15.0,17.0,63.0,23.0,500.0,23.0,85.0,16.0,39.0,10.0,20.0,19.0,9.0,10.0,178.0,14.0,16.0,10.0,9.0,93.0,166.0,67.0,20.0,17.0,26.0,15.0,17.0,66.0,84.0,17.0
51,54.0,22.0,16.0,15.0,24.0,31.0,67.0,16.0,37.0,60.0,17.0,16.0,9.0,109.0,39.0,13.0,262.0,140.0,58.0,52.0,9.0,24.0,26.0,65.0,500.0,20.0,107.0,14.0,73.0,10.0,20.0,111.0,9.0,10.0,146.0,35.0,38.0,10.0,18.0,89.0,69.0,61.0,10.0,20.0,12.0,15.0,32.0,57.0,87.0,40.0
52,12.0,21.0,15.0,12.0,22.0,44.0,36.0,29.0,38.0,29.0,39.0,31.0,9.0,163.0,27.0,14.0,334.0,29.0,39.0,41.0,11.0,22.0,46.0,39.0,500.0,23.0,101.0,25.0,23.0,10.0,27.0,131.0,12.0,10.0,127.0,16.0,24.0,10.0,9.0,65.0,90.0,56.0,23.0,17.0,16.0,23.0,22.0,70.0,97.0,18.0
53,21.0,21.0,16.0,11.0,14.0,59.0,69.0,23.0,39.0,29.0,31.0,41.0,9.0,160.0,40.0,17.0,262.0,61.0,122.0,50.0,14.0,43.0,142.0,47.0,500.0,21.0,95.0,20.0,83.0,10.0,16.0,51.0,9.0,10.0,136.0,36.0,41.0,10.0,16.0,114.0,141.0,57.0,10.0,19.0,13.0,16.0,27.0,147.0,132.0,66.0
54,26.0,19.0,15.0,21.0,12.0,20.0,117.0,25.0,39.0,57.0,27.0,17.0,9.0,101.0,32.0,13.0,445.0,72.0,38.0,88.0,17.0,33.0,31.0,17.0,500.0,20.0,89.0,21.0,48.0,10.0,19.0,44.0,9.0,10.0,204.0,16.0,23.0,10.0,17.0,106.0,130.0,140.0,22.0,18.0,12.0,11.0,15.0,75.0,83.0,36.0
55,14.0,20.0,16.0,19.0,27.0,32.0,113.0,27.0,43.0,63.0,23.0,32.0,10.0,171.0,41.0,16.0,499.0,86.0,33.0,78.0,11.0,20.0,183.0,10.0,500.0,24.0,89.0,13.0,30.0,10.0,26.0,97.0,10.0,10.0,119.0,41.0,37.0,10.0,10.0,135.0,181.0,50.0,33.0,16.0,23.0,12.0,69.0,60.0,83.0,42.0
56,20.0,20.0,15.0,15.0,12.0,26.0,67.0,27.0,39.0,26.0,14.0,26.0,12.0,100.0,42.0,9.0,187.0,33.0,28.0,89.0,13.0,54.0,62.0,15.0,500.0,22.0,98.0,12.0,35.0,10.0,12.0,31.0,9.0,10.0,156.0,16.0,37.0,10.0,9.0,285.0,138.0,44.0,19.0,18.0,12.0,16.0,13.0,69.0,162.0,78.0
57,83.0,19.0,15.0,46.0,19.0,21.0,66.0,11.0,42.0,22.0,19.0,11.0,10.0,142.0,51.0,10.0,154.0,31.0,161.0,147.0,19.0,32.0,117.0,88.0,500.0,27.0,109.0,19.0,61.0,10.0,62.0,57.0,9.0,10.0,107.0,52.0,39.0,10.0,10.0,92.0,151.0,37.0,28.0,15.0,10.0,21.0,21.0,61.0,138.0,105.0
58,18.0,19.0,15.0,21.0,18.0,17.0,143.0,12.0,45.0,34.0,31.0,28.0,10.0,121.0,49.0,12.0,476.0,54.0,74.0,80.0,20.0,60.0,85.0,11.0,500.0,27.0,121.0,14.0,28.0,10.0,23.0,80.0,12.0,10.0,140.0,25.0,38.0,10.0,10.0,103.0,178.0,72.0,33.0,16.0,12.0,27.0,74.0,38.0,42.0,36.0
59,22.0,19.0,14.0,18.0,13.0,29.0,119.0,21.0,47.0,19.0,26.0,17.0,10.0,120.0,35.0,17.0,404.0,63.0,115.0,144.0,23.0,13.0,81.0,26.0,500.0,30.0,158.0,47.0,17.0,10.0,99.0,27.0,10.0,10.0,169.0,9.0,61.0,10.0,9.0,114.0,325.0,56.0,15.0,17.0,13.0,13.0,45.0,62.0,47.0,54.0
60,30.0,18.0,14.0,58.0,12.0,48.0,298.0,15.0,45.0,65.0,15.0,23.0,10.0,197.0,35.0,20.0,242.0,42.0,27.0,54.0,13.0,23.0,205.0,109.0,500.0,32.0,176.0,18.0,36.0,10.0,17.0,95.0,10.0,10.0,139.0,54.0,34.0,10.0,11.0,86.0,355.0,78.0,16.0,13.0,19.0,16.0,55.0,51.0,85.0,27.0
61,26.0,17.0,15.0,37.0,46.0,31.0,49.0,46.0,52.0,37.0,25.0,66.0,11.0,140.0,71.0,10.0,481.0,37.0,77.0,126.0,14.0,19.0,227.0,18.0,500.0,40.0,253.0,13.0,59.0,10.0,34.0,75.0,9.0,10.0,134.0,54.0,45.0,10.0,9.0,185.0,297.0,148.0,45.0,11.0,28.0,11.0,58.0,29.0,149.0,50.0
62,18.0,16.0,15.0,70.0,19.0,32.0,130.0,94.0,44.0,29.0,29.0,35.0,9.0,151.0,56.0,17.0,421.0,74.0,173.0,110.0,41.0,16.0,65.0,119.0,500.0,35.0,359.0,18.0,40.0,10.0,29.0,75.0,9.0,10.0,151.0,12.0,95.0,10.0,16.0,290.0,405.0,137.0,14.0,14.0,26.0,11.0,36.0,57.0,123.0,27.0
63,22.0,18.0,14.0,44.0,28.0,16.0,180.0,23.0,45.0,28.0,34.0,24.0,14.0,256.0,35.0,25.0,404.0,64.0,26.0,73.0,17.0,22.0,77.0,46.0,500.0,36.0,500.0,14.0,99.0,10.0,22.0,107.0,10.0,10.0,134.0,22.0,48.0,10.0,10.0,148.0,244.0,102.0,15.0,14.0,14.0,15.0,29.0,45.0,181.0,88.0
64,37.0,16.0,14.0,79.0,9.0,23.0,91.0,17.0,49.0,47.0,32.0,36.0,10.0,164.0,51.0,20.0,348.0,38.0,19.0,121.0,9.0,13.0,172.0,77.0,500.0,39.0,500.0,35.0,17.0,10.0,11.0,109.0,9.0,10.0,164.0,13.0,25.0,10.0,9.0,131.0,115.0,85.0,14.0,13.0,13.0,40.0,33.0,60.0,228.0,22.0
65,16.0,16.0,14.0,27.0,35.0,23.0,144.0,21.0,45.0,19.0,14.0,28.0,10.0,148.0,47.0,15.0,500.0,64.0,109.0,130.0,31.0,22.0,65.0,50.0,500.0,43.0,500.0,12.0,74.0,10.0,19.0,218.0,10.0,10.0,165.0,13.0,54.0,10.0,10.0,361.0,94.0,137.0,13.0,12.0,14.0,18.0,37.0,55.0,102.0,41.0
66,16.0,16.0,15.0,51.0,15.0,28.0,239.0,20.0,45.0,68.0,50.0,21.0,10.0,145.0,53.0,18.0,500.0,52.0,121.0,350.0,25.0,36.0,200.0,82.0,500.0,44.0,500.0,24.0,15.0,10.0,22.0,156.0,10.0,10.0,149.0,19.0,30.0,10.0,11.0,208.0,104.0,29.0,90.0,11.0,12.0,23.0,35.0,30.0,475.0,50.0
67,47.0,16.0,15.0,162.0,27.0,51.0,98.0,32.0,49.0,38.0,61.0,39.0,10.0,161.0,99.0,13.0,500.0,84.0,30.0,179.0,22.0,15.0,119.0,34.0,500.0,35.0,500.0,15.0,23.0,10.0,26.0,151.0,10.0,10.0,143.0,18.0,40.0,10.0,9.0,136.0,130.0,63.0,18.0,11.0,19.0,58.0,87.0,73.0,185.0,21.0
68,27.0,15.0,16.0,110.0,15.0,34.0,117.0,50.0,49.0,40.0,65.0,30.0,10.0,113.0,113.0,23.0,500.0,112.0,144.0,44.0,18.0,25.0,186.0,59.0,500.0,40.0,500.0,18.0,20.0,10.0,43.0,105.0,9.0,10.0,154.0,27.0,44.0,10.0,12.0,241.0,107.0,74.0,9.0,10.0,20.0,15.0,27.0,63.0,119.0,62.0
69,9.0,14.0,15.0,177.0,76.0,28.0,117.0,20.0,46.0,72.0,32.0,38.0,10.0,106.0,38.0,13.0,267.0,38.0,97.0,180.0,29.0,47.0,174.0,17.0,500.0,40.0,500.0,11.0,20.0,10.0,29.0,93.0,10.0,10.0,151.0,31.0,49.0,10.0,11.0,130.0,92.0,80.0,12.0,9.0,18.0,18.0,22.0,44.0,147.0,58.0
70,38.0,15.0,16.0,160.0,16.0,14.0,228.0,22.0,49.0,70.0,202.0,33.0,10.0,109.0,175.0,17.0,500.0,64.0,46.0,155.0,18.0,17.0,178.0,84.0,500.0,41.0,500.0,59.0,20.0,10.0,28.0,53.0,10.0,10.0,161.0,17.0,33.0,10.0,11.0,133.0,82.0,151.0,56.0,9.0,19.0,23.0,47.0,85.0,149.0,30.0
71,53.0,16.0,16.0,112.0,20.0,84.0,46.0,110.0,49.0,77.0,43.0,19.0,10.0,117.0,135.0,18.0,369.0,80.0,32.0,173.0,35.0,20.0,403.0,100.0,500.0,44.0,500.0,18.0,15.0,10.0,11.0,143.0,10.0,10.0,155.0,33.0,107.0,10.0,12.0,199.0,71.0,77.0,35.0,9.0,12.0,16.0,22.0,88.0,287.0,45.0
72,18.0,15.0,16.0,158.0,16.0,40.0,19.0,45.0,46.0,29.0,30.0,19.0,10.0,102.0,286.0,11.0,294.0,92.0,128.0,139.0,25.0,36.0,263.0,87.0,500.0,35.0,371.0,12.0,27.0,10.0,26.0,146.0,10.0,10.0,181.0,21.0,167.0,10.0,13.0,132.0,78.0,85.0,21.0,9.0,9.0,31.0,45.0,71.0,193.0,36.0
73,15.0,14.0,16.0,155.0,19.0,26.0,81.0,14.0,57.0,35.0,44.0,23.0,10.0,75.0,148.0,35.0,271.0,76.0,97.0,300.0,22.0,21.0,500.0,86.0,500.0,36.0,235.0,30.0,50.0,10.0,17.0,192.0,10.0,10.0,205.0,17.0,37.0,10.0,10.0,186.0,76.0,190.0,19.0,9.0,12.0,20.0,25.0,93.0,281.0,62.0
74,10.0,17.0,16.0,263.0,70.0,77.0,110.0,37.0,58.0,31.0,59.0,27.0,10.0,92.0,305.0,29.0,164.0,42.0,29.0,139.0,25.0,22.0,430.0,51.0,417.0,33.0,500.0,21.0,32.0,10.0,13.0,141.0,10.0,10.0,164.0,20.0,45.0,10.0,13.0,164.0,84.0,245.0,23.0,9.0,11.0,46.0,93.0,67.0,344.0,116.0
75,14.0,13.0,16.0,340.0,14.0,19.0,123.0,58.0,58.0,49.0,79.0,27.0,10.0,102.0,129.0,10.0,189.0,259.0,232.0,400.0,39.0,34.0,285.0,43.0,310.0,33.0,399.0,28.0,23.0,10.0,13.0,162.0,9.0,10.0,267.0,13.0,13.0,10.0,12.0,117.0,33.0,69.0,24.0,9.0,16.0,22.0,38.0,81.0,158.0,39.0
76,22.0,12.0,16.0,74.0,48.0,21.0,272.0,99.0,54.0,58.0,92.0,42.0,10.0,110.0,142.0,11.0,165.0,44.0,94.0,187.0,87.0,14.0,194.0,57.0,240.0,38.0,495.0,21.0,33.0,10.0,32.0,161.0,9.0,10.0,275.0,15.0,60.0,10.0,10.0,193.0,87.0,127.0,44.0,9.0,13.0,36.0,24.0,104.0,152.0,48.0
77,30.0,14.0,17.0,283.0,20.0,22.0,51.0,32.0,62.0,37.0,103.0,20.0,10.0,98.0,142.0,21.0,178.0,89.0,215.0,42.0,17.0,27.0,191.0,57.0,204.0,37.0,297.0,23.0,39.0,10.0,13.0,266.0,9.0,10.0,304.0,39.0,99.0,10.0,14.0,164.0,36.0,147.0,9.0,9.0,18.0,84.0,50.0,89.0,225.0,55.0
78,19.0,16.0,17.0,365.0,26.0,24.0,235.0,51.0,100.0,63.0,15.0,15.0,10.0,101.0,167.0,24.0,225.0,126.0,167.0,152.0,28.0,81.0,147.0,71.0,179.0,38.0,500.0,26.0,61.0,10.0,19.0,95.0,9.0,10.0,385.0,12.0,77.0,10.0,10.0,196.0,32.0,264.0,20.0,9.0,44.0,18.0,69.0,35.0,137.0,54.0
79,39.0,15.0,18.0,142.0,41.0,49.0,230.0,30.0,61.0,42.0,65.0,28.0,10.0,79.0,89.0,17.0,173.0,39.0,274.0,177.0,17.0,11.0,119.0,79.0,159.0,32.0,500.0,13.0,53.0,10.0,32.0,132.0,9.0,10.0,207.0,25.0,66.0,10.0,9.0,95.0,35.0,282.0,32.0,9.0,10.0,40.0,57.0,52.0,188.0,41.0
80,20.0,17.0,18.0,500.0,31.0,22.0,102.0,29.0,100.0,90.0,36.0,30.0,10.0,93.0,91.0,18.0,109.0,91.0,229.0,162.0,29.0,21.0,125.0,123.0,154.0,46.0,500.0,29.0,19.0,10.0,14.0,273.0,9.0,10.0,447.0,28.0,180.0,10.0,16.0,102.0,44.0,228.0,21.0,9.0,12.0,50.0,34.0,58.0,326.0,70.0
81,14.0,16.0,17.0,378.0,46.0,53.0,130.0,34.0,54.0,30.0,123.0,74.0,10.0,94.0,92.0,16.0,175.0,159.0,118.0,104.0,47.0,24.0,86.0,89.0,145.0,37.0,426.0,22.0,38.0,10.0,13.0,398.0,9.0,10.0,324.0,13.0,46.0,10.0,9.0,169.0,66.0,52.0,17.0,9.0,17.0,25.0,45.0,123.0,229.0,45.0
82,13.0,17.0,18.0,135.0,57.0,18.0,166.0,114.0,58.0,31.0,90.0,12.0,10.0,85.0,85.0,14.0,176.0,115.0,87.0,33.0,41.0,22.0,88.0,43.0,137.0,43.0,500.0,29.0,77.0,12.0,18.0,145.0,10.0,12.0,294.0,26.0,29.0,10.0,14.0,109.0,29.0,150.0,12.0,9.0,17.0,27.0,64.0,99.0,198.0,80.0
83,12.0,17.0,18.0,404.0,73.0,25.0,273.0,72.0,60.0,27.0,62.0,44.0,10.0,102.0,77.0,12.0,170.0,143.0,123.0,126.0,56.0,44.0,90.0,135.0,132.0,57.0,124.0,21.0,25.0,10.0,58.0,154.0,10.0,10.0,289.0,15.0,65.0,10.0,9.0,174.0,37.0,269.0,17.0,9.0,28.0,50.0,71.0,37.0,214.0,35.0
84,31.0,19.0,18.0,500.0,27.0,10.0,261.0,93.0,58.0,36.0,109.0,54.0,10.0,111.0,60.0,14.0,152.0,65.0,34.0,162.0,31.0,52.0,86.0,57.0,128.0,46.0,432.0,108.0,18.0,10.0,26.0,42.0,10.0,10.0,500.0,17.0,87.0,10.0,13.0,155.0,42.0,378.0,30.0,9.0,20.0,75.0,68.0,151.0,212.0,73.0
85,11.0,19.0,18.0,499.0,12.0,54.0,333.0,59.0,47.0,44.0,158.0,24.0,10.0,85.0,61.0,16.0,164.0,90.0,95.0,192.0,18.0,16.0,84.0,34.0,128.0,57.0,500.0,35.0,22.0,9.0,30.0,378.0,9.0,10.0,443.0,11.0,21.0,10.0,10.0,163.0,43.0,206.0,14.0,9.0,20.0,35.0,38.0,49.0,205.0,66.0
86,16.0,19.0,19.0,393.0,11.0,42.0,286.0,172.0,46.0,81.0,78.0,38.0,10.0,94.0,56.0,28.0,125.0,59.0,95.0,98.0,43.0,22.0,78.0,54.0,117.0,72.0,500.0,63.0,48.0,10.0,75.0,199.0,9.0,10.0,292.0,11.0,27.0,10.0,11.0,134.0,49.0,185.0,11.0,9.0,10.0,28.0,91.0,108.0,115.0,85.0
87,44.0,22.0,18.0,299.0,98.0,20.0,137.0,89.0,43.0,62.0,15.0,51.0,10.0,110.0,55.0,26.0,113.0,88.0,56.0,132.0,28.0,21.0,80.0,57.0,122.0,62.0,500.0,21.0,31.0,10.0,11.0,273.0,10.0,10.0,277.0,21.0,48.0,10.0,9.0,151.0,57.0,147.0,25.0,9.0,11.0,25.0,98.0,149.0,128.0,31.0
88,16.0,21.0,19.0,246.0,20.0,27.0,211.0,35.0,44.0,50.0,141.0,22.0,10.0,87.0,52.0,22.0,107.0,46.0,71.0,128.0,42.0,23.0,78.0,86.0,123.0,108.0,500.0,60.0,39.0,10.0,12.0,114.0,10.0,10.0,215.0,18.0,43.0,10.0,9.0,242.0,38.0,256.0,69.0,9.0,21.0,49.0,53.0,98.0,269.0,60.0
89,50.0,22.0,19.0,210.0,35.0,37.0,158.0,123.0,39.0,59.0,38.0,30.0,10.0,116.0,48.0,18.0,104.0,89.0,129.0,174.0,57.0,72.0,71.0,83.0,121.0,114.0,500.0,18.0,22.0,10.0,48.0,210.0,12.0,10.0,180.0,33.0,72.0,10.0,12.0,290.0,49.0,112.0,23.0,9.0,24.0,38.0,100.0,27.0,227.0,26.0
90,19.0,20.0,20.0,164.0,67.0,31.0,151.0,135.0,39.0,81.0,162.0,37.0,10.0,119.0,42.0,22.0,87.0,96.0,40.0,143.0,96.0,20.0,71.0,74.0,117.0,103.0,500.0,16.0,111.0,10.0,119.0,280.0,10.0,10.0,133.0,12.0,52.0,10.0,9.0,212.0,39.0,163.0,25.0,9.0,9.0,35.0,118.0,171.0,418.0,38.0
91,18.0,20.0,18.0,123.0,71.0,24.0,249.0,49.0,38.0,55.0,40.0,25.0,10.0,104.0,40.0,15.0,133.0,37.0,40.0,160.0,29.0,30.0,69.0,62.0,119.0,215.0,500.0,11.0,74.0,10.0,17.0,213.0,9.0,10.0,129.0,13.0,66.0,10.0,13.0,400.0,56.0,189.0,40.0,9.0,10.0,19.0,112.0,134.0,255.0,63.0
92,51.0,22.0,18.0,101.0,50.0,32.0,193.0,107.0,39.0,43.0,110.0,40.0,10.0,91.0,42.0,36.0,90.0,120.0,118.0,174.0,21.0,29.0,79.0,42.0,117.0,74.0,500.0,24.0,32.0,10.0,26.0,248.0,9.0,10.0,130.0,17.0,81.0,10.0,9.0,101.0,46.0,151.0,23.0,9.0,11.0,34.0,167.0,85.0,279.0,66.0
93,39.0,20.0,19.0,90.0,35.0,40.0,317.0,98.0,36.0,35.0,68.0,19.0,10.0,117.0,40.0,18.0,104.0,115.0,256.0,225.0,14.0,19.0,63.0,94.0,120.0,73.0,500.0,13.0,107.0,10.0,36.0,133.0,10.0,10.0,123.0,10.0,95.0,10.0,17.0,151.0,47.0,107.0,24.0,9.0,12.0,58.0,130.0,117.0,315.0,47.0
94,28.0,23.0,18.0,87.0,37.0,29.0,179.0,177.0,37.0,38.0,108.0,29.0,10.0,111.0,37.0,21.0,89.0,91.0,109.0,103.0,84.0,17.0,60.0,53.0,119.0,60.0,500.0,16.0,43.0,10.0,12.0,211.0,9.0,10.0,132.0,18.0,33.0,10.0,11.0,200.0,66.0,125.0,29.0,9.0,29.0,44.0,164.0,90.0,240.0,83.0
95,47.0,20.0,19.0,105.0,106.0,30.0,154.0,90.0,35.0,42.0,156.0,18.0,10.0,92.0,39.0,25.0,94.0,115.0,78.0,167.0,24.0,57.0,63.0,152.0,116.0,59.0,500.0,36.0,17.0,10.0,20.0,186.0,9.0,10.0,124.0,24.0,81.0,10.0,12.0,326.0,58.0,119.0,10.0,9.0,19.0,81.0,38.0,111.0,222.0,69.0
96,10.0,23.0,19.0,120.0,116.0,18.0,233.0,44.0,38.0,60.0,115.0,33.0,10.0,87.0,37.0,15.0,107.0,150.0,171.0,266.0,59.0,38.0,54.0,89.0,121.0,52.0,500.0,14.0,49.0,10.0,42.0,119.0,10.0,10.0,120.0,12.0,75.0,10.0,9.0,185.0,56.0,162.0,40.0,9.0,27.0,79.0,109.0,155.0,390.0,26.0
97,39.0,22.0,18.0,140.0,47.0,33.0,248.0,171.0,36.0,55.0,86.0,37.0,10.0,103.0,33.0,20.0,110.0,27.0,65.0,181.0,26.0,10.0,61.0,28.0,121.0,42.0,500.0,32.0,54.0,10.0,24.0,272.0,10.0,10.0,123.0,49.0,47.0,10.0,15.0,427.0,46.0,183.0,19.0,9.0,40.0,40.0,35.0,90.0,261.0,62.0
98,30.0,23.0,17.0,155.0,15.0,14.0,196.0,58.0,35.0,49.0,89.0,22.0,10.0,93.0,35.0,11.0,118.0,64.0,85.0,239.0,45.0,15.0,58.0,89.0,117.0,35.0,500.0,28.0,36.0,10.0,25.0,160.0,9.0,10.0,120.0,39.0,24.0,10.0,12.0,175.0,52.0,119.0,19.0,9.0,9.0,38.0,103.0,208.0,395.0,50.0
99,50.0,23.0,18.0,204.0,73.0,48.0,145.0,120.0,35.0,61.0,102.0,38.0,10.0,107.0,38.0,12.0,117.0,127.0,229.0,176.0,27.0,13.0,51.0,123.0,123.0,31.0,500.0,54.0,75.0,10.0,30.0,204.0,10.0,10.0,116.0,16.0,42.0,10.0,12.0,277.0,51.0,122.0,34.0,9.0,14.0,57.0,50.0,132.0,500.0,81.0
100,17.0,21.0,19.0,235.0,63.0,43.0,136.0,135.0,35.0,84.0,278.0,25.0,10.0,81.0,36.0,19.0,81.0,144.0,142.0,131.0,26.0,14.0,47.0,64.0,125.0,33.0,500.0,12.0,32.0,10.0,38.0,260.0,9.0,12.0,112.0,53.0,51.0,10.0,9.0,260.0,39.0,154.0,22.0,9.0,77.0,88.0,59.0,132.0,187.0,53.0
101,61.0,23.0,18.0,276.0,69.0,78.0,123.0,392.0,37.0,40.0,44.0,18.0,12.0,94.0,37.0,24.0,112.0,64.0,227.0,254.0,40.0,23.0,42.0,164.0,131.0,34.0,500.0,32.0,112.0,10.0,14.0,135.0,9.0,10.0,119.0,25.0,126.0,10.0,15.0,360.0,44.0,169.0,64.0,9.0,27.0,67.0,125.0,146.0,410.0,52.0
102,37.0,20.0,18.0,320.0,124.0,52.0,336.0,90.0,37.0,27.0,83.0,15.0,10.0,94.0,37.0,56.0,94.0,41.0,125.0,419.0,44.0,24.0,50.0,58.0,140.0,36.0,500.0,33.0,95.0,10.0,54.0,257.0,10.0,10.0,113.0,31.0,134.0,10.0,9.0,240.0,52.0,44.0,14.0,9.0,19.0,33.0,55.0,217.0,442.0,48.0
103,24.0,21.0,17.0,488.0,79.0,24.0,355.0,211.0,35.0,62.0,182.0,34.0,10.0,93.0,39.0,14.0,72.0,91.0,195.0,172.0,52.0,14.0,39.0,72.0,147.0,40.0,500.0,16.0,49.0,10.0,96.0,180.0,9.0,10.0,108.0,12.0,120.0,10.0,9.0,263.0,53.0,126.0,37.0,9.0,23.0,44.0,107.0,158.0,434.0,40.0
104,24.0,24.0,18.0,500.0,36.0,43.0,212.0,168.0,36.0,20.0,248.0,32.0,10.0,84.0,38.0,18.0,99.0,240.0,165.0,269.0,67.0,21.0,34.0,241.0,151.0,40.0,500.0,44.0,60.0,10.0,20.0,237.0,10.0,12.0,99.0,54.0,104.0,10.0,23.0,212.0,53.0,144.0,46.0,9.0,30.0,76.0,106.0,98.0,201.0,91.0
105,21.0,21.0,16.0,500.0,88.0,38.0,171.0,253.0,37.0,69.0,58.0,16.0,10.0,99.0,42.0,13.0,101.0,101.0,111.0,69.0,26.0,49.0,38.0,100.0,159.0,45.0,500.0,22.0,24.0,10.0,12.0,186.0,10.0,10.0,101.0,20.0,77.0,10.0,10.0,395.0,52.0,140.0,18.0,9.0,41.0,57.0,172.0,168.0,349.0,37.0
106,11.0,21.0,17.0,423.0,86.0,18.0,155.0,173.0,39.0,50.0,181.0,29.0,10.0,89.0,38.0,18.0,71.0,167.0,222.0,394.0,20.0,52.0,36.0,108.0,168.0,45.0,500.0,14.0,24.0,10.0,28.0,215.0,9.0,10.0,119.0,30.0,144.0,10.0,10.0,327.0,67.0,120.0,16.0,9.0,11.0,112.0,73.0,107.0,205.0,47.0
107,24.0,21.0,18.0,392.0,76.0,17.0,183.0,183.0,37.0,36.0,100.0,15.0,10.0,107.0,43.0,22.0,71.0,158.0,131.0,235.0,164.0,17.0,35.0,172.0,185.0,42.0,500.0,22.0,169.0,10.0,32.0,286.0,9.0,10.0,113.0,25.0,169.0,10.0,10.0,397.0,53.0,172.0,44.0,9.0,20.0,64.0,143.0,229.0,437.0,38.0
108,21.0,24.0,19.0,351.0,46.0,32.0,141.0,277.0,39.0,87.0,386.0,16.0,10.0,109.0,40.0,20.0,69.0,141.0,266.0,231.0,66.0,25.0,31.0,193.0,46.0,42.0,500.0,18.0,24.0,10.0,28.0,185.0,10.0,10.0,122.0,16.0,93.0,10.0,12.0,416.0,56.0,154.0,11.0,9.0,16.0,99.0,155.0,202.0,348.0,48.0
109,18.0,20.0,16.0,284.0,50.0,33.0,126.0,170.0,39.0,22.0,112.0,60.0,10.0,124.0,43.0,10.0,100.0,110.0,106.0,219.0,34.0,35.0,30.0,216.0,217.0,43.0,500.0,32.0,100.0,10.0,21.0,293.0,10.0,10.0,123.0,17.0,107.0,10.0,10.0,384.0,60.0,142.0,17.0,9.0,13.0,71.0,38.0,154.0,500.0,30.0
110,17.0,23.0,18.0,300.0,57.0,46.0,177.0,98.0,41.0,59.0,183.0,37.0,10.0,91.0,40.0,22.0,79.0,85.0,113.0,179.0,66.0,13.0,29.0,100.0,220.0,51.0,500.0,26.0,30.0,10.0,49.0,277.0,10.0,10.0,117.0,19.0,310.0,10.0,14.0,500.0,114.0,142.0,16.0,9.0,11.0,101.0,99.0,264.0,456.0,27.0
111,53.0,22.0,19.0,306.0,95.0,71.0,209.0,182.0,41.0,89.0,120.0,41.0,10.0,94.0,45.0,46.0,66.0,99.0,177.0,358.0,75.0,10.0,26.0,123.0,241.0,45.0,500.0,26.0,50.0,10.0,30.0,249.0,9.0,10.0,115.0,11.0,94.0,10.0,14.0,500.0,70.0,250.0,25.0,9.0,18.0,48.0,116.0,234.0,113.0,65.0
112,11.0,22.0,21.0,304.0,38.0,23.0,146.0,104.0,41.0,50.0,101.0,39.0,10.0,122.0,40.0,18.0,70.0,160.0,148.0,243.0,13.0,19.0,25.0,92.0,257.0,42.0,500.0,53.0,83.0,10.0,17.0,197.0,9.0,10.0,128.0,20.0,103.0,10.0,12.0,500.0,119.0,249.0,35.0,9.0,10.0,57.0,126.0,210.0,323.0,84.0
113,73.0,22.0,20.0,319.0,86.0,32.0,154.0,161.0,41.0,26.0,305.0,28.0,10.0,124.0,36.0,20.0,77.0,137.0,88.0,500.0,33.0,26.0,26.0,89.0,294.0,47.0,500.0,11.0,47.0,10.0,56.0,77.0,10.0,10.0,122.0,70.0,171.0,10.0,10.0,500.0,127.0,238.0,24.0,9.0,22.0,44.0,58.0,149.0,500.0,21.0
114,27.0,24.0,21.0,326.0,101.0,19.0,179.0,219.0,46.0,59.0,270.0,56.0,9.0,120.0,40.0,21.0,63.0,78.0,148.0,177.0,118.0,12.0,23.0,185.0,353.0,48.0,500.0,45.0,48.0,10.0,95.0,202.0,10.0,10.0,133.0,31.0,58.0,10.0,10.0,500.0,117.0,124.0,15.0,9.0,14.0,44.0,132.0,191.0,194.0,48.0
115,22.0,24.0,22.0,301.0,155.0,56.0,125.0,139.0,44.0,133.0,194.0,37.0,10.0,123.0,40.0,11.0,105.0,93.0,123.0,453.0,105.0,36.0,23.0,148.0,419.0,53.0,500.0,15.0,110.0,10.0,51.0,348.0,10.0,9.0,123.0,48.0,50.0,10.0,10.0,500.0,130.0,190.0,23.0,9.0,13.0,48.0,65.0,164.0,192.0,32.0
116,17.0,24.0,22.0,278.0,118.0,27.0,128.0,118.0,51.0,48.0,187.0,38.0,10.0,137.0,41.0,11.0,132.0,283.0,108.0,217.0,42.0,26.0,22.0,97.0,466.0,45.0,500.0,44.0,98.0,10.0,31.0,450.0,10.0,10.0,124.0,51.0,118.0,10.0,10.0,375.0,116.0,60.0,14.0,9.0,39.0,60.0,133.0,180.0,167.0,45.0
117,25.0,26.0,25.0,252.0,127.0,29.0,140.0,209.0,52.0,40.0,265.0,43.0,10.0,120.0,40.0,17.0,105.0,65.0,153.0,220.0,183.0,32.0,22.0,144.0,500.0,54.0,500.0,18.0,89.0,10.0,74.0,146.0,9.0,10.0,129.0,21.0,151.0,10.0,10.0,500.0,119.0,188.0,13.0,9.0,19.0,41.0,82.0,234.0,173.0,57.0
118,17.0,26.0,25.0,261.0,44.0,15.0,216.0,204.0,52.0,52.0,218.0,23.0,10.0,107.0,36.0,34.0,123.0,303.0,264.0,241.0,95.0,29.0,22.0,109.0,500.0,49.0,500.0,15.0,57.0,10.0,14.0,270.0,10.0,10.0,121.0,52.0,140.0,10.0,11.0,500.0,111.0,121.0,30.0,9.0,18.0,37.0,153.0,284.0,130.0,74.0
119,27.0,27.0,22.0,233.0,75.0,15.0,170.0,117.0,47.0,44.0,128.0,44.0,10.0,156.0,40.0,15.0,100.0,244.0,182.0,179.0,112.0,18.0,22.0,145.0,500.0,48.0,500.0,49.0,123.0,10.0,26.0,268.0,9.0,10.0,129.0,16.0,57.0,10.0,12.0,500.0,111.0,287.0,17.0,9.0,23.0,41.0,85.0,304.0,245.0,46.0
120,26.0,26.0,24.0,228.0,110.0,114.0,132.0,249.0,52.0,47.0,59.0,19.0,10.0,219.0,35.0,68.0,155.0,147.0,121.0,245.0,128.0,25.0,24.0,87.0,500.0,54.0,500.0,15.0,71.0,10.0,29.0,337.0,9.0,10.0,125.0,12.0,129.0,10.0,12.0,500.0,108.0,136.0,50.0,9.0,18.0,43.0,40.0,290.0,143.0,77.0
121,15.0,27.0,25.0,213.0,29.0,11.0,179.0,143.0,63.0,50.0,118.0,33.0,10.0,138.0,40.0,14.0,140.0,103.0,75.0,172.0,51.0,45.0,20.0,193.0,500.0,46.0,500.0,9.0,24.0,10.0,66.0,274.0,10.0,10.0,126.0,10.0,78.0,10.0,10.0,500.0,125.0,339.0,19.0,9.0,11.0,32.0,43.0,220.0,131.0,60.0
122,18.0,26.0,23.0,207.0,41.0,27.0,135.0,145.0,63.0,105.0,336.0,18.0,10.0,141.0,38.0,20.0,94.0,70.0,177.0,169.0,35.0,48.0,21.0,127.0,500.0,45.0,500.0,25.0,82.0,10.0,58.0,243.0,10.0,10.0,127.0,16.0,94.0,10.0,10.0,500.0,107.0,208.0,43.0,9.0,29.0,42.0,89.0,143.0,106.0,45.0
123,24.0,28.0,24.0,203.0,88.0,36.0,166.0,170.0,63.0,57.0,131.0,19.0,10.0,159.0,42.0,18.0,97.0,89.0,88.0,231.0,112.0,42.0,19.0,118.0,490.0,52.0,500.0,29.0,172.0,10.0,20.0,500.0,10.0,10.0,122.0,11.0,167.0,10.0,10.0,500.0,103.0,318.0,12.0,9.0,19.0,38.0,107.0,276.0,95.0,82.0
124,20.0,25.0,24.0,206.0,52.0,22.0,186.0,139.0,63.0,38.0,111.0,28.0,10.0,230.0,38.0,43.0,152.0,71.0,94.0,216.0,102.0,55.0,21.0,264.0,434.0,55.0,500.0,21.0,27.0,10.0,34.0,173.0,9.0,10.0,119.0,61.0,71.0,10.0,16.0,462.0,106.0,487.0,37.0,9.0,26.0,29.0,143.0,189.0,93.0,67.0
125,20.0,28.0,24.0,202.0,229.0,16.0,179.0,125.0,64.0,120.0,40.0,27.0,10.0,180.0,37.0,14.0,99.0,90.0,142.0,187.0,64.0,37.0,21.0,132.0,369.0,53.0,500.0,18.0,181.0,10.0,33.0,284.0,9.0,10.0,121.0,72.0,95.0,10.0,12.0,500.0,111.0,170.0,48.0,9.0,28.0,39.0,44.0,150.0,129.0,36.0
126,14.0,28.0,24.0,177.0,60.0,29.0,218.0,238.0,104.0,37.0,117.0,19.0,10.0,149.0,36.0,32.0,132.0,55.0,132.0,158.0,45.0,44.0,22.0,19.0,297.0,44.0,500.0,11.0,93.0,10.0,29.0,197.0,9.0,10.0,123.0,37.0,69.0,10.0,9.0,343.0,182.0,212.0,57.0,9.0,20.0,26.0,171.0,242.0,100.0,54.0
127,20.0,28.0,25.0,192.0,147.0,31.0,216.0,226.0,68.0,21.0,65.0,25.0,10.0,155.0,36.0,24.0,95.0,177.0,140.0,182.0,109.0,23.0,23.0,152.0,27.0,46.0,500.0,47.0,115.0,10.0,31.0,163.0,10.0,10.0,123.0,33.0,49.0,10.0,10.0,500.0,106.0,124.0,65.0,9.0,11.0,44.0,64.0,248.0,138.0,51.0
128,22.0,28.0,24.0,187.0,91.0,35.0,412.0,190.0,104.0,79.0,118.0,45.0,10.0,132.0,39.0,15.0,130.0,52.0,219.0,249.0,61.0,45.0,17.0,105.0,197.0,62.0,500.0,38.0,36.0,10.0,37.0,225.0,9.0,12.0,124.0,11.0,86.0,10.0,15.0,500.0,352.0,500.0,25.0,9.0,19.0,31.0,98.0,212.0,88.0,32.0
129,21.0,28.0,25.0,189.0,39.0,19.0,178.0,173.0,67.0,33.0,37.0,32.0,10.0,161.0,40.0,21.0,79.0,168.0,189.0,188.0,50.0,21.0,20.0,88.0,170.0,81.0,500.0,84.0,77.0,10.0,158.0,255.0,9.0,10.0,117.0,15.0,74.0,10.0,9.0,500.0,106.0,196.0,11.0,9.0,60.0,21.0,109.0,363.0,100.0,64.0
130,48.0,26.0,26.0,190.0,88.0,55.0,258.0,93.0,105.0,36.0,132.0,31.0,10.0,132.0,33.0,13.0,69.0,278.0,97.0,148.0,338.0,15.0,20.0,133.0,150.0,117.0,500.0,10.0,121.0,10.0,21.0,196.0,9.0,10.0,121.0,33.0,109.0,10.0,14.0,500.0,500.0,189.0,27.0,9.0,19.0,32.0,128.0,223.0,86.0,96.0
131,60.0,29.0,25.0,208.0,149.0,103.0,192.0,104.0,105.0,48.0,175.0,32.0,10.0,167.0,36.0,26.0,159.0,141.0,91.0,180.0,134.0,45.0,19.0,230.0,129.0,123.0,500.0,49.0,93.0,10.0,81.0,351.0,9.0,10.0,114.0,12.0,87.0,10.0,11.0,500.0,500.0,279.0,21.0,9.0,14.0,45.0,101.0,285.0,69.0,68.0
132,18.0,28.0,25.0,209.0,151.0,47.0,378.0,155.0,106.0,54.0,76.0,39.0,10.0,134.0,38.0,11.0,146.0,100.0,141.0,205.0,61.0,30.0,18.0,122.0,113.0,126.0,500.0,47.0,21.0,10.0,52.0,356.0,10.0,10.0,112.0,18.0,62.0,10.0,10.0,198.0,500.0,500.0,64.0,9.0,24.0,34.0,199.0,159.0,117.0,53.0
133,36.0,29.0,25.0,212.0,92.0,69.0,167.0,80.0,105.0,54.0,85.0,33.0,10.0,177.0,31.0,15.0,178.0,500.0,256.0,226.0,93.0,42.0,17.0,96.0,13.0,125.0,500.0,36.0,150.0,10.0,17.0,268.0,9.0,10.0,112.0,12.0,54.0,10.0,10.0,500.0,495.0,289.0,18.0,9.0,23.0,33.0,174.0,233.0,135.0,135.0
134,14.0,28.0,26.0,243.0,130.0,21.0,253.0,202.0,106.0,57.0,142.0,15.0,10.0,134.0,34.0,17.0,130.0,178.0,197.0,221.0,125.0,32.0,20.0,159.0,12.0,117.0,500.0,32.0,122.0,10.0,76.0,178.0,9.0,10.0,112.0,12.0,112.0,10.0,10.0,254.0,500.0,402.0,22.0,9.0,18.0,40.0,57.0,326.0,123.0,35.0
135,41.0,30.0,23.0,240.0,276.0,29.0,250.0,101.0,106.0,46.0,129.0,19.0,10.0,180.0,31.0,18.0,125.0,341.0,98.0,192.0,51.0,19.0,17.0,95.0,10.0,131.0,500.0,86.0,34.0,12.0,13.0,228.0,10.0,10.0,109.0,30.0,63.0,10.0,12.0,500.0,500.0,222.0,25.0,9.0,33.0,49.0,89.0,442.0,242.0,41.0
136,51.0,28.0,25.0,295.0,259.0,37.0,153.0,191.0,106.0,45.0,127.0,60.0,10.0,147.0,33.0,16.0,154.0,66.0,199.0,217.0,32.0,13.0,20.0,203.0,9.0,126.0,500.0,33.0,231.0,10.0,28.0,346.0,10.0,10.0,102.0,49.0,87.0,10.0,9.0,151.0,500.0,229.0,30.0,9.0,15.0,40.0,71.0,81.0,91.0,64.0
137,28.0,30.0,24.0,309.0,143.0,17.0,217.0,185.0,106.0,117.0,93.0,44.0,10.0,174.0,35.0,59.0,123.0,140.0,390.0,315.0,38.0,40.0,19.0,211.0,9.0,129.0,500.0,69.0,57.0,10.0,27.0,259.0,10.0,10.0,110.0,25.0,57.0,10.0,15.0,380.0,500.0,358.0,24.0,9.0,24.0,37.0,108.0,249.0,105.0,120.0
138,17.0,29.0,24.0,383.0,122.0,73.0,235.0,213.0,110.0,135.0,112.0,61.0,10.0,157.0,32.0,22.0,87.0,135.0,208.0,311.0,61.0,31.0,19.0,136.0,9.0,127.0,500.0,19.0,102.0,10.0,32.0,280.0,9.0,10.0,107.0,14.0,77.0,10.0,20.0,258.0,500.0,171.0,68.0,9.0,26.0,50.0,27.0,261.0,126.0,95.0
139,25.0,29.0,25.0,406.0,308.0,21.0,271.0,97.0,108.0,86.0,141.0,68.0,10.0,156.0,31.0,43.0,120.0,500.0,244.0,307.0,130.0,27.0,18.0,182.0,10.0,140.0,500.0,13.0,40.0,12.0,95.0,316.0,9.0,10.0,100.0,16.0,111.0,10.0,14.0,370.0,500.0,318.0,10.0,9.0,18.0,30.0,77.0,271.0,129.0,34.0
140,45.0,32.0,25.0,417.0,354.0,18.0,138.0,125.0,110.0,34.0,49.0,28.0,10.0,153.0,30.0,16.0,113.0,129.0,124.0,446.0,151.0,28.0,21.0,139.0,9.0,133.0,285.0,41.0,152.0,10.0,33.0,222.0,9.0,10.0,106.0,25.0,55.0,10.0,9.0,384.0,500.0,142.0,19.0,9.0,17.0,44.0,95.0,449.0,141.0,71.0
141,41.0,30.0,25.0,478.0,218.0,49.0,168.0,254.0,110.0,58.0,253.0,10.0,10.0,189.0,27.0,22.0,134.0,81.0,325.0,479.0,49.0,97.0,17.0,90.0,9.0,183.0,295.0,58.0,172.0,10.0,20.0,256.0,9.0,10.0,104.0,42.0,97.0,10.0,12.0,500.0,500.0,500.0,57.0,9.0,15.0,41.0,137.0,340.0,146.0,139.0
142,38.0,28.0,25.0,488.0,275.0,25.0,152.0,169.0,111.0,73.0,126.0,14.0,10.0,180.0,33.0,32.0,94.0,500.0,163.0,221.0,116.0,25.0,18.0,205.0,9.0,190.0,213.0,37.0,118.0,10.0,59.0,187.0,10.0,10.0,108.0,15.0,55.0,10.0,9.0,165.0,500.0,243.0,30.0,9.0,16.0,52.0,104.0,445.0,144.0,175.0
143,51.0,31.0,24.0,500.0,280.0,35.0,347.0,155.0,116.0,62.0,164.0,15.0,10.0,141.0,31.0,17.0,121.0,31.0,119.0,500.0,69.0,84.0,22.0,300.0,9.0,127.0,146.0,29.0,118.0,10.0,38.0,206.0,9.0,10.0,109.0,28.0,136.0,10.0,11.0,224.0,500.0,220.0,15.0,9.0,12.0,52.0,102.0,134.0,141.0,415.0
144,78.0,29.0,27.0,496.0,231.0,23.0,103.0,168.0,121.0,69.0,60.0,43.0,10.0,162.0,32.0,16.0,130.0,226.0,183.0,111.0,15.0,33.0,17.0,209.0,9.0,211.0,205.0,25.0,250.0,10.0,20.0,160.0,9.0,10.0,105.0,14.0,88.0,10.0,10.0,279.0,500.0,370.0,39.0,9.0,53.0,50.0,43.0,423.0,149.0,219.0
145,17.0,30.0,26.0,500.0,233.0,25.0,135.0,186.0,114.0,40.0,118.0,37.0,10.0,185.0,29.0,23.0,126.0,248.0,67.0,318.0,47.0,104.0,18.0,238.0,9.0,192.0,311.0,15.0,193.0,10.0,15.0,244.0,9.0,10.0,112.0,79.0,148.0,10.0,14.0,374.0,500.0,126.0,32.0,9.0,15.0,62.0,108.0,384.0,154.0,321.0
146,70.0,33.0,26.0,500.0,325.0,58.0,205.0,151.0,118.0,41.0,200.0,56.0,10.0,176.0,31.0,17.0,119.0,210.0,159.0,500.0,60.0,33.0,22.0,182.0,9.0,205.0,307.0,26.0,66.0,10.0,30.0,408.0,9.0,10.0,120.0,19.0,101.0,10.0,11.0,358.0,500.0,277.0,17.0,9.0,17.0,46.0,107.0,339.0,180.0,82.0
147,65.0,30.0,27.0,500.0,295.0,19.0,166.0,243.0,120.0,76.0,135.0,44.0,10.0,167.0,28.0,40.0,160.0,470.0,183.0,402.0,89.0,26.0,22.0,152.0,9.0,301.0,276.0,15.0,160.0,10.0,52.0,353.0,9.0,10.0,118.0,25.0,62.0,10.0,10.0,241.0,500.0,223.0,71.0,9.0,21.0,72.0,93.0,176.0,151.0,128.0
148,49.0,29.0,27.0,500.0,195.0,57.0,112.0,221.0,120.0,76.0,151.0,58.0,10.0,219.0,33.0,51.0,153.0,116.0,114.0,274.0,206.0,29.0,22.0,304.0,9.0,305.0,357.0,15.0,162.0,10.0,64.0,250.0,10.0,10.0,118.0,17.0,138.0,10.0,9.0,176.0,500.0,414.0,68.0,9.0,18.0,70.0,150.0,254.0,227.0,128.0
149,23.0,31.0,27.0,500.0,226.0,40.0,116.0,427.0,128.0,49.0,159.0,47.0,10.0,157.0,33.0,35.0,139.0,192.0,257.0,500.0,104.0,17.0,19.0,224.0,9.0,319.0,500.0,26.0,131.0,10.0,27.0,273.0,9.0,10.0,126.0,10.0,147.0,10.0,10.0,466.0,500.0,327.0,24.0,9.0,20.0,73.0,76.0,326.0,149.0,500.0
150,18.0,31.0,27.0,500.0,231.0,64.0,175.0,127.0,128.0,40.0,119.0,19.0,12.0,179.0,33.0,24.0,126.0,243.0,227.0,379.0,108.0,87.0,23.0,170.0,9.0,422.0,500.0,19.0,205.0,10.0,74.0,413.0,9.0,10.0,129.0,21.0,112.0,10.0,10.0,459.0,500.0,285.0,47.0,9.0,27.0,137.0,132.0,165.0,358.0,290.0
151,37.0,32.0,27.0,500.0,485.0,23.0,125.0,216.0,131.0,71.0,138.0,28.0,10.0,183.0,31.0,92.0,144.0,474.0,155.0,276.0,306.0,39.0,22.0,147.0,9.0,351.0,500.0,40.0,239.0,10.0,26.0,415.0,9.0,10.0,126.0,21.0,174.0,10.0,10.0,374.0,500.0,319.0,20.0,9.0,21.0,146.0,93.0,132.0,195.0,381.0
152,46.0,30.0,28.0,500.0,237.0,30.0,310.0,234.0,134.0,44.0,279.0,51.0,10.0,236.0,29.0,18.0,128.0,235.0,406.0,291.0,30.0,33.0,21.0,440.0,9.0,500.0,500.0,23.0,49.0,10.0,28.0,264.0,9.0,10.0,135.0,28.0,72.0,10.0,10.0,480.0,500.0,147.0,25.0,9.0,44.0,157.0,77.0,500.0,318.0,140.0
153,35.0,31.0,28.0,500.0,145.0,49.0,378.0,257.0,151.0,85.0,132.0,10.0,10.0,187.0,32.0,40.0,141.0,190.0,213.0,436.0,36.0,73.0,21.0,149.0,9.0,500.0,500.0,16.0,99.0,10.0,27.0,500.0,9.0,10.0,138.0,14.0,59.0,10.0,10.0,278.0,500.0,295.0,26.0,9.0,26.0,218.0,53.0,284.0,134.0,142.0
154,48.0,31.0,29.0,500.0,108.0,24.0,169.0,230.0,286.0,35.0,123.0,119.0,10.0,180.0,33.0,49.0,142.0,225.0,315.0,338.0,103.0,17.0,22.0,177.0,9.0,500.0,500.0,21.0,258.0,10.0,13.0,500.0,9.0,10.0,136.0,12.0,274.0,10.0,9.0,500.0,500.0,213.0,18.0,9.0,23.0,211.0,180.0,383.0,212.0,153.0
155,24.0,30.0,27.0,500.0,107.0,39.0,150.0,228.0,213.0,122.0,109.0,28.0,10.0,244.0,33.0,40.0,140.0,260.0,135.0,426.0,222.0,51.0,19.0,130.0,9.0,500.0,500.0,29.0,141.0,10.0,265.0,204.0,9.0,10.0,144.0,28.0,139.0,10.0,10.0,500.0,500.0,296.0,26.0,9.0,51.0,175.0,25.0,140.0,289.0,253.0
156,38.0,29.0,27.0,500.0,393.0,66.0,360.0,148.0,226.0,112.0,100.0,51.0,10.0,196.0,26.0,36.0,102.0,134.0,238.0,500.0,155.0,54.0,24.0,193.0,9.0,500.0,500.0,21.0,167.0,10.0,10.0,225.0,9.0,10.0,138.0,21.0,89.0,10.0,11.0,500.0,500.0,258.0,52.0,9.0,49.0,230.0,69.0,256.0,314.0,306.0
157,42.0,29.0,26.0,500.0,238.0,58.0,314.0,475.0,269.0,56.0,136.0,13.0,10.0,218.0,28.0,48.0,95.0,242.0,181.0,258.0,52.0,88.0,23.0,93.0,9.0,403.0,500.0,39.0,204.0,10.0,116.0,500.0,9.0,10.0,151.0,49.0,59.0,10.0,12.0,500.0,500.0,347.0,74.0,9.0,33.0,192.0,164.0,500.0,338.0,146.0
158,41.0,31.0,26.0,500.0,356.0,17.0,205.0,187.0,156.0,59.0,135.0,30.0,10.0,195.0,30.0,25.0,111.0,361.0,314.0,468.0,16.0,76.0,23.0,98.0,9.0,500.0,500.0,29.0,283.0,10.0,46.0,416.0,9.0,10.0,145.0,25.0,77.0,10.0,15.0,500.0,500.0,464.0,54.0,9.0,18.0,242.0,118.0,402.0,401.0,202.0
159,105.0,31.0,26.0,500.0,401.0,33.0,277.0,188.0,129.0,83.0,137.0,49.0,10.0,230.0,24.0,47.0,79.0,144.0,476.0,481.0,131.0,31.0,19.0,220.0,9.0,500.0,500.0,107.0,139.0,10.0,24.0,500.0,9.0,10.0,147.0,24.0,89.0,10.0,10.0,375.0,500.0,500.0,70.0,9.0,16.0,228.0,218.0,391.0,230.0,179.0
160,25.0,31.0,26.0,500.0,386.0,14.0,319.0,162.0,132.0,65.0,129.0,12.0,10.0,436.0,29.0,41.0,131.0,291.0,175.0,266.0,183.0,24.0,22.0,283.0,9.0,500.0,500.0,84.0,151.0,10.0,106.0,230.0,9.0,10.0,153.0,16.0,113.0,10.0,10.0,387.0,500.0,405.0,76.0,9.0,40.0,194.0,79.0,483.0,342.0,173.0
161,48.0,30.0,25.0,500.0,500.0,25.0,128.0,278.0,128.0,25.0,96.0,40.0,14.0,385.0,27.0,23.0,123.0,132.0,127.0,500.0,70.0,35.0,25.0,169.0,9.0,500.0,500.0,10.0,55.0,10.0,28.0,200.0,9.0,10.0,153.0,35.0,123.0,10.0,10.0,500.0,500.0,355.0,58.0,9.0,21.0,207.0,217.0,500.0,221.0,246.0
162,23.0,31.0,26.0,500.0,392.0,15.0,186.0,205.0,148.0,67.0,191.0,53.0,10.0,208.0,24.0,20.0,106.0,180.0,366.0,390.0,192.0,49.0,23.0,191.0,9.0,500.0,500.0,31.0,57.0,10.0,85.0,500.0,9.0,12.0,158.0,30.0,101.0,10.0,10.0,276.0,500.0,181.0,89.0,9.0,18.0,129.0,182.0,500.0,209.0,184.0
163,46.0,28.0,26.0,500.0,118.0,38.0,65.0,235.0,125.0,54.0,104.0,38.0,10.0,254.0,24.0,13.0,124.0,189.0,218.0,387.0,258.0,48.0,24.0,178.0,9.0,500.0,500.0,53.0,51.0,10.0,96.0,500.0,9.0,10.0,158.0,29.0,207.0,10.0,12.0,500.0,500.0,304.0,65.0,9.0,24.0,179.0,203.0,234.0,348.0,195.0
164,26.0,28.0,27.0,500.0,330.0,70.0,442.0,201.0,133.0,174.0,188.0,59.0,10.0,466.0,23.0,26.0,131.0,369.0,138.0,327.0,21.0,39.0,20.0,122.0,9.0,500.0,500.0,13.0,204.0,10.0,63.0,500.0,9.0,10.0,161.0,31.0,119.0,10.0,10.0,344.0,500.0,294.0,57.0,9.0,19.0,191.0,99.0,210.0,171.0,171.0
165,70.0,28.0,26.0,500.0,383.0,46.0,315.0,226.0,148.0,47.0,178.0,41.0,10.0,465.0,28.0,13.0,134.0,97.0,110.0,348.0,22.0,73.0,25.0,178.0,9.0,500.0,500.0,78.0,48.0,12.0,17.0,500.0,9.0,10.0,153.0,31.0,215.0,10.0,12.0,500.0,500.0,373.0,11.0,9.0,28.0,208.0,229.0,500.0,237.0,66.0
166,26.0,27.0,29.0,500.0,131.0,35.0,209.0,230.0,133.0,54.0,135.0,26.0,10.0,213.0,21.0,31.0,101.0,177.0,185.0,445.0,309.0,37.0,23.0,187.0,9.0,500.0,500.0,16.0,161.0,10.0,11.0,500.0,9.0,10.0,165.0,42.0,209.0,10.0,9.0,500.0,500.0,268.0,34.0,9.0,15.0,223.0,207.0,322.0,256.0,186.0
167,15.0,29.0,27.0,500.0,459.0,49.0,192.0,201.0,160.0,86.0,153.0,15.0,10.0,188.0,25.0,33.0,135.0,500.0,233.0,241.0,175.0,19.0,21.0,251.0,9.0,357.0,500.0,27.0,247.0,10.0,26.0,335.0,9.0,10.0,167.0,20.0,151.0,10.0,12.0,155.0,500.0,431.0,10.0,9.0,20.0,231.0,156.0,376.0,271.0,263.0
168,22.0,27.0,27.0,500.0,257.0,106.0,152.0,306.0,137.0,50.0,168.0,26.0,10.0,226.0,25.0,24.0,142.0,118.0,287.0,385.0,42.0,37.0,25.0,132.0,9.0,500.0,500.0,29.0,224.0,10.0,50.0,117.0,9.0,10.0,161.0,11.0,125.0,10.0,10.0,347.0,500.0,376.0,24.0,9.0,43.0,273.0,204.0,350.0,222.0,190.0
169,37.0,27.0,27.0,500.0,500.0,15.0,241.0,500.0,149.0,103.0,249.0,53.0,10.0,187.0,25.0,22.0,136.0,403.0,158.0,231.0,332.0,26.0,24.0,131.0,9.0,318.0,500.0,34.0,319.0,10.0,75.0,206.0,9.0,10.0,161.0,19.0,122.0,10.0,10.0,395.0,500.0,500.0,26.0,9.0,21.0,334.0,134.0,274.0,218.0,272.0
170,18.0,28.0,27.0,500.0,430.0,38.0,257.0,100.0,157.0,31.0,195.0,31.0,10.0,184.0,24.0,26.0,136.0,210.0,158.0,274.0,248.0,29.0,23.0,174.0,9.0,302.0,500.0,25.0,161.0,10.0,62.0,402.0,9.0,10.0,174.0,18.0,106.0,10.0,14.0,381.0,500.0,151.0,23.0,9.0,27.0,500.0,174.0,485.0,149.0,100.0
171,38.0,26.0,29.0,500.0,227.0,47.0,136.0,141.0,151.0,142.0,142.0,29.0,10.0,195.0,24.0,31.0,150.0,151.0,125.0,297.0,149.0,46.0,24.0,326.0,9.0,375.0,500.0,13.0,24.0,10.0,141.0,500.0,9.0,10.0,161.0,66.0,140.0,10.0,10.0,448.0,500.0,121.0,50.0,9.0,36.0,448.0,151.0,331.0,413.0,232.0
172,62.0,26.0,27.0,500.0,81.0,41.0,428.0,97.0,152.0,124.0,165.0,43.0,12.0,138.0,21.0,33.0,161.0,123.0,192.0,232.0,318.0,33.0,21.0,282.0,9.0,500.0,500.0,47.0,205.0,10.0,212.0,421.0,9.0,10.0,181.0,26.0,189.0,10.0,12.0,343.0,500.0,441.0,14.0,9.0,16.0,388.0,241.0,500.0,245.0,191.0
173,22.0,26.0,27.0,500.0,231.0,22.0,150.0,272.0,172.0,106.0,319.0,41.0,10.0,183.0,26.0,52.0,149.0,213.0,219.0,234.0,138.0,21.0,23.0,178.0,9.0,310.0,500.0,34.0,179.0,10.0,32.0,322.0,9.0,10.0,181.0,27.0,125.0,10.0,11.0,500.0,500.0,334.0,37.0,9.0,15.0,296.0,158.0,270.0,417.0,109.0
174,43.0,26.0,29.0,500.0,366.0,20.0,320.0,182.0,157.0,98.0,204.0,44.0,10.0,151.0,24.0,23.0,143.0,259.0,161.0,204.0,64.0,18.0,23.0,282.0,9.0,263.0,500.0,28.0,340.0,10.0,36.0,462.0,9.0,10.0,166.0,29.0,184.0,10.0,12.0,500.0,500.0,500.0,19.0,9.0,17.0,450.0,266.0,276.0,176.0,127.0
175,38.0,26.0,27.0,500.0,450.0,25.0,266.0,338.0,174.0,92.0,260.0,53.0,10.0,155.0,21.0,18.0,182.0,175.0,104.0,150.0,216.0,53.0,24.0,291.0,9.0,438.0,500.0,23.0,127.0,10.0,41.0,401.0,9.0,10.0,175.0,17.0,190.0,10.0,18.0,500.0,500.0,201.0,19.0,9.0,12.0,323.0,112.0,500.0,156.0,89.0
176,17.0,28.0,29.0,500.0,373.0,21.0,91.0,197.0,162.0,54.0,90.0,28.0,10.0,143.0,22.0,18.0,178.0,112.0,319.0,143.0,498.0,36.0,24.0,172.0,9.0,231.0,500.0,28.0,407.0,10.0,22.0,500.0,9.0,10.0,173.0,14.0,196.0,10.0,10.0,391.0,500.0,236.0,21.0,9.0,20.0,298.0,181.0,232.0,137.0,114.0
177,23.0,27.0,29.0,500.0,336.0,37.0,133.0,264.0,189.0,142.0,228.0,23.0,10.0,147.0,22.0,31.0,500.0,162.0,152.0,205.0,309.0,44.0,22.0,131.0,9.0,199.0,500.0,47.0,210.0,10.0,84.0,500.0,9.0,10.0,186.0,31.0,247.0,10.0,9.0,152.0,500.0,276.0,60.0,9.0,9.0,231.0,249.0,500.0,389.0,166.0
178,88.0,27.0,27.0,500.0,318.0,26.0,133.0,216.0,195.0,87.0,444.0,25.0,10.0,151.0,22.0,11.0,500.0,224.0,265.0,201.0,244.0,28.0,22.0,500.0,9.0,193.0,500.0,45.0,191.0,12.0,142.0,306.0,9.0,10.0,180.0,35.0,251.0,10.0,10.0,490.0,500.0,172.0,70.0,9.0,44.0,230.0,160.0,500.0,267.0,184.0
179,45.0,28.0,29.0,500.0,260.0,49.0,79.0,119.0,177.0,100.0,284.0,35.0,10.0,138.0,22.0,29.0,500.0,165.0,123.0,229.0,166.0,82.0,24.0,113.0,9.0,299.0,500.0,32.0,240.0,10.0,23.0,500.0,9.0,10.0,176.0,49.0,137.0,10.0,10.0,242.0,500.0,184.0,100.0,9.0,16.0,157.0,96.0,500.0,187.0,213.0
180,54.0,28.0,29.0,500.0,342.0,30.0,162.0,418.0,169.0,87.0,103.0,16.0,10.0,130.0,22.0,57.0,500.0,197.0,294.0,297.0,196.0,13.0,25.0,296.0,9.0,153.0,500.0,136.0,293.0,10.0,57.0,500.0,9.0,10.0,182.0,14.0,118.0,10.0,10.0,500.0,467.0,134.0,16.0,9.0,18.0,165.0,151.0,500.0,197.0,45.0
181,51.0,28.0,27.0,500.0,489.0,57.0,100.0,316.0,188.0,56.0,269.0,56.0,10.0,132.0,20.0,41.0,500.0,200.0,208.0,347.0,339.0,41.0,22.0,253.0,9.0,199.0,500.0,28.0,245.0,10.0,136.0,500.0,9.0,10.0,183.0,17.0,228.0,10.0,12.0,300.0,356.0,500.0,21.0,9.0,32.0,162.0,500.0,359.0,235.0,81.0
182,54.0,28.0,29.0,500.0,191.0,94.0,212.0,321.0,176.0,49.0,132.0,45.0,10.0,130.0,24.0,18.0,500.0,239.0,294.0,398.0,281.0,60.0,25.0,194.0,9.0,235.0,500.0,42.0,265.0,10.0,55.0,500.0,9.0,10.0,184.0,42.0,164.0,10.0,10.0,500.0,300.0,466.0,102.0,9.0,13.0,170.0,182.0,500.0,196.0,286.0
183,41.0,30.0,27.0,500.0,500.0,63.0,170.0,71.0,200.0,56.0,190.0,42.0,10.0,118.0,21.0,20.0,500.0,212.0,186.0,500.0,52.0,47.0,22.0,267.0,9.0,362.0,500.0,35.0,299.0,10.0,115.0,500.0,9.0,12.0,179.0,40.0,87.0,10.0,14.0,500.0,263.0,257.0,36.0,9.0,20.0,201.0,72.0,443.0,144.0,120.0
184,22.0,30.0,27.0,500.0,399.0,96.0,211.0,197.0,185.0,51.0,266.0,35.0,10.0,114.0,19.0,17.0,362.0,376.0,174.0,319.0,500.0,36.0,24.0,139.0,9.0,500.0,500.0,30.0,83.0,10.0,112.0,500.0,9.0,10.0,181.0,60.0,148.0,10.0,12.0,500.0,233.0,319.0,33.0,9.0,16.0,222.0,183.0,410.0,168.0,193.0
185,76.0,30.0,26.0,500.0,271.0,61.0,193.0,165.0,266.0,66.0,54.0,62.0,12.0,108.0,22.0,52.0,335.0,309.0,163.0,497.0,327.0,50.0,19.0,329.0,9.0,500.0,299.0,51.0,144.0,10.0,54.0,258.0,9.0,10.0,193.0,29.0,125.0,10.0,9.0,500.0,211.0,500.0,19.0,9.0,19.0,206.0,156.0,500.0,160.0,182.0
186,74.0,31.0,27.0,500.0,500.0,31.0,258.0,469.0,203.0,141.0,318.0,21.0,10.0,95.0,20.0,21.0,324.0,136.0,150.0,245.0,121.0,47.0,23.0,202.0,9.0,500.0,268.0,114.0,363.0,10.0,38.0,500.0,9.0,10.0,189.0,36.0,156.0,10.0,9.0,393.0,186.0,248.0,31.0,9.0,21.0,309.0,180.0,500.0,233.0,147.0
187,54.0,32.0,27.0,500.0,489.0,52.0,186.0,219.0,193.0,131.0,422.0,20.0,10.0,96.0,23.0,32.0,275.0,221.0,217.0,264.0,72.0,24.0,24.0,109.0,9.0,500.0,260.0,49.0,320.0,10.0,138.0,500.0,9.0,10.0,187.0,16.0,136.0,10.0,10.0,500.0,179.0,225.0,19.0,9.0,15.0,437.0,365.0,173.0,269.0,201.0
188,76.0,32.0,27.0,500.0,227.0,20.0,187.0,147.0,154.0,122.0,224.0,23.0,10.0,82.0,22.0,48.0,298.0,299.0,142.0,500.0,181.0,37.0,23.0,159.0,9.0,500.0,267.0,19.0,199.0,10.0,72.0,312.0,9.0,10.0,189.0,46.0,153.0,10.0,15.0,500.0,170.0,303.0,54.0,9.0,17.0,302.0,361.0,500.0,178.0,155.0
189,86.0,31.0,25.0,500.0,473.0,37.0,202.0,274.0,151.0,112.0,378.0,101.0,10.0,93.0,20.0,43.0,316.0,222.0,142.0,167.0,486.0,20.0,23.0,105.0,9.0,500.0,279.0,31.0,486.0,10.0,88.0,368.0,9.0,10.0,192.0,17.0,204.0,10.0,10.0,500.0,163.0,380.0,23.0,9.0,30.0,283.0,127.0,500.0,206.0,224.0
190,53.0,30.0,26.0,500.0,350.0,26.0,249.0,156.0,146.0,121.0,432.0,35.0,10.0,97.0,22.0,18.0,292.0,135.0,301.0,342.0,343.0,60.0,23.0,314.0,9.0,10.0,291.0,83.0,150.0,10.0,123.0,500.0,9.0,10.0,189.0,54.0,80.0,10.0,10.0,500.0,156.0,500.0,50.0,9.0,13.0,230.0,53.0,134.0,266.0,169.0
191,39.0,30.0,26.0,490.0,193.0,30.0,294.0,339.0,130.0,72.0,212.0,43.0,10.0,102.0,21.0,18.0,279.0,161.0,175.0,464.0,390.0,32.0,24.0,278.0,9.0,500.0,317.0,85.0,170.0,10.0,60.0,500.0,9.0,10.0,186.0,44.0,108.0,10.0,15.0,372.0,146.0,500.0,38.0,9.0,23.0,228.0,118.0,354.0,187.0,181.0
192,20.0,30.0,29.0,500.0,500.0,51.0,158.0,220.0,130.0,175.0,319.0,51.0,10.0,112.0,20.0,35.0,333.0,285.0,182.0,272.0,500.0,33.0,21.0,220.0,9.0,500.0,350.0,64.0,186.0,12.0,29.0,500.0,9.0,10.0,191.0,10.0,413.0,10.0,9.0,500.0,141.0,183.0,22.0,9.0,78.0,198.0,421.0,189.0,306.0,179.0
193,32.0,31.0,26.0,319.0,186.0,22.0,112.0,212.0,130.0,114.0,254.0,36.0,10.0,113.0,22.0,23.0,316.0,96.0,135.0,500.0,90.0,40.0,26.0,80.0,9.0,500.0,377.0,33.0,147.0,10.0,92.0,500.0,9.0,10.0,187.0,18.0,114.0,10.0,9.0,500.0,137.0,206.0,33.0,9.0,32.0,226.0,240.0,162.0,327.0,194.0
194,45.0,31.0,27.0,500.0,499.0,58.0,178.0,500.0,127.0,137.0,230.0,47.0,10.0,115.0,21.0,26.0,328.0,56.0,122.0,500.0,289.0,30.0,20.0,272.0,9.0,500.0,435.0,23.0,147.0,10.0,61.0,500.0,9.0,15.0,199.0,49.0,296.0,10.0,14.0,500.0,132.0,233.0,64.0,9.0,61.0,208.0,135.0,492.0,233.0,177.0
195,68.0,30.0,26.0,500.0,500.0,88.0,249.0,233.0,127.0,123.0,96.0,40.0,10.0,112.0,25.0,64.0,301.0,118.0,196.0,272.0,330.0,18.0,24.0,151.0,9.0,500.0,493.0,29.0,387.0,10.0,80.0,400.0,9.0,10.0,194.0,23.0,239.0,10.0,10.0,500.0,129.0,366.0,21.0,9.0,14.0,194.0,154.0,199.0,241.0,170.0
196,20.0,30.0,27.0,500.0,426.0,57.0,96.0,177.0,127.0,93.0,270.0,70.0,10.0,124.0,23.0,18.0,304.0,106.0,168.0,473.0,500.0,37.0,21.0,278.0,9.0,500.0,500.0,14.0,193.0,11.0,123.0,397.0,9.0,10.0,188.0,47.0,199.0,10.0,15.0,413.0,127.0,180.0,180.0,9.0,44.0,208.0,138.0,208.0,286.0,167.0
197,70.0,32.0,27.0,500.0,500.0,36.0,237.0,191.0,83.0,68.0,297.0,18.0,10.0,107.0,23.0,53.0,271.0,138.0,108.0,500.0,270.0,36.0,22.0,119.0,9.0,500.0,500.0,17.0,208.0,10.0,84.0,500.0,9.0,14.0,207.0,36.0,161.0,10.0,17.0,500.0,123.0,447.0,13.0,9.0,22.0,208.0,202.0,281.0,289.0,171.0
198,63.0,30.0,27.0,500.0,500.0,28.0,304.0,284.0,116.0,105.0,261.0,32.0,10.0,129.0,25.0,16.0,322.0,293.0,135.0,500.0,184.0,50.0,23.0,161.0,9.0,500.0,500.0,35.0,243.0,14.0,63.0,500.0,9.0,12.0,190.0,22.0,228.0,10.0,14.0,500.0,119.0,225.0,28.0,9.0,20.0,220.0,86.0,500.0,320.0,215.0
199,29.0,30.0,27.0,500.0,500.0,173.0,182.0,161.0,71.0,47.0,408.0,43.0,10.0,109.0,26.0,12.0,331.0,171.0,197.0,500.0,175.0,56.0,22.0,207.0,9.0,500.0,500.0,23.0,257.0,18.0,78.0,500.0,9.0,10.0,186.0,15.0,117.0,10.0,19.0,500.0,116.0,500.0,24.0,9.0,30.0,203.0,43.0,76.0,232.0,151.0
200,19.0,31.0,27.0,500.0,189.0,48.0,69.0,201.0,71.0,98.0,286.0,36.0,10.0,134.0,22.0,18.0,307.0,161.0,157.0,265.0,500.0,41.0,21.0,347.0,9.0,500.0,500.0,123.0,245.0,12.0,54.0,500.0,9.0,10.0,201.0,103.0,456.0,10.0,13.0,500.0,116.0,500.0,101.0,9.0,40.0,210.0,85.0,500.0,253.0,152.0
201,28.0,32.0,26.0,500.0,500.0,49.0,268.0,245.0,71.0,132.0,152.0,53.0,10.0,125.0,26.0,23.0,328.0,372.0,202.0,251.0,243.0,62.0,23.0,158.0,9.0,500.0,500.0,11.0,173.0,12.0,157.0,500.0,9.0,10.0,208.0,15.0,59.0,10.0,12.0,500.0,110.0,500.0,22.0,9.0,35.0,191.0,170.0,253.0,246.0,197.0
202,58.0,32.0,29.0,500.0,500.0,52.0,287.0,199.0,64.0,132.0,287.0,52.0,10.0,136.0,22.0,19.0,303.0,236.0,240.0,500.0,387.0,22.0,21.0,269.0,9.0,500.0,500.0,53.0,381.0,12.0,59.0,500.0,9.0,10.0,207.0,11.0,183.0,10.0,12.0,409.0,107.0,500.0,28.0,9.0,36.0,200.0,128.0,261.0,197.0,170.0
203,48.0,31.0,27.0,500.0,484.0,36.0,131.0,159.0,59.0,52.0,214.0,35.0,10.0,123.0,25.0,41.0,322.0,137.0,116.0,500.0,399.0,76.0,17.0,206.0,9.0,500.0,500.0,40.0,222.0,29.0,19.0,500.0,9.0,10.0,203.0,28.0,94.0,10.0,9.0,500.0,108.0,225.0,82.0,9.0,18.0,179.0,281.0,295.0,232.0,127.0
204,38.0,30.0,27.0,500.0,500.0,49.0,197.0,152.0,58.0,257.0,242.0,13.0,10.0,154.0,25.0,46.0,310.0,177.0,132.0,500.0,500.0,42.0,21.0,194.0,9.0,500.0,500.0,117.0,288.0,47.0,83.0,500.0,9.0,12.0,204.0,31.0,152.0,10.0,10.0,495.0,17.0,439.0,76.0,9.0,24.0,178.0,165.0,169.0,277.0,142.0
205,12.0,32.0,27.0,500.0,203.0,25.0,222.0,163.0,58.0,107.0,227.0,58.0,10.0,169.0,25.0,24.0,294.0,226.0,143.0,500.0,205.0,83.0,20.0,284.0,9.0,500.0,500.0,26.0,291.0,47.0,27.0,500.0,9.0,10.0,206.0,26.0,85.0,10.0,12.0,214.0,95.0,233.0,55.0,9.0,32.0,171.0,248.0,231.0,392.0,146.0
206,190.0,33.0,26.0,500.0,210.0,161.0,463.0,141.0,58.0,152.0,129.0,24.0,10.0,151.0,24.0,39.0,321.0,85.0,175.0,500.0,356.0,51.0,22.0,275.0,9.0,500.0,500.0,38.0,322.0,98.0,211.0,500.0,9.0,10.0,207.0,44.0,274.0,10.0,15.0,375.0,96.0,500.0,110.0,9.0,28.0,166.0,106.0,308.0,260.0,130.0
207,22.0,34.0,27.0,500.0,212.0,43.0,75.0,187.0,58.0,178.0,262.0,111.0,10.0,156.0,24.0,30.0,346.0,226.0,172.0,500.0,500.0,17.0,22.0,150.0,9.0,500.0,500.0,13.0,309.0,109.0,130.0,500.0,9.0,10.0,211.0,22.0,126.0,10.0,11.0,500.0,95.0,461.0,70.0,9.0,10.0,155.0,246.0,500.0,233.0,114.0
208,28.0,33.0,27.0,500.0,163.0,41.0,69.0,221.0,58.0,88.0,166.0,74.0,10.0,181.0,28.0,29.0,323.0,136.0,267.0,177.0,161.0,77.0,21.0,257.0,9.0,500.0,500.0,43.0,356.0,54.0,47.0,500.0,10.0,11.0,222.0,14.0,134.0,10.0,15.0,294.0,90.0,451.0,65.0,9.0,18.0,158.0,286.0,196.0,224.0,152.0
209,52.0,38.0,27.0,500.0,500.0,50.0,219.0,211.0,51.0,106.0,126.0,102.0,10.0,242.0,22.0,63.0,362.0,130.0,259.0,500.0,500.0,20.0,21.0,311.0,9.0,500.0,500.0,23.0,254.0,94.0,50.0,500.0,9.0,14.0,217.0,45.0,59.0,10.0,23.0,352.0,89.0,219.0,107.0,9.0,16.0,168.0,153.0,500.0,216.0,102.0
210,109.0,36.0,27.0,500.0,500.0,48.0,280.0,176.0,58.0,101.0,151.0,96.0,10.0,349.0,22.0,40.0,418.0,155.0,307.0,500.0,497.0,17.0,20.0,259.0,9.0,500.0,500.0,20.0,281.0,59.0,51.0,500.0,9.0,10.0,231.0,25.0,112.0,10.0,29.0,468.0,22.0,349.0,59.0,9.0,62.0,176.0,225.0,256.0,366.0,149.0
211,25.0,39.0,29.0,500.0,328.0,48.0,387.0,301.0,58.0,60.0,109.0,88.0,10.0,500.0,24.0,34.0,395.0,207.0,316.0,500.0,379.0,19.0,16.0,185.0,9.0,500.0,500.0,28.0,265.0,63.0,44.0,500.0,9.0,10.0,223.0,24.0,147.0,10.0,9.0,500.0,16.0,406.0,29.0,9.0,37.0,183.0,298.0,500.0,165.0,167.0
212,152.0,43.0,27.0,500.0,500.0,35.0,291.0,500.0,58.0,84.0,223.0,43.0,10.0,500.0,20.0,65.0,465.0,176.0,215.0,500.0,500.0,94.0,19.0,225.0,9.0,500.0,500.0,28.0,492.0,75.0,94.0,500.0,9.0,10.0,226.0,29.0,62.0,10.0,9.0,470.0,86.0,500.0,13.0,9.0,34.0,209.0,126.0,500.0,296.0,131.0
213,97.0,46.0,27.0,500.0,142.0,43.0,241.0,158.0,58.0,118.0,228.0,37.0,10.0,500.0,22.0,37.0,500.0,144.0,257.0,500.0,500.0,44.0,20.0,226.0,9.0,500.0,500.0,25.0,334.0,69.0,54.0,500.0,9.0,10.0,249.0,20.0,98.0,10.0,14.0,297.0,87.0,500.0,157.0,9.0,21.0,219.0,202.0,500.0,339.0,123.0
214,110.0,48.0,26.0,500.0,410.0,44.0,340.0,355.0,59.0,151.0,127.0,40.0,10.0,500.0,22.0,20.0,487.0,155.0,216.0,330.0,500.0,79.0,19.0,385.0,9.0,500.0,500.0,62.0,321.0,52.0,81.0,500.0,11.0,9.0,251.0,15.0,173.0,10.0,13.0,336.0,102.0,500.0,53.0,9.0,25.0,254.0,163.0,500.0,233.0,80.0
215,89.0,50.0,27.0,500.0,500.0,108.0,243.0,432.0,58.0,108.0,110.0,62.0,10.0,500.0,20.0,29.0,500.0,132.0,173.0,500.0,326.0,27.0,21.0,230.0,9.0,500.0,500.0,92.0,184.0,42.0,60.0,500.0,9.0,10.0,250.0,27.0,172.0,10.0,13.0,284.0,105.0,385.0,31.0,9.0,22.0,296.0,117.0,89.0,287.0,108.0
216,50.0,60.0,26.0,500.0,202.0,23.0,270.0,376.0,61.0,145.0,268.0,89.0,10.0,500.0,14.0,30.0,500.0,190.0,361.0,500.0,450.0,23.0,21.0,260.0,9.0,500.0,500.0,37.0,341.0,36.0,35.0,500.0,9.0,10.0,268.0,32.0,144.0,10.0,32.0,285.0,102.0,500.0,43.0,9.0,27.0,336.0,212.0,201.0,261.0,105.0
217,144.0,51.0,27.0,500.0,419.0,47.0,353.0,500.0,68.0,67.0,169.0,63.0,10.0,500.0,17.0,35.0,500.0,256.0,225.0,500.0,500.0,184.0,19.0,134.0,9.0,500.0,500.0,18.0,238.0,41.0,59.0,500.0,9.0,10.0,282.0,42.0,136.0,10.0,12.0,238.0,104.0,369.0,65.0,9.0,33.0,462.0,164.0,500.0,276.0,145.0
218,26.0,60.0,27.0,500.0,279.0,49.0,215.0,148.0,68.0,157.0,139.0,38.0,10.0,500.0,12.0,73.0,500.0,134.0,216.0,300.0,190.0,40.0,19.0,215.0,9.0,500.0,500.0,92.0,275.0,66.0,31.0,500.0,9.0,10.0,291.0,37.0,119.0,10.0,20.0,342.0,112.0,500.0,111.0,9.0,28.0,500.0,90.0,138.0,367.0,140.0
219,39.0,69.0,29.0,500.0,500.0,83.0,258.0,482.0,71.0,152.0,132.0,52.0,10.0,500.0,16.0,16.0,500.0,181.0,179.0,323.0,460.0,46.0,18.0,385.0,9.0,500.0,500.0,30.0,248.0,90.0,145.0,500.0,9.0,10.0,300.0,23.0,218.0,10.0,12.0,307.0,116.0,500.0,63.0,9.0,42.0,500.0,209.0,500.0,372.0,130.0
220,33.0,64.0,26.0,500.0,265.0,62.0,248.0,276.0,71.0,88.0,180.0,31.0,10.0,500.0,14.0,49.0,500.0,191.0,200.0,500.0,500.0,29.0,16.0,181.0,9.0,500.0,500.0,48.0,328.0,93.0,30.0,500.0,9.0,10.0,322.0,15.0,275.0,10.0,17.0,303.0,129.0,500.0,53.0,9.0,21.0,500.0,203.0,500.0,412.0,134.0
221,41.0,78.0,29.0,500.0,473.0,22.0,224.0,185.0,71.0,231.0,135.0,29.0,10.0,500.0,11.0,13.0,453.0,171.0,96.0,500.0,304.0,41.0,19.0,305.0,9.0,500.0,500.0,35.0,197.0,100.0,87.0,500.0,9.0,15.0,337.0,19.0,91.0,10.0,18.0,362.0,133.0,500.0,99.0,9.0,37.0,500.0,420.0,500.0,271.0,134.0
222,35.0,69.0,26.0,500.0,500.0,30.0,324.0,500.0,71.0,166.0,135.0,21.0,10.0,500.0,13.0,51.0,404.0,242.0,150.0,500.0,166.0,64.0,18.0,95.0,9.0,500.0,500.0,38.0,265.0,106.0,59.0,500.0,9.0,12.0,322.0,23.0,262.0,10.0,19.0,500.0,136.0,500.0,130.0,9.0,22.0,500.0,38.0,500.0,285.0,146.0
223,61.0,90.0,27.0,500.0,500.0,98.0,253.0,219.0,71.0,218.0,100.0,35.0,10.0,418.0,12.0,44.0,401.0,161.0,199.0,500.0,500.0,44.0,17.0,300.0,9.0,500.0,500.0,46.0,327.0,114.0,45.0,500.0,9.0,9.0,347.0,35.0,243.0,10.0,12.0,386.0,139.0,500.0,48.0,9.0,34.0,500.0,263.0,500.0,257.0,136.0
224,42.0,143.0,27.0,500.0,500.0,45.0,426.0,105.0,111.0,231.0,96.0,33.0,10.0,408.0,12.0,39.0,411.0,256.0,70.0,500.0,500.0,41.0,17.0,271.0,9.0,500.0,500.0,30.0,340.0,162.0,25.0,500.0,9.0,12.0,373.0,60.0,185.0,10.0,16.0,366.0,142.0,327.0,79.0,9.0,62.0,500.0,79.0,500.0,284.0,109.0
225,33.0,130.0,27.0,500.0,167.0,117.0,386.0,477.0,111.0,118.0,123.0,78.0,10.0,330.0,12.0,52.0,366.0,249.0,129.0,198.0,500.0,82.0,17.0,500.0,9.0,500.0,500.0,66.0,224.0,164.0,63.0,500.0,9.0,10.0,378.0,14.0,130.0,10.0,17.0,500.0,150.0,500.0,125.0,9.0,71.0,500.0,193.0,500.0,334.0,165.0
226,77.0,150.0,27.0,500.0,329.0,40.0,500.0,164.0,108.0,239.0,97.0,21.0,10.0,413.0,11.0,45.0,395.0,167.0,93.0,500.0,138.0,57.0,19.0,123.0,9.0,500.0,500.0,56.0,235.0,109.0,82.0,320.0,9.0,10.0,389.0,45.0,319.0,10.0,21.0,322.0,149.0,500.0,95.0,9.0,27.0,500.0,308.0,500.0,345.0,150.0
227,27.0,135.0,26.0,500.0,500.0,63.0,470.0,451.0,111.0,236.0,202.0,105.0,10.0,500.0,12.0,13.0,349.0,288.0,164.0,500.0,349.0,34.0,18.0,262.0,9.0,500.0,500.0,19.0,352.0,150.0,24.0,500.0,9.0,10.0,443.0,21.0,192.0,10.0,13.0,412.0,153.0,500.0,80.0,9.0,36.0,500.0,113.0,500.0,389.0,28.0
228,52.0,91.0,29.0,500.0,224.0,26.0,86.0,500.0,111.0,148.0,129.0,26.0,10.0,500.0,12.0,31.0,370.0,259.0,197.0,363.0,500.0,66.0,17.0,375.0,9.0,500.0,500.0,18.0,250.0,138.0,39.0,500.0,9.0,10.0,467.0,67.0,164.0,10.0,23.0,476.0,158.0,500.0,141.0,9.0,20.0,500.0,500.0,500.0,387.0,164.0
229,23.0,86.0,27.0,500.0,409.0,35.0,352.0,264.0,111.0,122.0,99.0,25.0,10.0,500.0,13.0,20.0,366.0,226.0,162.0,479.0,215.0,89.0,17.0,123.0,9.0,500.0,500.0,57.0,228.0,163.0,83.0,144.0,9.0,10.0,488.0,16.0,128.0,10.0,55.0,436.0,160.0,479.0,62.0,9.0,31.0,500.0,168.0,500.0,281.0,122.0
230,45.0,89.0,30.0,500.0,500.0,45.0,500.0,283.0,111.0,92.0,122.0,28.0,10.0,500.0,12.0,18.0,386.0,237.0,264.0,476.0,500.0,102.0,16.0,256.0,9.0,500.0,500.0,31.0,500.0,283.0,118.0,500.0,10.0,9.0,500.0,43.0,159.0,10.0,13.0,433.0,157.0,500.0,111.0,9.0,22.0,500.0,47.0,500.0,326.0,171.0
231,42.0,69.0,29.0,500.0,500.0,73.0,412.0,278.0,111.0,57.0,135.0,22.0,10.0,500.0,13.0,19.0,347.0,228.0,158.0,423.0,354.0,33.0,16.0,500.0,9.0,500.0,500.0,81.0,164.0,144.0,190.0,500.0,9.0,12.0,500.0,69.0,163.0,10.0,14.0,500.0,161.0,500.0,38.0,9.0,42.0,500.0,181.0,500.0,396.0,153.0
232,59.0,76.0,32.0,500.0,344.0,21.0,480.0,114.0,111.0,195.0,86.0,121.0,10.0,500.0,13.0,52.0,344.0,36.0,253.0,500.0,123.0,44.0,17.0,301.0,9.0,500.0,500.0,29.0,250.0,444.0,119.0,500.0,9.0,12.0,500.0,17.0,172.0,10.0,21.0,500.0,161.0,500.0,43.0,9.0,9.0,500.0,439.0,500.0,379.0,180.0
233,44.0,72.0,30.0,500.0,381.0,33.0,500.0,302.0,114.0,198.0,102.0,60.0,10.0,500.0,13.0,39.0,359.0,151.0,181.0,276.0,500.0,33.0,16.0,234.0,9.0,500.0,500.0,32.0,367.0,205.0,45.0,500.0,9.0,11.0,500.0,34.0,209.0,10.0,34.0,500.0,161.0,209.0,23.0,9.0,32.0,500.0,255.0,500.0,405.0,166.0
234,34.0,74.0,31.0,500.0,500.0,44.0,481.0,126.0,111.0,238.0,189.0,69.0,10.0,500.0,14.0,42.0,363.0,181.0,332.0,230.0,500.0,60.0,16.0,392.0,9.0,500.0,500.0,33.0,296.0,266.0,118.0,500.0,9.0,14.0,500.0,18.0,94.0,10.0,17.0,500.0,162.0,273.0,30.0,9.0,41.0,500.0,284.0,500.0,455.0,160.0
235,56.0,66.0,36.0,500.0,500.0,34.0,500.0,223.0,111.0,113.0,220.0,46.0,10.0,500.0,16.0,47.0,354.0,113.0,168.0,425.0,500.0,23.0,16.0,235.0,9.0,500.0,500.0,25.0,208.0,500.0,86.0,500.0,9.0,12.0,500.0,84.0,54.0,10.0,62.0,500.0,162.0,500.0,26.0,9.0,29.0,500.0,130.0,500.0,338.0,170.0
236,76.0,67.0,36.0,500.0,307.0,30.0,500.0,490.0,111.0,140.0,176.0,80.0,10.0,500.0,14.0,56.0,350.0,237.0,117.0,425.0,500.0,63.0,16.0,348.0,9.0,500.0,500.0,80.0,305.0,216.0,61.0,500.0,9.0,10.0,500.0,17.0,159.0,10.0,68.0,500.0,164.0,285.0,148.0,9.0,21.0,500.0,94.0,463.0,249.0,152.0
237,26.0,64.0,33.0,500.0,500.0,51.0,500.0,243.0,111.0,47.0,117.0,44.0,12.0,500.0,16.0,58.0,307.0,320.0,252.0,349.0,105.0,37.0,17.0,351.0,9.0,500.0,500.0,60.0,195.0,233.0,52.0,500.0,11.0,10.0,500.0,24.0,107.0,10.0,34.0,500.0,166.0,500.0,75.0,9.0,12.0,500.0,242.0,500.0,320.0,198.0
238,104.0,61.0,39.0,281.0,231.0,70.0,500.0,334.0,111.0,122.0,105.0,60.0,10.0,500.0,13.0,101.0,284.0,312.0,82.0,243.0,158.0,69.0,16.0,221.0,9.0,500.0,500.0,86.0,314.0,175.0,284.0,500.0,9.0,10.0,489.0,63.0,84.0,10.0,14.0,500.0,166.0,426.0,101.0,9.0,31.0,500.0,64.0,380.0,400.0,137.0
239,125.0,62.0,40.0,362.0,393.0,55.0,500.0,112.0,111.0,185.0,109.0,22.0,10.0,500.0,14.0,31.0,289.0,283.0,181.0,468.0,500.0,69.0,15.0,216.0,9.0,500.0,500.0,32.0,211.0,91.0,36.0,500.0,9.0,12.0,500.0,30.0,200.0,10.0,61.0,500.0,168.0,318.0,195.0,9.0,23.0,500.0,265.0,358.0,331.0,26.0
240,117.0,53.0,44.0,500.0,281.0,39.0,338.0,500.0,110.0,103.0,108.0,73.0,10.0,500.0,14.0,51.0,248.0,199.0,189.0,413.0,350.0,76.0,18.0,367.0,9.0,500.0,500.0,33.0,454.0,214.0,67.0,500.0,9.0,21.0,437.0,24.0,301.0,10.0,75.0,500.0,168.0,459.0,21.0,9.0,38.0,500.0,117.0,476.0,437.0,35.0
241,52.0,56.0,43.0,371.0,500.0,48.0,473.0,380.0,110.0,249.0,111.0,62.0,10.0,271.0,13.0,23.0,230.0,294.0,94.0,194.0,500.0,20.0,17.0,247.0,9.0,500.0,500.0,31.0,192.0,293.0,77.0,402.0,9.0,21.0,418.0,32.0,170.0,10.0,33.0,500.0,173.0,382.0,26.0,9.0,37.0,500.0,243.0,386.0,500.0,26.0
242,32.0,50.0,51.0,500.0,496.0,36.0,430.0,500.0,110.0,48.0,241.0,29.0,10.0,445.0,16.0,41.0,210.0,500.0,101.0,500.0,369.0,116.0,18.0,277.0,9.0,500.0,500.0,27.0,172.0,144.0,208.0,500.0,9.0,27.0,442.0,60.0,148.0,10.0,45.0,500.0,178.0,271.0,53.0,9.0,70.0,500.0,63.0,360.0,445.0,120.0
243,46.0,58.0,41.0,500.0,155.0,35.0,132.0,500.0,105.0,47.0,149.0,116.0,10.0,373.0,14.0,39.0,188.0,290.0,212.0,500.0,500.0,49.0,18.0,259.0,9.0,500.0,500.0,26.0,247.0,395.0,98.0,500.0,9.0,13.0,428.0,70.0,114.0,10.0,39.0,500.0,180.0,500.0,60.0,9.0,36.0,500.0,171.0,392.0,475.0,70.0
244,52.0,48.0,58.0,500.0,229.0,57.0,500.0,253.0,107.0,302.0,91.0,39.0,10.0,328.0,14.0,57.0,174.0,218.0,157.0,206.0,500.0,32.0,19.0,162.0,9.0,500.0,500.0,71.0,204.0,239.0,62.0,414.0,9.0,57.0,406.0,25.0,125.0,10.0,27.0,500.0,184.0,220.0,118.0,9.0,32.0,500.0,356.0,311.0,500.0,128.0
245,32.0,49.0,45.0,500.0,316.0,26.0,500.0,340.0,108.0,54.0,129.0,17.0,10.0,445.0,13.0,51.0,158.0,428.0,164.0,350.0,500.0,63.0,20.0,140.0,9.0,500.0,500.0,65.0,413.0,324.0,26.0,500.0,9.0,51.0,419.0,21.0,310.0,10.0,78.0,204.0,190.0,500.0,64.0,9.0,36.0,500.0,177.0,394.0,417.0,39.0
246,33.0,49.0,52.0,500.0,430.0,51.0,226.0,440.0,105.0,219.0,212.0,34.0,10.0,239.0,14.0,39.0,140.0,317.0,240.0,412.0,333.0,70.0,19.0,215.0,9.0,500.0,500.0,73.0,308.0,500.0,22.0,317.0,9.0,97.0,444.0,42.0,168.0,10.0,71.0,500.0,192.0,463.0,134.0,9.0,23.0,149.0,243.0,353.0,500.0,30.0
247,23.0,56.0,40.0,500.0,238.0,86.0,488.0,461.0,105.0,136.0,161.0,76.0,10.0,421.0,16.0,18.0,134.0,222.0,241.0,367.0,500.0,45.0,18.0,176.0,9.0,500.0,500.0,17.0,153.0,355.0,73.0,368.0,9.0,50.0,409.0,14.0,80.0,10.0,90.0,500.0,196.0,272.0,95.0,9.0,15.0,500.0,208.0,337.0,295.0,130.0
248,25.0,55.0,46.0,500.0,500.0,45.0,315.0,423.0,106.0,169.0,109.0,29.0,10.0,406.0,14.0,37.0,123.0,224.0,173.0,294.0,281.0,81.0,16.0,500.0,9.0,500.0,500.0,21.0,169.0,181.0,83.0,361.0,10.0,58.0,413.0,50.0,108.0,10.0,134.0,500.0,213.0,236.0,245.0,9.0,17.0,500.0,199.0,283.0,500.0,61.0
249,94.0,51.0,43.0,500.0,500.0,15.0,212.0,252.0,104.0,173.0,104.0,40.0,10.0,500.0,14.0,16.0,125.0,219.0,175.0,480.0,500.0,55.0,21.0,299.0,9.0,500.0,49.0,34.0,368.0,280.0,49.0,399.0,9.0,122.0,372.0,16.0,124.0,10.0,34.0,286.0,222.0,242.0,101.0,9.0,25.0,500.0,401.0,329.0,500.0,28.0
250,131.0,53.0,39.0,500.0,472.0,41.0,279.0,355.0,104.0,173.0,212.0,153.0,10.0,500.0,15.0,43.0,105.0,238.0,196.0,275.0,476.0,21.0,18.0,365.0,9.0,500.0,500.0,36.0,139.0,500.0,114.0,379.0,9.0,127.0,400.0,19.0,148.0,10.0,27.0,500.0,231.0,500.0,36.0,9.0,71.0,500.0,140.0,401.0,500.0,28.0
251,72.0,49.0,32.0,500.0,500.0,114.0,382.0,287.0,104.0,134.0,185.0,31.0,10.0,412.0,14.0,38.0,82.0,315.0,124.0,500.0,219.0,105.0,21.0,335.0,9.0,500.0,500.0,87.0,204.0,500.0,285.0,295.0,9.0,126.0,373.0,47.0,236.0,10.0,46.0,500.0,251.0,343.0,71.0,9.0,30.0,500.0,99.0,366.0,500.0,27.0
252,100.0,49.0,36.0,500.0,214.0,66.0,413.0,432.0,104.0,227.0,107.0,124.0,10.0,404.0,16.0,59.0,73.0,183.0,197.0,474.0,500.0,52.0,18.0,205.0,9.0,500.0,500.0,16.0,216.0,500.0,29.0,224.0,9.0,138.0,397.0,36.0,115.0,10.0,37.0,500.0,269.0,324.0,120.0,9.0,56.0,500.0,154.0,310.0,309.0,68.0
253,72.0,46.0,36.0,500.0,500.0,38.0,390.0,376.0,104.0,343.0,109.0,45.0,10.0,500.0,16.0,30.0,75.0,500.0,170.0,494.0,467.0,63.0,19.0,181.0,9.0,500.0,500.0,45.0,246.0,500.0,40.0,235.0,9.0,232.0,351.0,28.0,275.0,10.0,62.0,500.0,292.0,500.0,210.0,9.0,18.0,500.0,104.0,426.0,420.0,22.0
254,64.0,46.0,36.0,500.0,500.0,25.0,287.0,315.0,104.0,218.0,109.0,35.0,10.0,500.0,16.0,39.0,60.0,233.0,155.0,455.0,500.0,50.0,19.0,305.0,9.0,500.0,500.0,30.0,204.0,500.0,107.0,239.0,10.0,106.0,343.0,16.0,323.0,10.0,81.0,500.0,304.0,261.0,175.0,9.0,14.0,500.0,215.0,438.0,500.0,106.0
255,34.0,44.0,33.0,500.0,315.0,67.0,187.0,311.0,104.0,217.0,147.0,40.0,10.0,500.0,15.0,25.0,44.0,284.0,204.0,500.0,362.0,153.0,19.0,205.0,9.0,500.0,439.0,104.0,500.0,500.0,141.0,206.0,9.0,104.0,391.0,70.0,268.0,10.0,93.0,500.0,322.0,317.0,45.0,9.0,13.0,500.0,62.0,353.0,500.0,27.0
256,38.0,46.0,33.0,500.0,500.0,25.0,432.0,316.0,104.0,339.0,131.0,34.0,10.0,500.0,17.0,26.0,35.0,261.0,287.0,345.0,355.0,112.0,19.0,248.0,9.0,500.0,320.0,61.0,234.0,500.0,179.0,148.0,9.0,145.0,359.0,13.0,314.0,10.0,118.0,500.0,354.0,308.0,33.0,9.0,38.0,500.0,69.0,481.0,404.0,151.0
257,72.0,44.0,35.0,500.0,500.0,49.0,221.0,205.0,104.0,285.0,115.0,54.0,10.0,500.0,16.0,44.0,27.0,259.0,111.0,500.0,350.0,32.0,21.0,144.0,9.0,500.0,500.0,158.0,198.0,500.0,60.0,225.0,10.0,174.0,367.0,20.0,248.0,10.0,84.0,500.0,385.0,326.0,42.0,9.0,27.0,500.0,260.0,500.0,262.0,35.0
258,46.0,47.0,36.0,500.0,500.0,69.0,223.0,402.0,102.0,323.0,210.0,26.0,10.0,500.0,18.0,56.0,16.0,263.0,311.0,500.0,188.0,30.0,19.0,236.0,9.0,500.0,500.0,27.0,298.0,500.0,206.0,197.0,9.0,148.0,339.0,51.0,141.0,10.0,108.0,447.0,407.0,415.0,88.0,9.0,20.0,500.0,101.0,470.0,500.0,206.0
259,52.0,42.0,37.0,500.0,241.0,40.0,354.0,309.0,104.0,200.0,108.0,31.0,10.0,500.0,17.0,17.0,19.0,497.0,305.0,500.0,234.0,22.0,20.0,194.0,9.0,500.0,500.0,41.0,163.0,500.0,67.0,198.0,9.0,163.0,350.0,25.0,153.0,10.0,99.0,500.0,462.0,363.0,119.0,9.0,27.0,500.0,140.0,500.0,500.0,19.0
260,45.0,46.0,33.0,500.0,474.0,14.0,451.0,360.0,102.0,387.0,159.0,38.0,10.0,500.0,16.0,61.0,12.0,315.0,214.0,500.0,319.0,32.0,20.0,413.0,9.0,500.0,500.0,52.0,152.0,500.0,61.0,194.0,9.0,221.0,385.0,77.0,110.0,10.0,54.0,499.0,500.0,410.0,247.0,9.0,27.0,190.0,181.0,500.0,462.0,63.0
261,104.0,46.0,34.0,500.0,500.0,63.0,257.0,226.0,104.0,419.0,110.0,102.0,10.0,500.0,17.0,97.0,11.0,222.0,122.0,500.0,92.0,73.0,19.0,214.0,9.0,500.0,500.0,44.0,246.0,500.0,177.0,159.0,9.0,222.0,379.0,55.0,500.0,10.0,138.0,500.0,500.0,306.0,60.0,9.0,35.0,500.0,178.0,500.0,500.0,206.0
262,48.0,46.0,34.0,500.0,500.0,47.0,194.0,314.0,102.0,242.0,110.0,67.0,10.0,500.0,16.0,46.0,12.0,292.0,327.0,500.0,339.0,36.0,19.0,456.0,9.0,500.0,500.0,120.0,217.0,500.0,86.0,468.0,10.0,200.0,374.0,20.0,131.0,10.0,148.0,500.0,500.0,321.0,91.0,9.0,49.0,147.0,359.0,500.0,475.0,55.0
263,66.0,45.0,34.0,500.0,314.0,31.0,290.0,500.0,104.0,261.0,264.0,104.0,10.0,500.0,16.0,41.0,9.0,454.0,247.0,500.0,152.0,63.0,24.0,175.0,9.0,500.0,500.0,85.0,301.0,500.0,161.0,190.0,10.0,190.0,417.0,40.0,340.0,10.0,140.0,438.0,500.0,500.0,134.0,9.0,12.0,234.0,404.0,500.0,500.0,81.0
264,68.0,47.0,33.0,500.0,411.0,22.0,283.0,500.0,104.0,500.0,124.0,42.0,10.0,440.0,16.0,20.0,9.0,290.0,103.0,500.0,500.0,35.0,20.0,180.0,9.0,500.0,500.0,101.0,161.0,500.0,92.0,176.0,9.0,148.0,453.0,18.0,203.0,10.0,144.0,455.0,500.0,275.0,101.0,9.0,17.0,312.0,61.0,500.0,446.0,79.0
265,21.0,46.0,39.0,500.0,500.0,43.0,253.0,477.0,104.0,215.0,94.0,27.0,10.0,382.0,17.0,26.0,9.0,216.0,216.0,467.0,395.0,42.0,22.0,500.0,9.0,500.0,500.0,66.0,247.0,500.0,137.0,208.0,9.0,136.0,437.0,10.0,450.0,10.0,110.0,500.0,500.0,500.0,271.0,9.0,42.0,500.0,197.0,500.0,500.0,115.0
266,42.0,50.0,40.0,500.0,500.0,95.0,172.0,409.0,104.0,471.0,144.0,74.0,10.0,353.0,14.0,22.0,9.0,387.0,218.0,500.0,191.0,32.0,22.0,314.0,9.0,500.0,500.0,124.0,154.0,500.0,54.0,216.0,10.0,129.0,474.0,19.0,327.0,10.0,159.0,478.0,434.0,500.0,52.0,9.0,40.0,197.0,100.0,500.0,500.0,178.0
267,78.0,47.0,38.0,500.0,178.0,41.0,183.0,500.0,102.0,52.0,109.0,44.0,10.0,331.0,17.0,29.0,9.0,242.0,125.0,500.0,262.0,22.0,23.0,361.0,9.0,500.0,500.0,58.0,178.0,500.0,99.0,377.0,9.0,131.0,485.0,20.0,209.0,10.0,290.0,289.0,382.0,500.0,71.0,9.0,31.0,500.0,151.0,500.0,500.0,138.0
268,61.0,46.0,41.0,500.0,500.0,40.0,227.0,300.0,102.0,290.0,109.0,144.0,10.0,377.0,16.0,48.0,9.0,339.0,140.0,500.0,185.0,48.0,24.0,312.0,9.0,500.0,500.0,49.0,196.0,500.0,137.0,227.0,9.0,132.0,500.0,67.0,178.0,10.0,202.0,409.0,335.0,500.0,246.0,9.0,30.0,500.0,77.0,500.0,357.0,177.0
269,58.0,47.0,36.0,279.0,255.0,47.0,192.0,290.0,100.0,325.0,133.0,46.0,10.0,445.0,14.0,26.0,9.0,277.0,215.0,500.0,289.0,21.0,22.0,345.0,9.0,500.0,500.0,241.0,261.0,500.0,161.0,277.0,9.0,132.0,500.0,27.0,280.0,10.0,149.0,500.0,294.0,304.0,88.0,9.0,61.0,500.0,213.0,500.0,500.0,255.0
270,231.0,52.0,38.0,348.0,500.0,36.0,179.0,459.0,104.0,137.0,103.0,165.0,10.0,500.0,14.0,220.0,9.0,456.0,134.0,326.0,131.0,111.0,24.0,374.0,9.0,500.0,500.0,46.0,165.0,500.0,64.0,231.0,9.0,134.0,500.0,62.0,216.0,10.0,280.0,410.0,266.0,500.0,35.0,9.0,110.0,500.0,186.0,500.0,500.0,193.0
271,63.0,54.0,41.0,500.0,381.0,31.0,181.0,232.0,104.0,382.0,129.0,39.0,10.0,500.0,16.0,158.0,9.0,254.0,153.0,256.0,272.0,81.0,25.0,446.0,9.0,500.0,500.0,37.0,196.0,500.0,69.0,270.0,9.0,133.0,500.0,26.0,207.0,10.0,195.0,479.0,248.0,500.0,122.0,9.0,87.0,500.0,194.0,500.0,500.0,150.0
272,94.0,63.0,36.0,353.0,313.0,42.0,176.0,500.0,100.0,255.0,131.0,42.0,10.0,500.0,14.0,83.0,9.0,181.0,109.0,500.0,329.0,79.0,24.0,500.0,9.0,500.0,500.0,67.0,203.0,500.0,285.0,406.0,10.0,128.0,500.0,56.0,234.0,10.0,204.0,500.0,235.0,500.0,98.0,9.0,41.0,500.0,165.0,500.0,301.0,112.0
273,68.0,56.0,40.0,290.0,404.0,54.0,160.0,460.0,101.0,165.0,114.0,37.0,10.0,500.0,14.0,32.0,9.0,499.0,123.0,270.0,376.0,22.0,29.0,376.0,9.0,500.0,500.0,87.0,176.0,500.0,95.0,299.0,9.0,127.0,500.0,28.0,108.0,10.0,160.0,500.0,237.0,500.0,61.0,9.0,41.0,500.0,202.0,500.0,500.0,122.0
274,27.0,56.0,36.0,345.0,376.0,34.0,240.0,485.0,104.0,221.0,163.0,71.0,10.0,500.0,16.0,70.0,9.0,259.0,104.0,500.0,342.0,58.0,24.0,500.0,9.0,500.0,500.0,47.0,372.0,500.0,144.0,278.0,9.0,138.0,500.0,53.0,75.0,10.0,256.0,498.0,238.0,500.0,191.0,9.0,81.0,500.0,108.0,430.0,348.0,282.0
275,21.0,56.0,33.0,329.0,392.0,73.0,189.0,317.0,104.0,258.0,123.0,125.0,10.0,500.0,16.0,86.0,9.0,242.0,114.0,500.0,486.0,119.0,30.0,500.0,9.0,500.0,500.0,152.0,228.0,500.0,121.0,273.0,9.0,148.0,500.0,28.0,144.0,10.0,158.0,500.0,242.0,335.0,76.0,9.0,53.0,500.0,270.0,500.0,500.0,73.0
276,125.0,64.0,36.0,428.0,500.0,68.0,165.0,428.0,102.0,289.0,128.0,55.0,10.0,500.0,16.0,70.0,9.0,296.0,169.0,398.0,166.0,30.0,24.0,500.0,9.0,500.0,500.0,16.0,172.0,500.0,125.0,500.0,9.0,142.0,500.0,112.0,167.0,10.0,126.0,500.0,243.0,433.0,106.0,9.0,17.0,500.0,123.0,500.0,309.0,29.0
277,46.0,48.0,36.0,500.0,500.0,27.0,196.0,372.0,104.0,305.0,132.0,69.0,10.0,500.0,16.0,69.0,9.0,406.0,120.0,500.0,324.0,46.0,24.0,195.0,9.0,500.0,500.0,125.0,296.0,500.0,57.0,309.0,9.0,159.0,500.0,48.0,94.0,10.0,171.0,485.0,239.0,500.0,241.0,9.0,18.0,500.0,101.0,246.0,500.0,175.0
278,34.0,51.0,39.0,500.0,384.0,125.0,140.0,231.0,104.0,42.0,125.0,101.0,10.0,500.0,13.0,22.0,9.0,286.0,83.0,500.0,153.0,63.0,30.0,112.0,9.0,500.0,500.0,80.0,147.0,500.0,262.0,318.0,9.0,144.0,500.0,31.0,500.0,10.0,54.0,500.0,231.0,179.0,146.0,9.0,24.0,500.0,243.0,500.0,371.0,129.0
279,59.0,51.0,37.0,500.0,500.0,33.0,281.0,375.0,104.0,378.0,116.0,36.0,10.0,476.0,16.0,22.0,9.0,396.0,31.0,500.0,500.0,83.0,24.0,500.0,9.0,500.0,500.0,24.0,140.0,500.0,58.0,380.0,9.0,159.0,500.0,89.0,297.0,10.0,51.0,500.0,222.0,496.0,20.0,9.0,26.0,374.0,184.0,500.0,409.0,102.0
280,100.0,49.0,40.0,500.0,303.0,42.0,142.0,493.0,104.0,500.0,137.0,164.0,10.0,337.0,17.0,35.0,9.0,332.0,53.0,388.0,151.0,59.0,27.0,171.0,9.0,500.0,500.0,31.0,168.0,500.0,60.0,429.0,10.0,145.0,500.0,11.0,479.0,10.0,291.0,500.0,212.0,500.0,83.0,9.0,24.0,500.0,92.0,500.0,489.0,250.0
281,33.0,45.0,36.0,500.0,500.0,32.0,111.0,280.0,104.0,283.0,254.0,56.0,10.0,292.0,15.0,110.0,9.0,233.0,122.0,292.0,193.0,104.0,27.0,439.0,9.0,500.0,500.0,180.0,146.0,500.0,77.0,321.0,10.0,157.0,500.0,53.0,123.0,10.0,108.0,500.0,207.0,411.0,151.0,9.0,137.0,500.0,129.0,500.0,364.0,96.0
282,147.0,44.0,41.0,500.0,500.0,42.0,208.0,500.0,104.0,216.0,328.0,26.0,10.0,256.0,16.0,58.0,9.0,420.0,97.0,478.0,261.0,44.0,29.0,260.0,9.0,500.0,500.0,37.0,127.0,500.0,40.0,374.0,9.0,164.0,485.0,18.0,462.0,10.0,170.0,500.0,196.0,500.0,18.0,9.0,37.0,500.0,357.0,500.0,500.0,33.0
283,88.0,43.0,36.0,500.0,297.0,66.0,202.0,406.0,104.0,286.0,116.0,85.0,10.0,226.0,16.0,115.0,9.0,289.0,49.0,500.0,249.0,38.0,29.0,452.0,9.0,500.0,500.0,145.0,236.0,500.0,194.0,356.0,9.0,142.0,500.0,52.0,180.0,10.0,141.0,500.0,193.0,500.0,208.0,9.0,39.0,500.0,214.0,500.0,282.0,232.0
284,39.0,43.0,36.0,500.0,500.0,40.0,128.0,403.0,104.0,183.0,159.0,25.0,10.0,218.0,16.0,41.0,9.0,316.0,85.0,500.0,212.0,194.0,32.0,441.0,9.0,500.0,500.0,160.0,127.0,500.0,144.0,384.0,9.0,148.0,500.0,10.0,259.0,10.0,169.0,500.0,186.0,500.0,89.0,9.0,39.0,500.0,145.0,500.0,500.0,234.0
285,53.0,40.0,41.0,500.0,500.0,57.0,217.0,362.0,104.0,419.0,124.0,45.0,10.0,203.0,14.0,98.0,9.0,206.0,130.0,500.0,176.0,59.0,31.0,500.0,9.0,500.0,500.0,219.0,220.0,500.0,111.0,500.0,9.0,147.0,500.0,25.0,378.0,10.0,147.0,500.0,182.0,500.0,206.0,9.0,17.0,500.0,165.0,500.0,498.0,222.0
286,89.0,43.0,43.0,500.0,500.0,59.0,234.0,357.0,106.0,263.0,121.0,77.0,10.0,176.0,14.0,54.0,9.0,326.0,119.0,500.0,271.0,47.0,27.0,339.0,9.0,500.0,500.0,52.0,136.0,500.0,57.0,372.0,10.0,159.0,500.0,18.0,285.0,10.0,202.0,500.0,178.0,500.0,79.0,9.0,21.0,500.0,188.0,410.0,500.0,258.0
287,59.0,38.0,45.0,500.0,500.0,69.0,182.0,368.0,104.0,179.0,136.0,113.0,10.0,182.0,15.0,29.0,9.0,357.0,67.0,500.0,200.0,139.0,30.0,282.0,9.0,500.0,500.0,107.0,181.0,500.0,194.0,500.0,9.0,150.0,500.0,26.0,141.0,10.0,212.0,500.0,176.0,500.0,80.0,9.0,71.0,500.0,188.0,500.0,489.0,239.0
288,120.0,39.0,49.0,500.0,360.0,40.0,169.0,356.0,106.0,473.0,135.0,74.0,10.0,153.0,14.0,22.0,9.0,272.0,154.0,500.0,415.0,89.0,33.0,116.0,9.0,367.0,500.0,68.0,187.0,500.0,131.0,500.0,10.0,137.0,500.0,19.0,277.0,10.0,247.0,461.0,180.0,500.0,157.0,9.0,50.0,500.0,168.0,500.0,388.0,30.0
289,68.0,36.0,62.0,500.0,500.0,83.0,221.0,272.0,105.0,424.0,222.0,110.0,10.0,169.0,13.0,73.0,9.0,298.0,123.0,500.0,269.0,95.0,30.0,500.0,9.0,297.0,500.0,34.0,230.0,500.0,193.0,500.0,9.0,149.0,500.0,25.0,265.0,10.0,192.0,368.0,189.0,500.0,191.0,9.0,52.0,500.0,226.0,500.0,500.0,19.0
290,119.0,36.0,62.0,500.0,500.0,44.0,174.0,268.0,108.0,258.0,265.0,36.0,10.0,157.0,13.0,43.0,9.0,368.0,139.0,500.0,147.0,169.0,31.0,318.0,9.0,289.0,500.0,109.0,228.0,500.0,195.0,500.0,9.0,148.0,500.0,31.0,328.0,10.0,165.0,500.0,191.0,500.0,198.0,9.0,48.0,500.0,179.0,500.0,426.0,153.0
291,97.0,36.0,57.0,500.0,500.0,57.0,134.0,275.0,108.0,242.0,132.0,83.0,10.0,153.0,13.0,103.0,9.0,348.0,147.0,500.0,286.0,50.0,37.0,404.0,9.0,312.0,500.0,114.0,225.0,500.0,190.0,500.0,9.0,147.0,500.0,43.0,182.0,10.0,224.0,500.0,46.0,500.0,289.0,9.0,20.0,500.0,158.0,150.0,500.0,273.0
292,89.0,34.0,61.0,500.0,500.0,63.0,224.0,226.0,108.0,500.0,207.0,48.0,10.0,147.0,11.0,74.0,9.0,213.0,143.0,500.0,453.0,53.0,35.0,370.0,9.0,308.0,500.0,41.0,160.0,500.0,133.0,500.0,9.0,159.0,500.0,16.0,148.0,10.0,133.0,500.0,214.0,500.0,100.0,9.0,40.0,500.0,174.0,390.0,500.0,119.0
293,132.0,33.0,101.0,500.0,500.0,78.0,151.0,500.0,108.0,340.0,255.0,57.0,10.0,141.0,11.0,69.0,9.0,246.0,125.0,500.0,156.0,36.0,36.0,405.0,9.0,307.0,500.0,58.0,196.0,500.0,122.0,500.0,9.0,155.0,500.0,22.0,500.0,10.0,309.0,500.0,227.0,500.0,254.0,9.0,14.0,500.0,170.0,500.0,468.0,216.0
294,125.0,33.0,101.0,500.0,473.0,72.0,344.0,223.0,108.0,354.0,207.0,72.0,10.0,133.0,11.0,81.0,9.0,255.0,204.0,500.0,347.0,22.0,37.0,500.0,9.0,302.0,500.0,109.0,217.0,500.0,172.0,500.0,9.0,184.0,500.0,34.0,338.0,10.0,175.0,500.0,56.0,402.0,95.0,9.0,17.0,500.0,211.0,500.0,461.0,250.0
295,68.0,32.0,98.0,500.0,500.0,74.0,188.0,231.0,108.0,271.0,191.0,92.0,10.0,143.0,11.0,69.0,9.0,370.0,260.0,500.0,345.0,89.0,40.0,500.0,9.0,324.0,500.0,43.0,376.0,500.0,62.0,500.0,11.0,235.0,500.0,20.0,195.0,10.0,215.0,500.0,101.0,500.0,192.0,9.0,20.0,500.0,167.0,500.0,500.0,195.0
296,106.0,32.0,105.0,500.0,500.0,43.0,165.0,335.0,108.0,379.0,198.0,90.0,10.0,136.0,11.0,52.0,9.0,265.0,164.0,500.0,286.0,92.0,37.0,245.0,9.0,325.0,500.0,60.0,200.0,500.0,180.0,500.0,9.0,279.0,500.0,23.0,191.0,10.0,152.0,500.0,25.0,500.0,159.0,9.0,15.0,500.0,147.0,500.0,500.0,232.0
297,106.0,32.0,104.0,500.0,262.0,43.0,196.0,238.0,108.0,435.0,395.0,139.0,10.0,129.0,10.0,65.0,9.0,204.0,176.0,500.0,213.0,103.0,38.0,500.0,9.0,344.0,500.0,31.0,224.0,491.0,93.0,500.0,10.0,362.0,500.0,16.0,298.0,10.0,243.0,500.0,275.0,500.0,64.0,9.0,23.0,500.0,79.0,500.0,307.0,167.0
298,94.0,31.0,114.0,500.0,500.0,124.0,119.0,309.0,108.0,500.0,169.0,30.0,10.0,122.0,10.0,24.0,9.0,262.0,232.0,500.0,222.0,146.0,40.0,119.0,9.0,245.0,500.0,196.0,262.0,471.0,133.0,500.0,10.0,467.0,500.0,16.0,238.0,10.0,212.0,500.0,299.0,500.0,269.0,9.0,16.0,500.0,203.0,500.0,500.0,183.0
299,43.0,28.0,112.0,500.0,314.0,48.0,284.0,500.0,110.0,233.0,190.0,50.0,10.0,128.0,10.0,42.0,9.0,194.0,134.0,500.0,339.0,72.0,40.0,493.0,9.0,257.0,500.0,100.0,185.0,248.0,42.0,500.0,11.0,500.0,500.0,52.0,241.0,10.0,394.0,500.0,347.0,500.0,190.0,9.0,48.0,500.0,222.0,436.0,500.0,207.0
300,54.0,30.0,115.0,500.0,500.0,21.0,238.0,244.0,110.0,275.0,205.0,115.0,10.0,129.0,9.0,38.0,9.0,164.0,191.0,500.0,273.0,62.0,42.0,163.0,9.0,264.0,500.0,162.0,200.0,390.0,146.0,500.0,10.0,500.0,500.0,31.0,439.0,10.0,306.0,500.0,408.0,500.0,141.0,9.0,56.0,500.0,117.0,370.0,500.0,166.0
301,68.0,30.0,119.0,500.0,454.0,49.0,264.0,324.0,110.0,391.0,449.0,90.0,10.0,127.0,10.0,83.0,9.0,313.0,227.0,500.0,212.0,48.0,45.0,352.0,9.0,268.0,500.0,135.0,152.0,385.0,156.0,500.0,9.0,500.0,500.0,25.0,249.0,10.0,119.0,500.0,492.0,437.0,179.0,9.0,25.0,500.0,199.0,500.0,500.0,160.0
302,46.0,30.0,165.0,500.0,500.0,56.0,293.0,229.0,112.0,500.0,94.0,60.0,10.0,125.0,9.0,17.0,9.0,204.0,262.0,500.0,380.0,102.0,40.0,500.0,9.0,185.0,500.0,126.0,255.0,189.0,32.0,500.0,12.0,500.0,500.0,51.0,305.0,10.0,121.0,500.0,500.0,500.0,217.0,9.0,59.0,500.0,153.0,500.0,500.0,174.0
303,45.0,33.0,183.0,500.0,500.0,156.0,500.0,466.0,111.0,500.0,201.0,32.0,10.0,118.0,9.0,16.0,9.0,277.0,267.0,500.0,240.0,60.0,40.0,474.0,9.0,205.0,500.0,122.0,156.0,236.0,43.0,500.0,9.0,500.0,500.0,61.0,500.0,10.0,337.0,500.0,500.0,500.0,61.0,9.0,36.0,500.0,95.0,500.0,500.0,173.0
304,87.0,34.0,255.0,500.0,500.0,21.0,350.0,302.0,116.0,104.0,121.0,27.0,10.0,119.0,9.0,37.0,9.0,500.0,287.0,500.0,260.0,71.0,45.0,333.0,9.0,169.0,500.0,123.0,258.0,396.0,49.0,359.0,9.0,500.0,500.0,20.0,199.0,10.0,190.0,500.0,500.0,500.0,363.0,9.0,59.0,500.0,123.0,500.0,221.0,174.0
305,43.0,34.0,86.0,500.0,500.0,33.0,417.0,443.0,111.0,500.0,185.0,159.0,10.0,121.0,9.0,93.0,9.0,172.0,160.0,500.0,366.0,162.0,43.0,150.0,9.0,165.0,500.0,103.0,240.0,394.0,135.0,500.0,10.0,500.0,500.0,93.0,218.0,10.0,217.0,500.0,500.0,500.0,58.0,9.0,40.0,500.0,151.0,500.0,500.0,166.0
306,117.0,34.0,70.0,500.0,500.0,58.0,300.0,356.0,111.0,500.0,285.0,54.0,10.0,120.0,9.0,61.0,9.0,147.0,226.0,500.0,400.0,80.0,49.0,167.0,9.0,166.0,500.0,177.0,227.0,213.0,109.0,500.0,9.0,500.0,481.0,14.0,312.0,10.0,203.0,500.0,500.0,471.0,383.0,9.0,39.0,500.0,208.0,500.0,500.0,159.0
307,101.0,34.0,72.0,500.0,500.0,43.0,454.0,500.0,111.0,500.0,286.0,65.0,10.0,121.0,9.0,86.0,9.0,191.0,290.0,500.0,221.0,203.0,38.0,136.0,9.0,158.0,500.0,31.0,310.0,260.0,52.0,443.0,9.0,500.0,500.0,20.0,243.0,10.0,298.0,500.0,500.0,500.0,127.0,9.0,16.0,500.0,64.0,500.0,500.0,177.0
308,108.0,33.0,62.0,500.0,500.0,90.0,271.0,451.0,110.0,157.0,289.0,24.0,10.0,123.0,9.0,32.0,9.0,329.0,218.0,500.0,419.0,51.0,37.0,206.0,9.0,137.0,500.0,82.0,274.0,500.0,24.0,500.0,9.0,500.0,500.0,21.0,406.0,10.0,344.0,500.0,500.0,500.0,40.0,9.0,30.0,500.0,193.0,500.0,500.0,166.0
309,66.0,33.0,63.0,500.0,500.0,47.0,226.0,321.0,112.0,366.0,183.0,34.0,10.0,123.0,9.0,78.0,9.0,176.0,171.0,500.0,432.0,176.0,45.0,369.0,9.0,138.0,500.0,124.0,259.0,322.0,158.0,500.0,9.0,500.0,500.0,27.0,141.0,10.0,214.0,500.0,500.0,500.0,127.0,9.0,13.0,500.0,190.0,500.0,500.0,172.0
310,27.0,33.0,54.0,500.0,500.0,40.0,500.0,500.0,110.0,398.0,245.0,53.0,10.0,121.0,9.0,125.0,9.0,276.0,291.0,500.0,209.0,44.0,43.0,500.0,9.0,106.0,500.0,54.0,180.0,370.0,223.0,500.0,9.0,500.0,500.0,17.0,223.0,10.0,204.0,500.0,500.0,500.0,106.0,9.0,35.0,500.0,154.0,500.0,500.0,38.0
311,226.0,33.0,48.0,500.0,500.0,52.0,302.0,274.0,108.0,200.0,190.0,163.0,10.0,119.0,9.0,24.0,9.0,286.0,243.0,254.0,279.0,43.0,40.0,106.0,9.0,118.0,500.0,32.0,243.0,218.0,178.0,500.0,12.0,500.0,500.0,25.0,307.0,10.0,366.0,500.0,500.0,500.0,61.0,9.0,40.0,500.0,217.0,500.0,329.0,160.0
312,53.0,32.0,51.0,500.0,453.0,46.0,500.0,334.0,108.0,202.0,262.0,39.0,10.0,127.0,9.0,42.0,9.0,256.0,392.0,500.0,368.0,122.0,43.0,366.0,9.0,186.0,500.0,113.0,318.0,452.0,124.0,500.0,12.0,500.0,500.0,37.0,372.0,10.0,232.0,500.0,500.0,500.0,101.0,9.0,24.0,500.0,69.0,500.0,500.0,193.0
313,87.0,33.0,42.0,500.0,500.0,22.0,500.0,348.0,108.0,263.0,185.0,31.0,10.0,124.0,9.0,62.0,9.0,415.0,500.0,500.0,290.0,139.0,39.0,287.0,9.0,377.0,500.0,87.0,287.0,390.0,163.0,500.0,9.0,500.0,500.0,17.0,147.0,10.0,404.0,500.0,500.0,500.0,49.0,9.0,91.0,500.0,363.0,500.0,449.0,174.0
314,75.0,33.0,42.0,500.0,500.0,32.0,265.0,275.0,108.0,474.0,167.0,57.0,10.0,126.0,9.0,45.0,9.0,287.0,485.0,500.0,397.0,76.0,41.0,279.0,9.0,273.0,500.0,169.0,300.0,236.0,92.0,500.0,11.0,500.0,500.0,19.0,176.0,10.0,298.0,500.0,500.0,500.0,166.0,9.0,18.0,500.0,186.0,500.0,500.0,182.0
315,124.0,32.0,43.0,500.0,500.0,53.0,221.0,352.0,110.0,289.0,325.0,53.0,10.0,128.0,9.0,55.0,9.0,270.0,385.0,500.0,203.0,278.0,44.0,174.0,9.0,241.0,500.0,150.0,178.0,246.0,51.0,500.0,9.0,500.0,500.0,103.0,257.0,10.0,203.0,500.0,500.0,500.0,390.0,9.0,11.0,500.0,318.0,500.0,484.0,192.0
316,95.0,32.0,39.0,221.0,500.0,131.0,329.0,364.0,111.0,204.0,135.0,116.0,10.0,129.0,9.0,108.0,9.0,326.0,367.0,500.0,257.0,98.0,38.0,139.0,9.0,213.0,500.0,61.0,223.0,316.0,167.0,308.0,11.0,500.0,500.0,40.0,312.0,10.0,103.0,500.0,500.0,500.0,195.0,9.0,33.0,500.0,309.0,500.0,500.0,204.0
317,64.0,33.0,38.0,158.0,500.0,48.0,500.0,394.0,111.0,278.0,347.0,108.0,10.0,133.0,9.0,74.0,9.0,139.0,306.0,500.0,296.0,58.0,40.0,173.0,9.0,227.0,500.0,67.0,241.0,280.0,91.0,500.0,10.0,500.0,500.0,50.0,434.0,10.0,307.0,500.0,500.0,500.0,179.0,9.0,68.0,500.0,204.0,500.0,500.0,191.0
318,90.0,33.0,34.0,247.0,500.0,76.0,293.0,500.0,110.0,244.0,190.0,136.0,10.0,133.0,9.0,181.0,9.0,452.0,480.0,405.0,500.0,199.0,39.0,254.0,9.0,219.0,500.0,160.0,246.0,456.0,161.0,500.0,12.0,500.0,500.0,18.0,260.0,10.0,129.0,500.0,500.0,500.0,231.0,9.0,39.0,500.0,144.0,500.0,500.0,182.0
319,119.0,34.0,35.0,358.0,500.0,84.0,500.0,500.0,110.0,344.0,148.0,56.0,10.0,137.0,9.0,50.0,9.0,256.0,331.0,500.0,475.0,86.0,41.0,316.0,9.0,210.0,500.0,111.0,223.0,420.0,283.0,500.0,9.0,500.0,500.0,26.0,184.0,10.0,325.0,500.0,500.0,500.0,178.0,9.0,35.0,500.0,189.0,500.0,500.0,212.0
320,57.0,34.0,39.0,500.0,500.0,103.0,238.0,373.0,111.0,263.0,266.0,90.0,10.0,135.0,9.0,122.0,9.0,413.0,299.0,500.0,384.0,51.0,49.0,177.0,9.0,193.0,500.0,118.0,243.0,500.0,202.0,500.0,10.0,500.0,500.0,16.0,118.0,10.0,111.0,500.0,500.0,500.0,235.0,9.0,18.0,500.0,225.0,500.0,500.0,178.0
321,160.0,36.0,35.0,500.0,500.0,64.0,241.0,390.0,110.0,261.0,194.0,23.0,10.0,142.0,9.0,100.0,9.0,500.0,241.0,500.0,500.0,131.0,43.0,240.0,9.0,172.0,500.0,155.0,306.0,500.0,210.0,500.0,11.0,500.0,500.0,33.0,500.0,10.0,186.0,500.0,500.0,500.0,208.0,9.0,60.0,500.0,344.0,500.0,500.0,190.0
322,139.0,40.0,36.0,500.0,500.0,50.0,367.0,466.0,110.0,130.0,159.0,129.0,10.0,136.0,9.0,59.0,9.0,263.0,96.0,347.0,402.0,80.0,43.0,288.0,9.0,162.0,500.0,91.0,209.0,459.0,119.0,184.0,10.0,500.0,500.0,60.0,74.0,10.0,224.0,500.0,500.0,500.0,240.0,9.0,60.0,500.0,500.0,500.0,500.0,96.0
323,152.0,41.0,31.0,500.0,500.0,66.0,409.0,435.0,110.0,208.0,134.0,82.0,10.0,144.0,9.0,48.0,9.0,335.0,363.0,500.0,314.0,130.0,47.0,150.0,9.0,231.0,500.0,63.0,171.0,500.0,304.0,500.0,9.0,500.0,500.0,20.0,269.0,10.0,289.0,500.0,500.0,500.0,69.0,9.0,30.0,500.0,151.0,500.0,500.0,206.0
324,118.0,41.0,30.0,500.0,438.0,101.0,500.0,500.0,110.0,140.0,183.0,142.0,10.0,140.0,9.0,41.0,9.0,344.0,428.0,500.0,275.0,48.0,45.0,500.0,9.0,220.0,500.0,45.0,270.0,500.0,144.0,227.0,9.0,500.0,500.0,16.0,223.0,10.0,299.0,500.0,500.0,417.0,133.0,9.0,32.0,500.0,282.0,500.0,500.0,195.0
325,52.0,41.0,33.0,500.0,500.0,33.0,194.0,500.0,108.0,193.0,165.0,78.0,10.0,152.0,9.0,60.0,9.0,500.0,349.0,500.0,500.0,117.0,48.0,353.0,9.0,253.0,500.0,18.0,292.0,500.0,208.0,208.0,9.0,500.0,500.0,52.0,323.0,10.0,207.0,246.0,500.0,500.0,118.0,9.0,37.0,500.0,337.0,69.0,500.0,216.0
326,135.0,45.0,32.0,500.0,382.0,24.0,308.0,479.0,108.0,198.0,229.0,50.0,10.0,148.0,9.0,82.0,9.0,500.0,290.0,500.0,224.0,45.0,47.0,326.0,9.0,302.0,500.0,45.0,500.0,500.0,202.0,500.0,14.0,500.0,500.0,68.0,401.0,10.0,124.0,325.0,500.0,372.0,38.0,9.0,80.0,500.0,346.0,500.0,500.0,179.0
327,93.0,44.0,32.0,500.0,393.0,106.0,200.0,500.0,105.0,247.0,288.0,38.0,10.0,151.0,9.0,108.0,9.0,453.0,221.0,500.0,500.0,124.0,53.0,374.0,9.0,318.0,500.0,147.0,235.0,500.0,167.0,457.0,10.0,500.0,500.0,17.0,106.0,10.0,278.0,500.0,500.0,110.0,178.0,9.0,52.0,500.0,225.0,500.0,500.0,183.0
328,31.0,53.0,32.0,500.0,363.0,165.0,442.0,249.0,104.0,144.0,91.0,68.0,10.0,150.0,9.0,41.0,9.0,306.0,213.0,500.0,183.0,48.0,56.0,317.0,9.0,369.0,500.0,26.0,207.0,500.0,108.0,500.0,9.0,404.0,500.0,27.0,500.0,10.0,186.0,355.0,500.0,249.0,260.0,9.0,13.0,500.0,188.0,500.0,500.0,213.0
329,129.0,87.0,31.0,500.0,500.0,64.0,161.0,500.0,104.0,256.0,84.0,18.0,10.0,153.0,9.0,25.0,9.0,490.0,174.0,500.0,127.0,64.0,62.0,395.0,9.0,176.0,500.0,72.0,246.0,500.0,123.0,500.0,12.0,393.0,500.0,28.0,245.0,10.0,296.0,452.0,500.0,500.0,211.0,9.0,29.0,500.0,283.0,500.0,484.0,175.0
330,249.0,92.0,35.0,500.0,500.0,89.0,500.0,389.0,104.0,443.0,285.0,60.0,10.0,175.0,9.0,52.0,9.0,341.0,281.0,500.0,500.0,114.0,60.0,357.0,9.0,232.0,500.0,109.0,297.0,500.0,72.0,500.0,9.0,313.0,500.0,64.0,254.0,10.0,132.0,369.0,500.0,356.0,278.0,9.0,64.0,500.0,229.0,500.0,500.0,192.0
331,96.0,94.0,37.0,500.0,500.0,114.0,500.0,390.0,104.0,180.0,239.0,39.0,10.0,180.0,9.0,93.0,9.0,500.0,199.0,500.0,327.0,157.0,64.0,363.0,9.0,174.0,500.0,117.0,348.0,500.0,200.0,500.0,9.0,380.0,500.0,17.0,389.0,10.0,350.0,444.0,500.0,500.0,177.0,9.0,36.0,500.0,165.0,500.0,500.0,177.0
332,280.0,96.0,34.0,500.0,274.0,84.0,375.0,500.0,102.0,267.0,256.0,241.0,10.0,163.0,9.0,35.0,9.0,109.0,233.0,500.0,440.0,145.0,68.0,201.0,9.0,160.0,500.0,36.0,242.0,500.0,43.0,500.0,9.0,418.0,500.0,83.0,296.0,10.0,221.0,487.0,500.0,500.0,211.0,9.0,28.0,500.0,286.0,500.0,500.0,174.0
333,141.0,95.0,37.0,500.0,284.0,113.0,500.0,500.0,102.0,184.0,207.0,230.0,10.0,173.0,9.0,78.0,9.0,358.0,179.0,500.0,228.0,231.0,72.0,315.0,9.0,88.0,500.0,37.0,255.0,500.0,159.0,500.0,11.0,383.0,500.0,29.0,224.0,10.0,182.0,337.0,500.0,500.0,182.0,9.0,35.0,500.0,315.0,500.0,500.0,162.0
334,38.0,96.0,36.0,500.0,500.0,93.0,500.0,345.0,104.0,202.0,231.0,123.0,10.0,200.0,9.0,111.0,9.0,500.0,166.0,500.0,288.0,233.0,80.0,387.0,9.0,105.0,500.0,197.0,261.0,500.0,99.0,500.0,12.0,354.0,500.0,67.0,245.0,10.0,162.0,500.0,500.0,500.0,83.0,9.0,38.0,500.0,478.0,500.0,500.0,185.0
335,48.0,98.0,43.0,500.0,500.0,155.0,500.0,261.0,100.0,236.0,254.0,51.0,10.0,190.0,9.0,140.0,9.0,500.0,177.0,500.0,500.0,68.0,95.0,325.0,9.0,85.0,500.0,127.0,289.0,500.0,208.0,500.0,10.0,296.0,500.0,21.0,500.0,10.0,300.0,500.0,500.0,500.0,92.0,9.0,23.0,500.0,142.0,500.0,500.0,177.0
336,187.0,98.0,50.0,500.0,500.0,98.0,375.0,416.0,100.0,134.0,320.0,87.0,10.0,180.0,9.0,127.0,9.0,500.0,207.0,500.0,237.0,59.0,92.0,493.0,9.0,104.0,500.0,224.0,253.0,500.0,72.0,500.0,10.0,353.0,500.0,46.0,317.0,10.0,200.0,500.0,500.0,412.0,390.0,9.0,11.0,500.0,252.0,500.0,431.0,164.0
337,91.0,98.0,51.0,500.0,500.0,59.0,444.0,173.0,100.0,153.0,346.0,85.0,10.0,199.0,9.0,83.0,9.0,469.0,170.0,500.0,300.0,155.0,98.0,500.0,9.0,97.0,500.0,97.0,148.0,500.0,124.0,500.0,9.0,444.0,500.0,117.0,500.0,10.0,134.0,500.0,500.0,247.0,149.0,9.0,22.0,500.0,487.0,500.0,500.0,196.0
338,150.0,98.0,54.0,500.0,500.0,54.0,466.0,500.0,100.0,167.0,330.0,91.0,10.0,204.0,9.0,44.0,9.0,500.0,188.0,500.0,500.0,81.0,100.0,500.0,9.0,123.0,500.0,88.0,276.0,500.0,183.0,500.0,10.0,500.0,500.0,27.0,339.0,10.0,121.0,500.0,500.0,500.0,97.0,9.0,25.0,500.0,214.0,500.0,500.0,184.0
339,42.0,98.0,70.0,500.0,500.0,43.0,500.0,357.0,99.0,139.0,205.0,46.0,10.0,215.0,9.0,112.0,9.0,500.0,171.0,500.0,500.0,101.0,141.0,205.0,9.0,105.0,500.0,89.0,322.0,500.0,41.0,500.0,9.0,25.0,500.0,30.0,228.0,10.0,149.0,500.0,500.0,266.0,316.0,9.0,37.0,500.0,325.0,500.0,500.0,160.0
340,158.0,101.0,62.0,500.0,500.0,78.0,385.0,386.0,100.0,258.0,219.0,108.0,10.0,224.0,9.0,23.0,9.0,293.0,237.0,500.0,198.0,95.0,113.0,114.0,9.0,100.0,500.0,83.0,275.0,500.0,154.0,500.0,9.0,500.0,500.0,29.0,500.0,10.0,199.0,500.0,500.0,500.0,175.0,9.0,17.0,500.0,322.0,500.0,412.0,178.0
341,175.0,103.0,75.0,500.0,500.0,45.0,500.0,500.0,99.0,148.0,167.0,67.0,10.0,246.0,9.0,68.0,9.0,350.0,206.0,500.0,500.0,166.0,144.0,500.0,9.0,93.0,500.0,190.0,295.0,500.0,96.0,500.0,9.0,500.0,500.0,34.0,175.0,10.0,185.0,500.0,500.0,342.0,104.0,9.0,57.0,500.0,177.0,500.0,474.0,165.0
342,17.0,104.0,67.0,500.0,500.0,58.0,500.0,500.0,99.0,126.0,209.0,87.0,10.0,246.0,9.0,154.0,9.0,385.0,171.0,500.0,276.0,166.0,178.0,388.0,9.0,84.0,500.0,116.0,270.0,500.0,163.0,500.0,9.0,500.0,500.0,23.0,141.0,10.0,242.0,500.0,500.0,315.0,182.0,9.0,21.0,500.0,210.0,500.0,446.0,158.0
343,61.0,103.0,78.0,500.0,500.0,70.0,137.0,358.0,98.0,183.0,490.0,131.0,10.0,249.0,9.0,27.0,9.0,500.0,203.0,500.0,395.0,25.0,157.0,500.0,9.0,92.0,500.0,220.0,349.0,500.0,134.0,500.0,12.0,500.0,500.0,15.0,131.0,10.0,148.0,500.0,500.0,378.0,228.0,9.0,59.0,500.0,222.0,500.0,500.0,192.0
344,70.0,104.0,59.0,279.0,500.0,58.0,500.0,431.0,99.0,196.0,411.0,82.0,10.0,273.0,9.0,74.0,9.0,500.0,123.0,500.0,500.0,144.0,154.0,500.0,9.0,104.0,500.0,179.0,412.0,500.0,133.0,500.0,9.0,500.0,500.0,43.0,308.0,10.0,194.0,500.0,500.0,363.0,145.0,9.0,79.0,500.0,377.0,500.0,500.0,169.0
345,36.0,108.0,70.0,232.0,158.0,51.0,243.0,289.0,98.0,137.0,287.0,69.0,10.0,285.0,9.0,172.0,9.0,500.0,148.0,500.0,500.0,319.0,186.0,500.0,9.0,93.0,500.0,110.0,130.0,500.0,149.0,500.0,12.0,500.0,500.0,54.0,313.0,10.0,133.0,500.0,500.0,437.0,35.0,9.0,35.0,500.0,190.0,500.0,450.0,196.0
346,233.0,105.0,65.0,218.0,500.0,45.0,347.0,500.0,97.0,162.0,287.0,261.0,10.0,315.0,9.0,76.0,9.0,500.0,180.0,500.0,283.0,59.0,188.0,243.0,9.0,129.0,500.0,68.0,258.0,500.0,208.0,500.0,9.0,500.0,500.0,35.0,421.0,10.0,168.0,500.0,500.0,241.0,356.0,9.0,76.0,500.0,293.0,500.0,500.0,186.0
347,51.0,113.0,63.0,216.0,500.0,99.0,239.0,447.0,97.0,126.0,329.0,83.0,10.0,361.0,9.0,121.0,9.0,378.0,121.0,500.0,234.0,153.0,221.0,500.0,9.0,134.0,500.0,83.0,230.0,500.0,96.0,500.0,10.0,500.0,500.0,17.0,500.0,10.0,181.0,500.0,500.0,391.0,273.0,9.0,40.0,500.0,60.0,500.0,500.0,183.0
348,154.0,113.0,67.0,219.0,500.0,81.0,500.0,354.0,97.0,310.0,296.0,111.0,10.0,386.0,9.0,107.0,9.0,257.0,127.0,500.0,220.0,92.0,221.0,500.0,9.0,109.0,500.0,86.0,220.0,500.0,58.0,500.0,9.0,500.0,500.0,62.0,412.0,10.0,180.0,500.0,500.0,353.0,156.0,9.0,36.0,500.0,219.0,500.0,500.0,33.0
349,131.0,113.0,68.0,193.0,500.0,48.0,238.0,178.0,97.0,149.0,363.0,154.0,10.0,487.0,9.0,30.0,9.0,310.0,163.0,325.0,500.0,171.0,208.0,412.0,9.0,121.0,500.0,71.0,179.0,500.0,196.0,500.0,10.0,500.0,500.0,14.0,161.0,10.0,135.0,500.0,500.0,352.0,127.0,9.0,69.0,500.0,177.0,500.0,500.0,187.0
350,107.0,116.0,65.0,158.0,500.0,96.0,220.0,400.0,97.0,145.0,267.0,53.0,10.0,500.0,9.0,71.0,9.0,274.0,130.0,500.0,219.0,164.0,243.0,500.0,9.0,87.0,500.0,217.0,282.0,500.0,64.0,500.0,9.0,500.0,500.0,47.0,435.0,10.0,135.0,500.0,500.0,210.0,161.0,9.0,23.0,500.0,320.0,500.0,500.0,192.0
351,225.0,123.0,65.0,142.0,500.0,56.0,174.0,500.0,97.0,209.0,480.0,106.0,10.0,500.0,9.0,79.0,9.0,381.0,171.0,500.0,500.0,66.0,178.0,353.0,9.0,151.0,500.0,65.0,126.0,500.0,176.0,500.0,9.0,500.0,500.0,44.0,298.0,10.0,143.0,500.0,500.0,418.0,27.0,9.0,106.0,500.0,189.0,500.0,500.0,212.0
352,167.0,123.0,65.0,118.0,500.0,48.0,148.0,167.0,97.0,165.0,341.0,84.0,10.0,500.0,9.0,153.0,9.0,402.0,192.0,500.0,500.0,166.0,178.0,500.0,9.0,115.0,500.0,159.0,308.0,500.0,26.0,500.0,9.0,500.0,500.0,23.0,264.0,10.0,195.0,500.0,500.0,333.0,58.0,9.0,22.0,500.0,251.0,500.0,500.0,216.0
353,172.0,131.0,56.0,105.0,500.0,60.0,137.0,490.0,97.0,112.0,500.0,134.0,10.0,500.0,9.0,30.0,9.0,193.0,175.0,500.0,250.0,25.0,234.0,500.0,9.0,95.0,500.0,153.0,178.0,500.0,66.0,500.0,9.0,500.0,500.0,25.0,276.0,10.0,126.0,500.0,500.0,226.0,184.0,9.0,35.0,500.0,42.0,204.0,500.0,199.0
354,262.0,136.0,57.0,89.0,500.0,69.0,275.0,426.0,97.0,137.0,280.0,60.0,10.0,500.0,9.0,100.0,9.0,232.0,145.0,500.0,500.0,49.0,143.0,426.0,9.0,500.0,500.0,159.0,380.0,500.0,280.0,500.0,9.0,500.0,500.0,103.0,284.0,10.0,155.0,500.0,500.0,372.0,104.0,9.0,61.0,500.0,156.0,500.0,500.0,206.0
355,174.0,145.0,69.0,72.0,241.0,50.0,287.0,500.0,97.0,153.0,500.0,165.0,10.0,500.0,9.0,26.0,9.0,431.0,124.0,500.0,414.0,209.0,140.0,500.0,9.0,99.0,500.0,232.0,273.0,500.0,171.0,500.0,12.0,500.0,500.0,62.0,224.0,10.0,140.0,500.0,500.0,449.0,74.0,9.0,50.0,500.0,370.0,344.0,500.0,217.0
356,139.0,77.0,54.0,87.0,500.0,41.0,187.0,452.0,97.0,162.0,342.0,50.0,10.0,500.0,9.0,120.0,9.0,321.0,132.0,500.0,380.0,51.0,112.0,447.0,9.0,114.0,500.0,159.0,274.0,500.0,67.0,500.0,12.0,500.0,500.0,51.0,393.0,10.0,153.0,500.0,500.0,500.0,188.0,9.0,24.0,500.0,297.0,500.0,500.0,205.0
357,257.0,65.0,53.0,98.0,500.0,29.0,207.0,158.0,97.0,178.0,500.0,112.0,10.0,500.0,9.0,46.0,9.0,500.0,170.0,500.0,493.0,39.0,112.0,500.0,9.0,92.0,500.0,197.0,121.0,500.0,102.0,500.0,10.0,500.0,500.0,16.0,326.0,10.0,165.0,500.0,500.0,455.0,266.0,9.0,21.0,500.0,132.0,500.0,500.0,197.0
358,78.0,64.0,47.0,87.0,391.0,47.0,212.0,500.0,97.0,295.0,500.0,94.0,10.0,500.0,9.0,79.0,9.0,256.0,142.0,500.0,500.0,43.0,99.0,500.0,9.0,92.0,500.0,134.0,365.0,500.0,215.0,500.0,9.0,500.0,500.0,14.0,132.0,10.0,94.0,500.0,500.0,500.0,141.0,9.0,86.0,500.0,215.0,500.0,500.0,242.0
359,78.0,86.0,44.0,81.0,500.0,35.0,154.0,500.0,97.0,175.0,398.0,56.0,10.0,500.0,9.0,123.0,9.0,274.0,121.0,181.0,500.0,77.0,104.0,500.0,9.0,100.0,500.0,207.0,223.0,500.0,128.0,500.0,14.0,500.0,500.0,32.0,445.0,10.0,56.0,500.0,500.0,343.0,85.0,9.0,21.0,500.0,383.0,500.0,500.0,224.0
360,159.0,125.0,51.0,86.0,500.0,43.0,198.0,248.0,96.0,137.0,500.0,115.0,10.0,500.0,9.0,25.0,9.0,306.0,161.0,500.0,490.0,298.0,94.0,500.0,9.0,102.0,500.0,262.0,212.0,500.0,159.0,500.0,11.0,500.0,500.0,26.0,269.0,10.0,147.0,500.0,500.0,500.0,251.0,9.0,48.0,500.0,172.0,500.0,500.0,240.0
361,291.0,143.0,52.0,92.0,500.0,40.0,108.0,419.0,96.0,301.0,500.0,66.0,10.0,500.0,9.0,56.0,9.0,263.0,127.0,500.0,500.0,95.0,96.0,500.0,9.0,114.0,500.0,138.0,322.0,500.0,164.0,500.0,10.0,500.0,500.0,46.0,500.0,10.0,161.0,500.0,500.0,500.0,106.0,9.0,64.0,500.0,137.0,500.0,430.0,230.0
362,86.0,143.0,44.0,106.0,416.0,79.0,154.0,485.0,97.0,126.0,211.0,102.0,10.0,500.0,9.0,20.0,9.0,162.0,146.0,500.0,301.0,350.0,109.0,500.0,9.0,126.0,500.0,63.0,356.0,500.0,295.0,500.0,16.0,500.0,500.0,25.0,199.0,10.0,329.0,500.0,500.0,255.0,219.0,9.0,25.0,500.0,186.0,500.0,500.0,203.0
363,105.0,139.0,52.0,117.0,500.0,33.0,271.0,363.0,97.0,146.0,500.0,102.0,10.0,500.0,9.0,53.0,9.0,354.0,176.0,500.0,490.0,193.0,103.0,477.0,9.0,101.0,500.0,170.0,275.0,500.0,104.0,500.0,9.0,500.0,500.0,29.0,500.0,10.0,439.0,500.0,500.0,500.0,161.0,9.0,28.0,500.0,200.0,500.0,500.0,216.0
364,243.0,129.0,42.0,125.0,500.0,71.0,114.0,500.0,97.0,221.0,500.0,103.0,10.0,500.0,9.0,114.0,9.0,414.0,119.0,500.0,209.0,179.0,102.0,412.0,9.0,112.0,500.0,208.0,224.0,500.0,162.0,500.0,11.0,500.0,500.0,26.0,207.0,10.0,123.0,500.0,500.0,417.0,169.0,9.0,16.0,500.0,235.0,500.0,500.0,245.0
365,70.0,124.0,44.0,136.0,500.0,38.0,175.0,500.0,97.0,146.0,430.0,68.0,10.0,500.0,9.0,105.0,9.0,500.0,126.0,500.0,500.0,77.0,126.0,231.0,9.0,108.0,500.0,36.0,283.0,500.0,214.0,500.0,11.0,500.0,500.0,83.0,337.0,10.0,59.0,500.0,500.0,279.0,248.0,9.0,22.0,500.0,135.0,500.0,500.0,200.0
366,114.0,124.0,43.0,143.0,457.0,107.0,205.0,500.0,97.0,117.0,500.0,111.0,10.0,500.0,9.0,171.0,9.0,439.0,208.0,500.0,500.0,59.0,123.0,326.0,9.0,119.0,500.0,174.0,288.0,500.0,122.0,500.0,10.0,500.0,500.0,63.0,435.0,10.0,188.0,500.0,500.0,395.0,164.0,9.0,31.0,500.0,257.0,500.0,500.0,149.0
367,127.0,115.0,39.0,154.0,453.0,25.0,140.0,267.0,97.0,170.0,345.0,103.0,10.0,500.0,9.0,174.0,9.0,500.0,126.0,500.0,500.0,160.0,119.0,466.0,9.0,136.0,500.0,26.0,112.0,500.0,296.0,500.0,20.0,500.0,500.0,34.0,141.0,10.0,151.0,500.0,500.0,450.0,313.0,9.0,35.0,500.0,283.0,500.0,497.0,231.0
368,105.0,116.0,46.0,162.0,500.0,82.0,149.0,500.0,97.0,146.0,313.0,65.0,10.0,500.0,9.0,70.0,9.0,500.0,152.0,500.0,500.0,32.0,131.0,500.0,9.0,211.0,500.0,132.0,252.0,500.0,108.0,469.0,10.0,500.0,500.0,61.0,330.0,10.0,344.0,500.0,500.0,500.0,209.0,9.0,58.0,345.0,116.0,360.0,500.0,224.0
369,132.0,116.0,44.0,167.0,500.0,42.0,149.0,500.0,97.0,139.0,295.0,68.0,10.0,500.0,9.0,103.0,9.0,166.0,114.0,500.0,500.0,320.0,161.0,500.0,9.0,132.0,500.0,183.0,201.0,500.0,212.0,500.0,10.0,500.0,500.0,17.0,500.0,10.0,151.0,500.0,500.0,332.0,205.0,9.0,39.0,243.0,260.0,500.0,500.0,301.0
370,65.0,111.0,43.0,169.0,444.0,121.0,147.0,500.0,57.0,178.0,114.0,108.0,10.0,500.0,9.0,218.0,9.0,484.0,126.0,500.0,327.0,147.0,149.0,500.0,9.0,216.0,500.0,205.0,291.0,500.0,192.0,500.0,11.0,500.0,500.0,33.0,134.0,10.0,325.0,454.0,500.0,489.0,357.0,9.0,45.0,292.0,251.0,500.0,500.0,100.0
371,97.0,115.0,42.0,170.0,270.0,16.0,200.0,478.0,98.0,395.0,238.0,115.0,10.0,500.0,9.0,74.0,9.0,500.0,130.0,500.0,500.0,108.0,185.0,500.0,9.0,237.0,500.0,178.0,238.0,500.0,278.0,500.0,12.0,500.0,500.0,32.0,364.0,10.0,71.0,500.0,500.0,500.0,81.0,9.0,36.0,369.0,274.0,500.0,500.0,301.0
372,155.0,111.0,37.0,168.0,500.0,43.0,134.0,500.0,98.0,224.0,180.0,63.0,10.0,500.0,9.0,113.0,9.0,500.0,190.0,500.0,388.0,201.0,426.0,355.0,9.0,203.0,500.0,141.0,181.0,500.0,237.0,500.0,11.0,500.0,500.0,22.0,316.0,10.0,500.0,500.0,500.0,500.0,206.0,9.0,39.0,359.0,118.0,500.0,500.0,323.0
373,275.0,109.0,45.0,165.0,500.0,89.0,134.0,500.0,97.0,236.0,158.0,208.0,10.0,500.0,9.0,39.0,9.0,500.0,173.0,500.0,500.0,180.0,428.0,295.0,9.0,500.0,500.0,186.0,196.0,500.0,32.0,500.0,11.0,500.0,500.0,50.0,375.0,10.0,133.0,500.0,500.0,500.0,212.0,9.0,39.0,251.0,315.0,500.0,489.0,249.0
374,187.0,113.0,37.0,162.0,500.0,73.0,172.0,500.0,98.0,108.0,206.0,156.0,10.0,500.0,9.0,129.0,9.0,500.0,175.0,500.0,500.0,127.0,174.0,500.0,9.0,500.0,500.0,110.0,247.0,500.0,124.0,500.0,21.0,500.0,500.0,49.0,448.0,10.0,219.0,500.0,500.0,500.0,224.0,9.0,27.0,329.0,157.0,500.0,446.0,358.0
375,105.0,109.0,44.0,161.0,352.0,38.0,169.0,500.0,97.0,121.0,179.0,202.0,10.0,500.0,9.0,100.0,9.0,480.0,171.0,500.0,500.0,36.0,171.0,344.0,9.0,500.0,500.0,106.0,238.0,500.0,128.0,500.0,11.0,500.0,500.0,20.0,354.0,10.0,309.0,500.0,500.0,500.0,366.0,9.0,16.0,261.0,271.0,500.0,393.0,331.0
376,129.0,109.0,43.0,160.0,438.0,118.0,140.0,309.0,98.0,246.0,185.0,134.0,10.0,500.0,9.0,149.0,9.0,500.0,150.0,500.0,500.0,26.0,178.0,430.0,9.0,500.0,500.0,139.0,249.0,500.0,46.0,500.0,14.0,500.0,500.0,23.0,258.0,10.0,500.0,500.0,500.0,500.0,248.0,9.0,36.0,319.0,132.0,500.0,500.0,397.0
377,175.0,110.0,46.0,157.0,500.0,53.0,192.0,495.0,97.0,414.0,177.0,145.0,10.0,500.0,9.0,40.0,9.0,276.0,207.0,500.0,380.0,53.0,151.0,427.0,9.0,500.0,500.0,154.0,186.0,500.0,96.0,500.0,12.0,500.0,500.0,19.0,500.0,10.0,367.0,500.0,500.0,500.0,131.0,9.0,18.0,367.0,168.0,500.0,500.0,267.0
378,157.0,107.0,48.0,146.0,500.0,78.0,199.0,500.0,99.0,275.0,117.0,118.0,10.0,500.0,9.0,111.0,9.0,82.0,95.0,500.0,500.0,181.0,112.0,500.0,9.0,500.0,500.0,48.0,192.0,500.0,208.0,500.0,21.0,500.0,500.0,43.0,143.0,10.0,187.0,362.0,500.0,500.0,166.0,9.0,36.0,252.0,240.0,500.0,500.0,103.0
379,183.0,111.0,43.0,139.0,500.0,37.0,125.0,499.0,97.0,284.0,131.0,126.0,10.0,500.0,9.0,76.0,9.0,500.0,237.0,500.0,500.0,143.0,168.0,400.0,9.0,500.0,500.0,53.0,233.0,500.0,81.0,500.0,11.0,500.0,500.0,31.0,340.0,10.0,297.0,500.0,500.0,500.0,389.0,9.0,53.0,278.0,215.0,240.0,500.0,256.0
380,66.0,111.0,47.0,134.0,336.0,84.0,146.0,208.0,97.0,317.0,148.0,32.0,10.0,500.0,9.0,41.0,9.0,500.0,141.0,500.0,475.0,98.0,132.0,368.0,9.0,500.0,500.0,88.0,157.0,500.0,135.0,500.0,13.0,500.0,500.0,44.0,255.0,10.0,242.0,500.0,500.0,500.0,152.0,9.0,19.0,393.0,249.0,500.0,500.0,36.0
381,132.0,111.0,56.0,126.0,500.0,39.0,204.0,373.0,96.0,306.0,141.0,81.0,10.0,500.0,9.0,35.0,9.0,500.0,218.0,500.0,500.0,34.0,140.0,313.0,9.0,500.0,500.0,85.0,219.0,500.0,101.0,500.0,18.0,500.0,500.0,71.0,243.0,10.0,452.0,500.0,500.0,500.0,154.0,9.0,50.0,326.0,284.0,500.0,500.0,92.0
382,48.0,115.0,69.0,122.0,500.0,37.0,123.0,403.0,97.0,221.0,143.0,187.0,10.0,500.0,9.0,88.0,9.0,500.0,214.0,500.0,272.0,193.0,113.0,459.0,9.0,500.0,500.0,237.0,208.0,500.0,29.0,500.0,26.0,500.0,500.0,43.0,154.0,10.0,196.0,500.0,500.0,500.0,40.0,9.0,58.0,345.0,308.0,500.0,491.0,453.0
383,90.0,115.0,71.0,118.0,500.0,174.0,184.0,500.0,96.0,192.0,137.0,179.0,10.0,500.0,9.0,139.0,9.0,500.0,235.0,500.0,500.0,121.0,124.0,399.0,9.0,500.0,500.0,150.0,135.0,500.0,83.0,500.0,16.0,500.0,500.0,29.0,258.0,10.0,216.0,500.0,500.0,500.0,232.0,9.0,97.0,446.0,198.0,500.0,430.0,193.0
384,176.0,111.0,62.0,113.0,500.0,114.0,208.0,476.0,96.0,399.0,142.0,299.0,10.0,500.0,9.0,113.0,9.0,500.0,201.0,500.0,500.0,177.0,106.0,500.0,9.0,500.0,500.0,170.0,177.0,500.0,107.0,500.0,21.0,500.0,500.0,24.0,346.0,10.0,258.0,500.0,500.0,254.0,137.0,9.0,26.0,288.0,285.0,500.0,375.0,255.0
385,183.0,115.0,75.0,111.0,500.0,107.0,151.0,496.0,96.0,482.0,121.0,153.0,10.0,500.0,9.0,60.0,9.0,468.0,268.0,500.0,500.0,162.0,105.0,274.0,9.0,146.0,500.0,142.0,208.0,500.0,302.0,500.0,40.0,500.0,500.0,42.0,500.0,10.0,371.0,500.0,500.0,500.0,130.0,9.0,30.0,356.0,279.0,500.0,500.0,107.0
386,203.0,111.0,133.0,108.0,500.0,46.0,195.0,304.0,96.0,235.0,148.0,106.0,10.0,500.0,9.0,61.0,9.0,500.0,209.0,500.0,329.0,155.0,108.0,439.0,9.0,146.0,500.0,186.0,193.0,500.0,191.0,500.0,22.0,500.0,500.0,29.0,125.0,10.0,236.0,500.0,500.0,368.0,97.0,9.0,65.0,360.0,281.0,500.0,500.0,247.0
387,117.0,115.0,106.0,106.0,500.0,96.0,147.0,468.0,96.0,500.0,121.0,278.0,10.0,500.0,9.0,249.0,9.0,500.0,275.0,500.0,388.0,185.0,110.0,437.0,9.0,141.0,500.0,178.0,175.0,500.0,371.0,500.0,13.0,500.0,500.0,47.0,266.0,10.0,230.0,500.0,500.0,500.0,266.0,9.0,27.0,497.0,97.0,500.0,500.0,244.0
388,48.0,115.0,130.0,106.0,500.0,69.0,213.0,500.0,95.0,157.0,137.0,330.0,10.0,500.0,9.0,121.0,9.0,179.0,255.0,500.0,500.0,160.0,109.0,451.0,9.0,146.0,500.0,289.0,154.0,500.0,134.0,500.0,18.0,500.0,367.0,18.0,240.0,10.0,332.0,500.0,500.0,500.0,107.0,9.0,12.0,303.0,169.0,500.0,500.0,259.0
389,148.0,115.0,111.0,104.0,314.0,45.0,167.0,476.0,96.0,472.0,144.0,258.0,10.0,500.0,9.0,231.0,9.0,500.0,218.0,500.0,500.0,219.0,125.0,500.0,9.0,128.0,500.0,111.0,268.0,500.0,493.0,190.0,14.0,500.0,324.0,23.0,323.0,10.0,500.0,500.0,500.0,296.0,118.0,9.0,15.0,489.0,195.0,500.0,500.0,257.0
390,88.0,115.0,147.0,104.0,453.0,81.0,194.0,396.0,97.0,90.0,146.0,141.0,10.0,500.0,9.0,111.0,9.0,203.0,304.0,500.0,475.0,150.0,112.0,434.0,9.0,128.0,500.0,154.0,181.0,500.0,396.0,500.0,49.0,500.0,249.0,23.0,318.0,10.0,140.0,500.0,500.0,290.0,188.0,9.0,53.0,325.0,177.0,500.0,500.0,120.0
391,165.0,116.0,134.0,102.0,500.0,59.0,193.0,318.0,96.0,500.0,171.0,124.0,10.0,500.0,9.0,120.0,9.0,336.0,428.0,500.0,500.0,176.0,123.0,500.0,9.0,123.0,500.0,171.0,205.0,500.0,363.0,500.0,77.0,500.0,214.0,23.0,272.0,10.0,166.0,500.0,500.0,500.0,51.0,9.0,42.0,370.0,127.0,500.0,500.0,220.0
392,89.0,115.0,143.0,103.0,473.0,114.0,187.0,482.0,96.0,75.0,189.0,221.0,10.0,500.0,9.0,140.0,9.0,500.0,341.0,500.0,500.0,121.0,181.0,500.0,9.0,120.0,500.0,58.0,161.0,500.0,285.0,500.0,48.0,500.0,188.0,48.0,237.0,10.0,229.0,500.0,500.0,453.0,279.0,9.0,20.0,377.0,153.0,500.0,500.0,221.0
393,119.0,115.0,118.0,102.0,500.0,132.0,172.0,500.0,97.0,142.0,127.0,34.0,10.0,500.0,9.0,71.0,9.0,357.0,264.0,500.0,500.0,386.0,172.0,500.0,9.0,120.0,500.0,117.0,198.0,500.0,140.0,500.0,33.0,500.0,168.0,32.0,463.0,10.0,210.0,500.0,500.0,500.0,169.0,9.0,21.0,329.0,322.0,500.0,500.0,249.0
394,130.0,111.0,95.0,103.0,500.0,85.0,163.0,500.0,97.0,160.0,147.0,73.0,10.0,500.0,9.0,60.0,9.0,393.0,125.0,500.0,500.0,52.0,191.0,500.0,9.0,115.0,500.0,315.0,209.0,500.0,196.0,500.0,47.0,500.0,165.0,52.0,230.0,10.0,163.0,500.0,500.0,500.0,385.0,9.0,47.0,330.0,336.0,500.0,396.0,129.0
395,296.0,111.0,90.0,103.0,500.0,46.0,120.0,497.0,97.0,186.0,125.0,111.0,10.0,500.0,9.0,172.0,9.0,500.0,317.0,500.0,474.0,209.0,221.0,407.0,9.0,116.0,500.0,128.0,210.0,500.0,117.0,500.0,17.0,500.0,163.0,67.0,181.0,10.0,101.0,500.0,500.0,449.0,150.0,9.0,44.0,500.0,182.0,500.0,434.0,139.0
396,110.0,115.0,106.0,101.0,500.0,62.0,182.0,500.0,96.0,500.0,118.0,134.0,10.0,500.0,9.0,76.0,9.0,271.0,294.0,500.0,500.0,255.0,208.0,334.0,9.0,112.0,500.0,146.0,228.0,500.0,267.0,500.0,29.0,500.0,164.0,25.0,414.0,10.0,356.0,500.0,500.0,500.0,99.0,9.0,52.0,303.0,448.0,500.0,500.0,243.0
397,115.0,111.0,103.0,102.0,500.0,74.0,322.0,500.0,96.0,299.0,123.0,84.0,10.0,500.0,9.0,148.0,9.0,500.0,406.0,500.0,500.0,53.0,238.0,500.0,9.0,112.0,500.0,131.0,264.0,500.0,186.0,500.0,40.0,500.0,164.0,31.0,226.0,10.0,307.0,500.0,500.0,500.0,166.0,9.0,155.0,252.0,169.0,500.0,500.0,139.0
398,104.0,115.0,78.0,101.0,500.0,49.0,180.0,449.0,97.0,303.0,152.0,106.0,10.0,453.0,9.0,117.0,9.0,301.0,284.0,500.0,500.0,194.0,327.0,500.0,9.0,112.0,500.0,199.0,208.0,500.0,136.0,500.0,80.0,500.0,16.0,36.0,356.0,10.0,500.0,500.0,500.0,500.0,217.0,9.0,38.0,362.0,116.0,500.0,469.0,144.0
399,140.0,115.0,83.0,103.0,500.0,29.0,207.0,500.0,97.0,423.0,133.0,288.0,10.0,488.0,9.0,35.0,9.0,380.0,192.0,500.0,500.0,144.0,273.0,361.0,9.0,116.0,500.0,220.0,184.0,500.0,33.0,500.0,80.0,500.0,170.0,13.0,469.0,10.0,500.0,500.0,500.0,500.0,231.0,9.0,14.0,423.0,100.0,500.0,318.0,52.0
400,147.0,111.0,72.0,104.0,500.0,112.0,174.0,470.0,96.0,234.0,114.0,99.0,10.0,416.0,9.0,111.0,9.0,217.0,246.0,500.0,500.0,307.0,257.0,500.0,9.0,119.0,500.0,158.0,160.0,500.0,77.0,500.0,86.0,500.0,177.0,15.0,176.0,10.0,183.0,500.0,500.0,500.0,154.0,9.0,47.0,500.0,500.0,500.0,500.0,123.0
401,76.0,111.0,89.0,105.0,500.0,75.0,258.0,500.0,96.0,378.0,111.0,151.0,10.0,334.0,9.0,66.0,9.0,386.0,253.0,500.0,500.0,170.0,286.0,500.0,9.0,123.0,500.0,205.0,240.0,500.0,500.0,500.0,24.0,500.0,177.0,37.0,148.0,10.0,223.0,500.0,500.0,500.0,231.0,9.0,21.0,251.0,134.0,500.0,409.0,119.0
402,252.0,111.0,78.0,104.0,370.0,58.0,226.0,500.0,96.0,224.0,102.0,145.0,10.0,343.0,9.0,99.0,9.0,344.0,204.0,500.0,500.0,301.0,359.0,437.0,9.0,126.0,500.0,337.0,238.0,500.0,152.0,500.0,75.0,500.0,189.0,54.0,233.0,10.0,288.0,500.0,500.0,500.0,228.0,9.0,44.0,458.0,294.0,500.0,500.0,212.0
403,193.0,107.0,70.0,105.0,500.0,60.0,318.0,436.0,96.0,237.0,148.0,110.0,10.0,337.0,9.0,48.0,9.0,297.0,214.0,500.0,500.0,281.0,500.0,500.0,9.0,121.0,500.0,134.0,201.0,500.0,78.0,500.0,68.0,500.0,193.0,14.0,362.0,10.0,500.0,413.0,500.0,500.0,115.0,9.0,29.0,402.0,292.0,500.0,500.0,150.0
404,181.0,110.0,69.0,105.0,500.0,166.0,285.0,500.0,96.0,390.0,130.0,127.0,10.0,313.0,9.0,19.0,9.0,474.0,274.0,500.0,500.0,241.0,500.0,316.0,9.0,130.0,500.0,160.0,250.0,500.0,102.0,500.0,65.0,500.0,205.0,43.0,166.0,10.0,273.0,222.0,500.0,500.0,128.0,9.0,28.0,367.0,314.0,500.0,500.0,185.0
405,304.0,111.0,58.0,104.0,500.0,49.0,202.0,348.0,96.0,185.0,113.0,168.0,10.0,322.0,9.0,39.0,9.0,304.0,214.0,500.0,500.0,362.0,500.0,500.0,9.0,146.0,500.0,109.0,277.0,500.0,82.0,500.0,51.0,500.0,216.0,38.0,467.0,10.0,156.0,500.0,500.0,500.0,151.0,9.0,24.0,500.0,193.0,500.0,500.0,147.0
406,67.0,111.0,58.0,105.0,500.0,98.0,450.0,410.0,97.0,297.0,100.0,159.0,10.0,291.0,9.0,110.0,9.0,282.0,186.0,500.0,500.0,181.0,500.0,500.0,9.0,147.0,500.0,184.0,187.0,500.0,380.0,500.0,37.0,500.0,230.0,48.0,229.0,10.0,275.0,500.0,500.0,500.0,149.0,9.0,32.0,500.0,310.0,500.0,500.0,52.0
407,38.0,111.0,58.0,105.0,500.0,69.0,500.0,485.0,96.0,291.0,98.0,200.0,10.0,304.0,9.0,232.0,9.0,448.0,225.0,500.0,500.0,156.0,500.0,500.0,9.0,153.0,500.0,306.0,252.0,500.0,196.0,500.0,85.0,500.0,258.0,41.0,316.0,10.0,500.0,500.0,500.0,500.0,243.0,9.0,32.0,332.0,207.0,500.0,500.0,143.0
408,266.0,109.0,47.0,104.0,315.0,66.0,375.0,384.0,98.0,366.0,103.0,128.0,10.0,312.0,9.0,134.0,9.0,248.0,117.0,500.0,500.0,246.0,500.0,500.0,9.0,155.0,500.0,104.0,229.0,500.0,252.0,500.0,120.0,500.0,257.0,68.0,228.0,10.0,323.0,500.0,500.0,500.0,188.0,9.0,49.0,500.0,199.0,500.0,500.0,276.0
409,265.0,116.0,45.0,105.0,500.0,85.0,500.0,500.0,98.0,149.0,82.0,60.0,10.0,289.0,9.0,76.0,9.0,500.0,113.0,500.0,63.0,265.0,500.0,500.0,9.0,500.0,500.0,205.0,262.0,500.0,36.0,500.0,182.0,500.0,289.0,13.0,500.0,10.0,500.0,500.0,500.0,500.0,287.0,9.0,45.0,476.0,110.0,500.0,500.0,119.0
410,339.0,115.0,44.0,103.0,276.0,67.0,500.0,500.0,97.0,221.0,106.0,163.0,10.0,297.0,9.0,285.0,9.0,247.0,167.0,500.0,500.0,184.0,500.0,500.0,9.0,497.0,500.0,152.0,269.0,500.0,194.0,500.0,102.0,500.0,307.0,50.0,214.0,10.0,500.0,500.0,500.0,500.0,179.0,9.0,54.0,500.0,175.0,500.0,500.0,135.0
411,161.0,115.0,41.0,103.0,500.0,126.0,500.0,500.0,98.0,163.0,77.0,40.0,10.0,264.0,9.0,65.0,9.0,194.0,180.0,500.0,351.0,107.0,500.0,500.0,9.0,384.0,500.0,153.0,314.0,500.0,121.0,500.0,187.0,500.0,317.0,86.0,275.0,10.0,500.0,500.0,500.0,500.0,159.0,9.0,59.0,479.0,335.0,500.0,500.0,158.0
412,167.0,117.0,43.0,103.0,500.0,66.0,500.0,500.0,98.0,158.0,103.0,172.0,10.0,283.0,9.0,135.0,9.0,500.0,125.0,500.0,500.0,121.0,500.0,500.0,9.0,149.0,500.0,191.0,303.0,500.0,164.0,500.0,142.0,500.0,322.0,29.0,82.0,10.0,500.0,500.0,500.0,500.0,195.0,9.0,34.0,487.0,335.0,500.0,500.0,267.0
413,118.0,115.0,44.0,103.0,500.0,99.0,170.0,500.0,97.0,169.0,107.0,205.0,10.0,295.0,9.0,93.0,9.0,410.0,167.0,500.0,500.0,255.0,390.0,324.0,9.0,147.0,500.0,170.0,208.0,500.0,301.0,500.0,110.0,500.0,318.0,55.0,223.0,10.0,500.0,500.0,500.0,500.0,135.0,9.0,23.0,500.0,158.0,500.0,500.0,258.0
414,137.0,115.0,38.0,102.0,500.0,124.0,500.0,500.0,98.0,199.0,85.0,268.0,10.0,296.0,9.0,75.0,9.0,380.0,165.0,500.0,500.0,242.0,352.0,500.0,9.0,141.0,500.0,171.0,237.0,500.0,329.0,500.0,185.0,500.0,335.0,43.0,500.0,10.0,442.0,500.0,500.0,500.0,231.0,9.0,40.0,500.0,309.0,500.0,500.0,142.0
415,124.0,126.0,38.0,102.0,99.0,75.0,356.0,500.0,97.0,182.0,57.0,328.0,10.0,282.0,9.0,239.0,9.0,441.0,150.0,500.0,500.0,500.0,342.0,500.0,9.0,132.0,500.0,239.0,273.0,500.0,233.0,500.0,60.0,500.0,331.0,56.0,187.0,10.0,252.0,500.0,500.0,500.0,106.0,9.0,63.0,500.0,244.0,500.0,412.0,151.0
416,84.0,126.0,40.0,101.0,500.0,64.0,101.0,500.0,98.0,198.0,94.0,218.0,10.0,286.0,9.0,105.0,9.0,491.0,151.0,500.0,500.0,199.0,290.0,500.0,9.0,141.0,500.0,213.0,252.0,500.0,247.0,500.0,204.0,500.0,336.0,52.0,225.0,10.0,500.0,500.0,500.0,500.0,239.0,9.0,49.0,500.0,298.0,500.0,500.0,257.0
417,238.0,126.0,38.0,99.0,500.0,35.0,201.0,478.0,98.0,198.0,74.0,164.0,10.0,295.0,9.0,202.0,9.0,363.0,174.0,500.0,346.0,424.0,292.0,500.0,9.0,146.0,500.0,133.0,291.0,500.0,168.0,500.0,168.0,500.0,312.0,20.0,220.0,10.0,500.0,500.0,500.0,500.0,190.0,9.0,46.0,466.0,500.0,500.0,500.0,267.0
418,112.0,155.0,34.0,99.0,500.0,147.0,299.0,498.0,98.0,243.0,91.0,191.0,10.0,284.0,9.0,115.0,9.0,500.0,141.0,225.0,500.0,105.0,274.0,500.0,9.0,139.0,500.0,97.0,162.0,500.0,342.0,500.0,160.0,500.0,299.0,26.0,345.0,10.0,500.0,500.0,500.0,500.0,295.0,9.0,28.0,423.0,180.0,500.0,500.0,233.0
419,138.0,148.0,38.0,100.0,500.0,71.0,333.0,500.0,99.0,230.0,83.0,139.0,10.0,326.0,9.0,126.0,9.0,312.0,152.0,500.0,500.0,190.0,268.0,500.0,9.0,147.0,500.0,190.0,358.0,500.0,200.0,500.0,161.0,500.0,288.0,29.0,207.0,10.0,500.0,500.0,500.0,500.0,86.0,9.0,24.0,433.0,217.0,500.0,500.0,144.0
420,190.0,170.0,43.0,100.0,500.0,87.0,241.0,500.0,98.0,163.0,101.0,214.0,10.0,288.0,9.0,61.0,9.0,431.0,121.0,402.0,500.0,101.0,245.0,500.0,9.0,139.0,500.0,161.0,360.0,500.0,273.0,500.0,155.0,500.0,275.0,51.0,388.0,10.0,422.0,500.0,500.0,500.0,144.0,9.0,52.0,500.0,199.0,500.0,500.0,220.0
421,123.0,173.0,48.0,100.0,500.0,72.0,369.0,500.0,97.0,196.0,68.0,218.0,10.0,280.0,9.0,185.0,9.0,347.0,139.0,369.0,334.0,177.0,248.0,500.0,9.0,150.0,500.0,176.0,239.0,500.0,161.0,500.0,124.0,500.0,256.0,21.0,164.0,10.0,500.0,500.0,500.0,500.0,134.0,9.0,29.0,500.0,139.0,500.0,500.0,131.0
422,139.0,197.0,50.0,100.0,500.0,26.0,477.0,500.0,97.0,153.0,84.0,48.0,10.0,300.0,9.0,209.0,9.0,338.0,162.0,500.0,500.0,83.0,254.0,500.0,9.0,158.0,500.0,89.0,346.0,500.0,183.0,500.0,103.0,500.0,244.0,38.0,180.0,10.0,397.0,500.0,500.0,500.0,49.0,9.0,36.0,500.0,168.0,500.0,500.0,141.0
423,327.0,73.0,52.0,100.0,500.0,106.0,500.0,500.0,98.0,186.0,65.0,169.0,10.0,332.0,9.0,195.0,9.0,347.0,145.0,500.0,500.0,313.0,230.0,500.0,9.0,228.0,500.0,62.0,110.0,500.0,198.0,500.0,64.0,500.0,237.0,30.0,106.0,10.0,500.0,500.0,500.0,500.0,221.0,9.0,84.0,391.0,268.0,500.0,500.0,244.0
424,203.0,67.0,52.0,99.0,359.0,107.0,238.0,500.0,97.0,202.0,62.0,178.0,10.0,350.0,9.0,254.0,9.0,318.0,147.0,500.0,500.0,53.0,212.0,500.0,9.0,330.0,500.0,317.0,386.0,500.0,265.0,500.0,100.0,500.0,232.0,25.0,259.0,10.0,482.0,500.0,500.0,500.0,322.0,9.0,59.0,500.0,170.0,500.0,500.0,229.0
425,177.0,64.0,59.0,99.0,500.0,131.0,500.0,500.0,97.0,245.0,58.0,113.0,10.0,320.0,9.0,103.0,9.0,500.0,207.0,500.0,500.0,176.0,211.0,500.0,9.0,364.0,500.0,259.0,115.0,500.0,154.0,500.0,63.0,500.0,214.0,50.0,487.0,10.0,500.0,500.0,500.0,500.0,63.0,9.0,43.0,500.0,197.0,500.0,500.0,238.0
426,190.0,56.0,57.0,99.0,365.0,63.0,500.0,500.0,97.0,318.0,91.0,99.0,10.0,312.0,9.0,366.0,9.0,198.0,220.0,500.0,500.0,103.0,200.0,500.0,9.0,416.0,500.0,123.0,400.0,500.0,224.0,500.0,65.0,500.0,199.0,80.0,500.0,10.0,450.0,500.0,500.0,500.0,180.0,9.0,33.0,500.0,141.0,500.0,500.0,252.0
427,111.0,49.0,53.0,99.0,422.0,157.0,500.0,293.0,97.0,231.0,68.0,131.0,10.0,326.0,9.0,119.0,9.0,500.0,246.0,500.0,500.0,184.0,190.0,500.0,9.0,454.0,500.0,76.0,256.0,500.0,147.0,500.0,13.0,500.0,189.0,45.0,500.0,10.0,424.0,500.0,500.0,500.0,210.0,9.0,43.0,500.0,128.0,170.0,500.0,250.0
428,233.0,47.0,56.0,100.0,500.0,94.0,97.0,354.0,97.0,193.0,50.0,88.0,10.0,294.0,9.0,88.0,9.0,500.0,217.0,500.0,500.0,322.0,178.0,366.0,9.0,500.0,500.0,197.0,289.0,500.0,237.0,500.0,16.0,500.0,182.0,23.0,500.0,10.0,500.0,500.0,500.0,500.0,251.0,9.0,40.0,500.0,173.0,500.0,500.0,313.0
429,212.0,43.0,51.0,98.0,500.0,79.0,332.0,500.0,97.0,195.0,58.0,145.0,10.0,286.0,9.0,96.0,9.0,500.0,208.0,500.0,500.0,200.0,155.0,500.0,9.0,500.0,500.0,145.0,391.0,500.0,157.0,500.0,18.0,500.0,172.0,64.0,440.0,10.0,500.0,500.0,500.0,500.0,134.0,9.0,40.0,500.0,194.0,500.0,500.0,267.0
430,294.0,43.0,52.0,99.0,500.0,31.0,500.0,493.0,97.0,180.0,61.0,89.0,10.0,277.0,9.0,105.0,9.0,488.0,235.0,500.0,491.0,34.0,136.0,500.0,9.0,500.0,500.0,202.0,272.0,500.0,288.0,500.0,18.0,500.0,174.0,68.0,151.0,10.0,500.0,500.0,500.0,500.0,293.0,9.0,57.0,500.0,169.0,500.0,500.0,263.0
431,180.0,43.0,55.0,98.0,500.0,40.0,500.0,441.0,97.0,283.0,32.0,172.0,10.0,305.0,9.0,56.0,9.0,477.0,248.0,500.0,500.0,195.0,128.0,500.0,9.0,500.0,500.0,205.0,293.0,500.0,222.0,500.0,22.0,500.0,184.0,21.0,272.0,10.0,500.0,500.0,500.0,500.0,167.0,9.0,120.0,500.0,177.0,500.0,500.0,395.0
432,192.0,43.0,61.0,98.0,500.0,64.0,494.0,500.0,97.0,307.0,86.0,64.0,10.0,302.0,9.0,195.0,9.0,500.0,227.0,500.0,300.0,479.0,120.0,428.0,9.0,500.0,500.0,354.0,322.0,480.0,153.0,500.0,22.0,500.0,175.0,44.0,268.0,10.0,500.0,500.0,500.0,500.0,229.0,9.0,25.0,467.0,157.0,500.0,500.0,231.0
433,125.0,43.0,56.0,98.0,500.0,108.0,197.0,376.0,97.0,461.0,91.0,200.0,10.0,311.0,9.0,350.0,9.0,500.0,274.0,500.0,500.0,55.0,119.0,500.0,9.0,500.0,500.0,158.0,393.0,500.0,241.0,500.0,15.0,500.0,173.0,31.0,256.0,10.0,500.0,500.0,500.0,500.0,143.0,9.0,35.0,500.0,265.0,500.0,500.0,500.0
434,234.0,45.0,56.0,98.0,500.0,51.0,500.0,447.0,97.0,228.0,41.0,60.0,10.0,364.0,9.0,163.0,9.0,500.0,333.0,431.0,500.0,173.0,111.0,500.0,9.0,500.0,500.0,139.0,376.0,500.0,235.0,500.0,15.0,500.0,177.0,29.0,390.0,10.0,500.0,500.0,500.0,500.0,144.0,9.0,53.0,500.0,129.0,500.0,500.0,500.0
435,110.0,43.0,58.0,97.0,500.0,178.0,167.0,500.0,97.0,224.0,94.0,99.0,10.0,392.0,9.0,112.0,9.0,500.0,246.0,500.0,488.0,163.0,120.0,405.0,9.0,369.0,500.0,147.0,386.0,500.0,189.0,500.0,16.0,500.0,185.0,88.0,205.0,10.0,500.0,500.0,500.0,500.0,205.0,9.0,21.0,500.0,170.0,500.0,500.0,165.0
436,142.0,43.0,61.0,97.0,372.0,42.0,344.0,419.0,96.0,498.0,71.0,244.0,10.0,426.0,9.0,77.0,9.0,411.0,220.0,500.0,500.0,222.0,115.0,500.0,9.0,500.0,500.0,130.0,244.0,500.0,123.0,500.0,17.0,500.0,185.0,41.0,211.0,10.0,500.0,500.0,500.0,500.0,187.0,9.0,55.0,500.0,165.0,500.0,500.0,371.0
437,276.0,40.0,63.0,97.0,500.0,60.0,500.0,500.0,97.0,276.0,100.0,217.0,10.0,436.0,9.0,232.0,9.0,500.0,231.0,500.0,500.0,118.0,130.0,314.0,9.0,500.0,500.0,273.0,276.0,500.0,407.0,500.0,14.0,500.0,185.0,68.0,320.0,10.0,500.0,500.0,500.0,500.0,143.0,9.0,40.0,500.0,219.0,500.0,500.0,93.0
438,260.0,40.0,73.0,96.0,500.0,35.0,227.0,328.0,98.0,271.0,65.0,210.0,10.0,464.0,9.0,99.0,9.0,500.0,204.0,500.0,500.0,163.0,121.0,500.0,9.0,172.0,500.0,185.0,277.0,500.0,283.0,500.0,17.0,500.0,191.0,121.0,181.0,10.0,500.0,500.0,500.0,500.0,186.0,9.0,69.0,500.0,141.0,500.0,500.0,151.0
439,107.0,37.0,77.0,97.0,430.0,119.0,500.0,500.0,98.0,470.0,56.0,189.0,10.0,500.0,9.0,238.0,9.0,147.0,200.0,500.0,461.0,181.0,135.0,284.0,9.0,500.0,500.0,162.0,376.0,500.0,157.0,500.0,16.0,500.0,196.0,23.0,477.0,10.0,500.0,500.0,500.0,500.0,177.0,9.0,33.0,500.0,154.0,500.0,428.0,500.0
440,290.0,37.0,83.0,97.0,500.0,52.0,500.0,500.0,97.0,500.0,54.0,131.0,10.0,458.0,9.0,148.0,9.0,500.0,476.0,500.0,373.0,257.0,127.0,500.0,9.0,206.0,500.0,112.0,273.0,500.0,212.0,500.0,19.0,500.0,196.0,63.0,214.0,10.0,481.0,500.0,500.0,276.0,241.0,9.0,41.0,500.0,318.0,500.0,500.0,219.0
441,189.0,34.0,77.0,97.0,500.0,183.0,500.0,500.0,98.0,385.0,103.0,200.0,10.0,477.0,9.0,69.0,9.0,272.0,176.0,500.0,500.0,173.0,134.0,500.0,9.0,192.0,500.0,159.0,382.0,500.0,323.0,500.0,20.0,500.0,193.0,50.0,174.0,10.0,500.0,500.0,500.0,500.0,229.0,9.0,18.0,500.0,154.0,500.0,432.0,89.0
442,170.0,32.0,107.0,95.0,500.0,136.0,244.0,439.0,97.0,454.0,91.0,192.0,10.0,492.0,9.0,150.0,9.0,500.0,86.0,500.0,500.0,174.0,145.0,500.0,9.0,153.0,500.0,202.0,439.0,500.0,420.0,500.0,20.0,500.0,193.0,27.0,172.0,10.0,386.0,500.0,500.0,500.0,127.0,9.0,38.0,500.0,254.0,500.0,500.0,134.0
443,170.0,32.0,109.0,96.0,500.0,85.0,500.0,421.0,98.0,500.0,108.0,92.0,10.0,500.0,9.0,147.0,9.0,500.0,500.0,500.0,500.0,343.0,142.0,500.0,9.0,236.0,500.0,177.0,394.0,168.0,272.0,500.0,22.0,500.0,195.0,97.0,247.0,10.0,285.0,500.0,500.0,500.0,227.0,9.0,56.0,500.0,215.0,500.0,500.0,138.0
444,224.0,32.0,143.0,94.0,500.0,130.0,500.0,500.0,98.0,227.0,115.0,178.0,10.0,500.0,9.0,283.0,9.0,500.0,176.0,500.0,500.0,436.0,147.0,500.0,9.0,144.0,500.0,100.0,319.0,500.0,441.0,500.0,17.0,500.0,208.0,45.0,151.0,10.0,328.0,500.0,500.0,500.0,33.0,9.0,69.0,500.0,130.0,500.0,500.0,240.0
445,183.0,31.0,125.0,95.0,500.0,132.0,327.0,500.0,99.0,446.0,141.0,102.0,10.0,500.0,9.0,87.0,9.0,500.0,348.0,500.0,500.0,204.0,143.0,500.0,9.0,172.0,500.0,143.0,383.0,500.0,268.0,500.0,19.0,500.0,198.0,32.0,289.0,10.0,500.0,500.0,500.0,500.0,212.0,9.0,38.0,500.0,396.0,500.0,500.0,201.0
446,166.0,34.0,170.0,95.0,500.0,78.0,500.0,500.0,99.0,227.0,121.0,249.0,10.0,500.0,9.0,157.0,9.0,500.0,147.0,500.0,500.0,80.0,147.0,500.0,9.0,166.0,500.0,155.0,125.0,500.0,107.0,500.0,24.0,500.0,202.0,28.0,210.0,10.0,248.0,500.0,500.0,500.0,153.0,9.0,33.0,500.0,129.0,500.0,500.0,93.0
447,136.0,32.0,172.0,96.0,500.0,120.0,500.0,341.0,102.0,500.0,113.0,148.0,10.0,500.0,9.0,116.0,9.0,500.0,216.0,500.0,500.0,221.0,147.0,500.0,9.0,140.0,500.0,130.0,500.0,500.0,50.0,500.0,23.0,500.0,197.0,92.0,205.0,10.0,414.0,500.0,500.0,500.0,128.0,9.0,21.0,500.0,135.0,500.0,500.0,181.0
448,224.0,31.0,178.0,95.0,500.0,120.0,500.0,500.0,104.0,441.0,96.0,77.0,10.0,500.0,9.0,17.0,9.0,500.0,169.0,500.0,500.0,289.0,151.0,500.0,9.0,136.0,500.0,135.0,500.0,500.0,468.0,500.0,23.0,500.0,189.0,52.0,159.0,10.0,336.0,500.0,500.0,500.0,250.0,9.0,58.0,500.0,415.0,500.0,500.0,90.0
449,166.0,31.0,500.0,96.0,500.0,160.0,500.0,479.0,104.0,142.0,101.0,153.0,10.0,500.0,9.0,213.0,9.0,464.0,257.0,500.0,500.0,26.0,143.0,500.0,9.0,134.0,500.0,216.0,500.0,500.0,184.0,500.0,24.0,500.0,185.0,25.0,169.0,10.0,408.0,500.0,500.0,500.0,309.0,9.0,27.0,500.0,116.0,500.0,500.0,87.0
450,138.0,32.0,139.0,97.0,237.0,59.0,500.0,500.0,104.0,500.0,39.0,106.0,10.0,500.0,9.0,139.0,9.0,359.0,201.0,500.0,235.0,180.0,147.0,460.0,9.0,124.0,500.0,164.0,500.0,500.0,228.0,500.0,22.0,500.0,174.0,53.0,209.0,10.0,500.0,500.0,500.0,500.0,276.0,9.0,47.0,500.0,183.0,500.0,500.0,95.0
451,244.0,32.0,133.0,96.0,500.0,138.0,500.0,500.0,102.0,126.0,99.0,67.0,10.0,500.0,9.0,164.0,9.0,500.0,88.0,500.0,500.0,261.0,137.0,500.0,9.0,181.0,500.0,156.0,161.0,500.0,500.0,500.0,24.0,500.0,180.0,53.0,262.0,10.0,494.0,500.0,500.0,500.0,206.0,9.0,20.0,500.0,250.0,500.0,500.0,94.0
452,242.0,32.0,115.0,95.0,301.0,64.0,500.0,500.0,100.0,121.0,107.0,181.0,10.0,500.0,9.0,89.0,9.0,500.0,428.0,500.0,500.0,144.0,136.0,500.0,9.0,162.0,500.0,50.0,114.0,500.0,105.0,500.0,26.0,500.0,165.0,25.0,384.0,10.0,500.0,500.0,500.0,500.0,172.0,9.0,63.0,500.0,252.0,500.0,500.0,80.0
453,191.0,30.0,113.0,96.0,500.0,278.0,500.0,500.0,99.0,289.0,114.0,201.0,10.0,500.0,9.0,68.0,9.0,500.0,119.0,500.0,500.0,183.0,135.0,500.0,9.0,189.0,500.0,167.0,350.0,500.0,186.0,500.0,24.0,500.0,168.0,51.0,183.0,10.0,462.0,500.0,500.0,500.0,305.0,9.0,37.0,500.0,289.0,500.0,500.0,67.0
454,142.0,30.0,108.0,96.0,500.0,148.0,500.0,500.0,102.0,110.0,56.0,122.0,10.0,500.0,9.0,210.0,9.0,500.0,225.0,500.0,500.0,86.0,132.0,500.0,9.0,189.0,500.0,122.0,500.0,500.0,152.0,500.0,28.0,500.0,167.0,34.0,145.0,10.0,306.0,500.0,500.0,500.0,178.0,9.0,41.0,500.0,382.0,500.0,500.0,277.0
455,312.0,29.0,106.0,94.0,500.0,140.0,354.0,500.0,100.0,380.0,58.0,91.0,10.0,500.0,9.0,109.0,9.0,500.0,231.0,500.0,500.0,295.0,131.0,283.0,9.0,175.0,500.0,49.0,500.0,500.0,237.0,500.0,33.0,500.0,165.0,107.0,420.0,10.0,316.0,500.0,500.0,500.0,222.0,9.0,43.0,500.0,130.0,500.0,500.0,128.0
456,295.0,29.0,100.0,97.0,500.0,110.0,500.0,500.0,102.0,345.0,80.0,153.0,10.0,500.0,9.0,29.0,9.0,500.0,219.0,500.0,500.0,279.0,127.0,500.0,9.0,237.0,500.0,194.0,281.0,500.0,144.0,500.0,27.0,500.0,163.0,73.0,420.0,10.0,500.0,500.0,500.0,500.0,240.0,9.0,20.0,500.0,159.0,500.0,500.0,174.0
457,243.0,27.0,102.0,97.0,500.0,42.0,500.0,500.0,99.0,212.0,98.0,117.0,10.0,500.0,9.0,52.0,9.0,500.0,252.0,500.0,500.0,190.0,132.0,500.0,9.0,211.0,500.0,228.0,290.0,500.0,204.0,500.0,29.0,500.0,164.0,49.0,169.0,10.0,500.0,500.0,500.0,500.0,68.0,9.0,77.0,500.0,166.0,500.0,500.0,278.0
458,267.0,24.0,102.0,97.0,500.0,204.0,500.0,500.0,102.0,170.0,67.0,204.0,10.0,500.0,9.0,43.0,9.0,500.0,241.0,500.0,500.0,148.0,132.0,500.0,9.0,220.0,500.0,128.0,500.0,500.0,51.0,500.0,34.0,500.0,164.0,67.0,152.0,10.0,500.0,500.0,500.0,500.0,198.0,9.0,88.0,500.0,236.0,500.0,500.0,78.0
459,182.0,25.0,102.0,97.0,500.0,65.0,500.0,195.0,100.0,139.0,50.0,110.0,10.0,500.0,9.0,196.0,9.0,311.0,196.0,500.0,208.0,221.0,136.0,500.0,9.0,285.0,500.0,225.0,107.0,500.0,194.0,500.0,31.0,500.0,167.0,38.0,183.0,10.0,500.0,500.0,500.0,500.0,349.0,9.0,35.0,500.0,301.0,500.0,500.0,137.0
460,51.0,25.0,99.0,97.0,500.0,64.0,500.0,500.0,102.0,233.0,48.0,252.0,10.0,500.0,9.0,71.0,9.0,500.0,241.0,500.0,500.0,219.0,141.0,500.0,9.0,500.0,500.0,166.0,495.0,500.0,202.0,500.0,38.0,500.0,164.0,82.0,167.0,10.0,500.0,500.0,500.0,500.0,208.0,9.0,62.0,500.0,273.0,500.0,500.0,199.0
461,43.0,27.0,97.0,98.0,500.0,152.0,500.0,500.0,104.0,203.0,73.0,83.0,10.0,500.0,9.0,52.0,9.0,142.0,120.0,500.0,223.0,318.0,147.0,459.0,9.0,305.0,500.0,254.0,91.0,500.0,95.0,500.0,37.0,500.0,164.0,66.0,175.0,10.0,500.0,500.0,500.0,500.0,183.0,9.0,42.0,500.0,154.0,500.0,500.0,262.0
462,150.0,27.0,98.0,98.0,500.0,144.0,500.0,500.0,104.0,252.0,106.0,219.0,10.0,500.0,9.0,174.0,9.0,500.0,244.0,500.0,500.0,178.0,146.0,500.0,9.0,500.0,500.0,199.0,500.0,500.0,198.0,497.0,42.0,500.0,162.0,35.0,189.0,10.0,500.0,500.0,500.0,500.0,374.0,9.0,43.0,500.0,169.0,500.0,500.0,360.0
463,43.0,27.0,98.0,99.0,463.0,64.0,500.0,500.0,104.0,255.0,66.0,126.0,10.0,500.0,9.0,209.0,9.0,500.0,288.0,500.0,500.0,289.0,154.0,500.0,9.0,494.0,500.0,98.0,387.0,500.0,300.0,500.0,42.0,500.0,159.0,33.0,259.0,10.0,279.0,500.0,500.0,500.0,199.0,9.0,11.0,500.0,52.0,500.0,500.0,89.0
464,118.0,28.0,97.0,98.0,500.0,62.0,500.0,500.0,102.0,175.0,45.0,91.0,10.0,500.0,9.0,150.0,9.0,500.0,217.0,500.0,212.0,195.0,159.0,500.0,9.0,453.0,500.0,260.0,500.0,500.0,246.0,500.0,45.0,500.0,161.0,40.0,132.0,10.0,500.0,500.0,500.0,500.0,246.0,9.0,62.0,500.0,313.0,500.0,447.0,130.0
465,264.0,27.0,99.0,98.0,286.0,87.0,500.0,499.0,102.0,140.0,53.0,338.0,10.0,500.0,9.0,181.0,9.0,189.0,148.0,500.0,305.0,162.0,162.0,332.0,9.0,404.0,500.0,155.0,500.0,258.0,492.0,500.0,42.0,500.0,158.0,81.0,500.0,10.0,500.0,500.0,500.0,500.0,369.0,9.0,29.0,500.0,133.0,500.0,486.0,143.0
466,270.0,27.0,99.0,99.0,500.0,65.0,500.0,500.0,104.0,205.0,107.0,187.0,10.0,500.0,9.0,293.0,9.0,470.0,289.0,500.0,341.0,372.0,165.0,500.0,9.0,352.0,500.0,111.0,500.0,500.0,223.0,500.0,42.0,500.0,166.0,88.0,155.0,10.0,324.0,500.0,500.0,500.0,158.0,9.0,26.0,500.0,242.0,500.0,500.0,86.0
467,94.0,27.0,99.0,99.0,500.0,160.0,500.0,500.0,104.0,268.0,44.0,201.0,10.0,500.0,9.0,75.0,9.0,500.0,116.0,500.0,414.0,210.0,168.0,500.0,9.0,317.0,500.0,221.0,500.0,298.0,199.0,500.0,48.0,500.0,161.0,62.0,164.0,10.0,500.0,500.0,500.0,500.0,271.0,9.0,14.0,500.0,405.0,500.0,500.0,80.0
468,190.0,27.0,97.0,98.0,500.0,67.0,500.0,500.0,104.0,129.0,83.0,234.0,10.0,500.0,9.0,99.0,9.0,264.0,216.0,500.0,246.0,238.0,165.0,500.0,9.0,278.0,500.0,189.0,236.0,500.0,176.0,500.0,47.0,500.0,155.0,65.0,183.0,10.0,500.0,500.0,500.0,500.0,185.0,9.0,47.0,500.0,145.0,500.0,500.0,429.0
469,96.0,27.0,99.0,99.0,500.0,25.0,500.0,500.0,104.0,243.0,95.0,128.0,10.0,500.0,9.0,201.0,9.0,500.0,229.0,500.0,316.0,177.0,166.0,500.0,9.0,249.0,500.0,123.0,500.0,500.0,113.0,500.0,48.0,500.0,161.0,30.0,139.0,10.0,500.0,500.0,500.0,500.0,203.0,9.0,90.0,500.0,313.0,500.0,500.0,96.0
470,177.0,27.0,99.0,99.0,477.0,164.0,500.0,500.0,104.0,186.0,55.0,333.0,10.0,500.0,9.0,253.0,9.0,426.0,213.0,500.0,500.0,141.0,159.0,500.0,9.0,181.0,500.0,175.0,500.0,500.0,143.0,500.0,50.0,500.0,155.0,92.0,126.0,10.0,495.0,500.0,500.0,500.0,254.0,9.0,47.0,500.0,117.0,500.0,500.0,96.0
471,188.0,27.0,100.0,100.0,500.0,168.0,500.0,500.0,104.0,151.0,88.0,70.0,10.0,500.0,9.0,370.0,9.0,461.0,110.0,500.0,500.0,114.0,162.0,500.0,9.0,174.0,500.0,256.0,392.0,500.0,238.0,500.0,53.0,500.0,154.0,103.0,135.0,10.0,500.0,500.0,500.0,500.0,456.0,9.0,116.0,500.0,153.0,500.0,500.0,188.0
472,215.0,27.0,104.0,99.0,500.0,85.0,500.0,335.0,104.0,147.0,108.0,147.0,10.0,500.0,9.0,178.0,9.0,500.0,129.0,500.0,164.0,256.0,164.0,307.0,9.0,174.0,500.0,193.0,384.0,500.0,147.0,500.0,51.0,500.0,159.0,20.0,253.0,10.0,451.0,500.0,500.0,337.0,121.0,9.0,74.0,500.0,146.0,500.0,500.0,361.0
473,266.0,27.0,102.0,99.0,500.0,56.0,500.0,500.0,104.0,409.0,119.0,130.0,10.0,500.0,9.0,231.0,9.0,390.0,138.0,500.0,319.0,339.0,167.0,500.0,9.0,168.0,500.0,147.0,500.0,500.0,354.0,500.0,56.0,500.0,160.0,112.0,207.0,10.0,500.0,500.0,500.0,500.0,212.0,9.0,14.0,500.0,136.0,500.0,500.0,500.0
474,219.0,27.0,104.0,99.0,500.0,333.0,500.0,500.0,104.0,123.0,90.0,160.0,10.0,500.0,9.0,183.0,9.0,500.0,301.0,500.0,406.0,177.0,171.0,500.0,9.0,160.0,500.0,168.0,495.0,500.0,214.0,500.0,57.0,500.0,163.0,91.0,159.0,10.0,500.0,500.0,500.0,500.0,135.0,9.0,43.0,500.0,136.0,500.0,500.0,90.0
475,257.0,27.0,104.0,100.0,500.0,115.0,500.0,500.0,104.0,162.0,109.0,201.0,10.0,500.0,9.0,141.0,9.0,472.0,137.0,500.0,418.0,421.0,183.0,500.0,9.0,151.0,500.0,220.0,500.0,500.0,189.0,500.0,61.0,500.0,160.0,23.0,247.0,10.0,238.0,500.0,500.0,500.0,144.0,9.0,41.0,500.0,142.0,500.0,500.0,191.0
476,190.0,27.0,104.0,99.0,291.0,167.0,204.0,500.0,104.0,122.0,104.0,71.0,10.0,500.0,9.0,257.0,9.0,500.0,260.0,500.0,242.0,308.0,196.0,392.0,9.0,152.0,500.0,91.0,331.0,500.0,176.0,500.0,60.0,500.0,159.0,25.0,362.0,10.0,410.0,500.0,500.0,500.0,344.0,9.0,92.0,500.0,173.0,457.0,359.0,239.0
477,204.0,27.0,104.0,100.0,222.0,106.0,500.0,500.0,104.0,137.0,69.0,181.0,10.0,500.0,9.0,129.0,9.0,500.0,137.0,500.0,276.0,288.0,221.0,500.0,9.0,147.0,500.0,184.0,407.0,500.0,226.0,500.0,62.0,500.0,161.0,29.0,241.0,10.0,334.0,500.0,500.0,500.0,63.0,9.0,131.0,500.0,173.0,499.0,500.0,90.0
478,16.0,26.0,106.0,99.0,500.0,114.0,500.0,500.0,106.0,285.0,78.0,231.0,10.0,500.0,9.0,73.0,9.0,500.0,332.0,500.0,346.0,281.0,264.0,500.0,9.0,141.0,500.0,200.0,499.0,500.0,132.0,500.0,68.0,500.0,162.0,68.0,204.0,10.0,280.0,500.0,500.0,500.0,384.0,9.0,115.0,500.0,213.0,500.0,500.0,86.0
479,75.0,26.0,106.0,99.0,500.0,70.0,500.0,383.0,106.0,352.0,102.0,146.0,10.0,500.0,9.0,259.0,9.0,500.0,123.0,397.0,329.0,164.0,313.0,500.0,9.0,136.0,500.0,467.0,340.0,500.0,255.0,500.0,73.0,500.0,163.0,60.0,180.0,10.0,302.0,500.0,500.0,500.0,170.0,9.0,76.0,500.0,217.0,500.0,500.0,94.0
480,223.0,25.0,106.0,100.0,500.0,168.0,500.0,323.0,104.0,127.0,111.0,70.0,10.0,500.0,9.0,152.0,9.0,500.0,114.0,500.0,342.0,168.0,389.0,500.0,9.0,136.0,500.0,165.0,434.0,500.0,191.0,500.0,74.0,500.0,161.0,93.0,120.0,10.0,477.0,500.0,500.0,500.0,274.0,9.0,11.0,500.0,126.0,500.0,500.0,275.0
481,106.0,25.0,108.0,100.0,500.0,118.0,500.0,500.0,104.0,320.0,84.0,187.0,10.0,500.0,9.0,70.0,9.0,500.0,119.0,500.0,447.0,136.0,500.0,500.0,9.0,130.0,500.0,142.0,465.0,500.0,200.0,479.0,88.0,500.0,162.0,15.0,284.0,10.0,281.0,500.0,500.0,500.0,308.0,9.0,32.0,500.0,144.0,500.0,500.0,316.0
482,75.0,27.0,106.0,99.0,500.0,30.0,470.0,500.0,104.0,145.0,106.0,203.0,10.0,500.0,9.0,159.0,9.0,500.0,139.0,500.0,171.0,363.0,500.0,495.0,9.0,128.0,500.0,219.0,425.0,500.0,161.0,500.0,106.0,500.0,161.0,48.0,192.0,10.0,347.0,500.0,500.0,500.0,170.0,9.0,15.0,500.0,82.0,139.0,500.0,500.0
483,335.0,27.0,106.0,100.0,500.0,143.0,500.0,500.0,104.0,317.0,109.0,184.0,10.0,500.0,9.0,226.0,9.0,500.0,500.0,500.0,303.0,252.0,500.0,500.0,9.0,90.0,500.0,212.0,447.0,500.0,144.0,500.0,112.0,500.0,160.0,46.0,177.0,10.0,358.0,500.0,500.0,500.0,192.0,9.0,15.0,500.0,153.0,500.0,500.0,266.0
484,186.0,26.0,106.0,101.0,500.0,205.0,500.0,500.0,106.0,128.0,76.0,51.0,10.0,500.0,9.0,123.0,9.0,500.0,214.0,500.0,235.0,185.0,500.0,500.0,9.0,128.0,500.0,204.0,500.0,500.0,223.0,500.0,114.0,500.0,159.0,183.0,138.0,10.0,450.0,500.0,500.0,500.0,178.0,9.0,28.0,500.0,167.0,500.0,500.0,152.0
485,146.0,26.0,104.0,102.0,500.0,180.0,500.0,500.0,106.0,176.0,71.0,170.0,10.0,500.0,9.0,115.0,9.0,500.0,108.0,500.0,437.0,185.0,500.0,447.0,9.0,125.0,500.0,369.0,489.0,500.0,282.0,500.0,286.0,500.0,156.0,68.0,225.0,10.0,242.0,500.0,500.0,500.0,242.0,9.0,19.0,500.0,165.0,500.0,500.0,84.0
486,259.0,26.0,104.0,101.0,500.0,200.0,500.0,500.0,106.0,115.0,109.0,152.0,10.0,500.0,9.0,147.0,9.0,500.0,244.0,500.0,218.0,54.0,500.0,500.0,9.0,94.0,500.0,204.0,478.0,500.0,130.0,500.0,150.0,500.0,159.0,160.0,176.0,10.0,240.0,500.0,500.0,500.0,107.0,9.0,40.0,500.0,138.0,500.0,500.0,102.0
487,159.0,26.0,104.0,102.0,500.0,312.0,500.0,435.0,108.0,162.0,93.0,135.0,10.0,500.0,9.0,230.0,9.0,500.0,134.0,500.0,476.0,480.0,500.0,500.0,9.0,90.0,500.0,214.0,500.0,500.0,404.0,500.0,87.0,500.0,164.0,25.0,372.0,10.0,176.0,500.0,500.0,500.0,272.0,9.0,50.0,500.0,153.0,500.0,500.0,107.0
488,125.0,26.0,104.0,102.0,500.0,236.0,500.0,500.0,106.0,115.0,107.0,101.0,10.0,500.0,9.0,127.0,9.0,500.0,245.0,500.0,375.0,123.0,500.0,500.0,9.0,91.0,500.0,192.0,265.0,500.0,163.0,500.0,84.0,500.0,165.0,38.0,200.0,10.0,260.0,500.0,500.0,500.0,272.0,9.0,59.0,500.0,129.0,500.0,500.0,231.0
489,282.0,25.0,104.0,102.0,364.0,131.0,500.0,500.0,106.0,119.0,120.0,102.0,10.0,500.0,9.0,281.0,9.0,500.0,95.0,500.0,500.0,350.0,500.0,500.0,9.0,86.0,500.0,182.0,488.0,500.0,500.0,500.0,72.0,500.0,167.0,89.0,405.0,10.0,235.0,500.0,500.0,500.0,137.0,9.0,34.0,500.0,222.0,500.0,500.0,500.0
490,232.0,26.0,106.0,104.0,400.0,113.0,500.0,500.0,108.0,295.0,110.0,330.0,10.0,500.0,9.0,72.0,9.0,500.0,149.0,500.0,360.0,116.0,500.0,500.0,9.0,88.0,500.0,179.0,500.0,500.0,144.0,500.0,69.0,500.0,160.0,81.0,240.0,10.0,233.0,500.0,500.0,500.0,120.0,9.0,58.0,500.0,111.0,500.0,500.0,500.0
491,110.0,26.0,104.0,102.0,500.0,207.0,500.0,459.0,108.0,167.0,99.0,84.0,10.0,500.0,9.0,257.0,9.0,463.0,244.0,500.0,283.0,178.0,500.0,285.0,9.0,86.0,500.0,159.0,500.0,500.0,306.0,415.0,67.0,500.0,171.0,167.0,233.0,10.0,233.0,500.0,500.0,500.0,97.0,9.0,26.0,500.0,202.0,500.0,500.0,172.0
492,34.0,26.0,106.0,103.0,500.0,143.0,500.0,500.0,106.0,139.0,111.0,191.0,10.0,500.0,9.0,224.0,9.0,500.0,292.0,500.0,152.0,206.0,500.0,500.0,9.0,121.0,500.0,263.0,407.0,500.0,152.0,246.0,71.0,500.0,167.0,57.0,173.0,10.0,327.0,454.0,500.0,500.0,196.0,9.0,87.0,500.0,70.0,500.0,500.0,94.0
493,210.0,27.0,104.0,104.0,500.0,54.0,500.0,500.0,108.0,139.0,119.0,187.0,10.0,500.0,9.0,273.0,9.0,500.0,148.0,500.0,338.0,202.0,500.0,500.0,9.0,123.0,500.0,349.0,500.0,500.0,270.0,418.0,63.0,500.0,163.0,15.0,282.0,10.0,268.0,500.0,500.0,500.0,109.0,9.0,39.0,500.0,134.0,500.0,500.0,366.0
494,179.0,27.0,106.0,104.0,500.0,157.0,500.0,500.0,108.0,124.0,119.0,445.0,10.0,500.0,9.0,197.0,9.0,500.0,141.0,500.0,459.0,161.0,500.0,500.0,9.0,132.0,500.0,139.0,500.0,500.0,145.0,500.0,73.0,500.0,179.0,70.0,197.0,10.0,266.0,500.0,500.0,500.0,176.0,9.0,122.0,500.0,163.0,500.0,500.0,500.0
495,109.0,27.0,104.0,105.0,500.0,149.0,500.0,500.0,108.0,172.0,108.0,196.0,10.0,500.0,9.0,213.0,9.0,500.0,114.0,500.0,495.0,154.0,500.0,500.0,9.0,132.0,500.0,146.0,500.0,500.0,472.0,500.0,69.0,500.0,180.0,46.0,237.0,10.0,250.0,500.0,500.0,500.0,99.0,9.0,39.0,500.0,168.0,500.0,500.0,98.0
496,177.0,28.0,104.0,104.0,500.0,110.0,500.0,133.0,113.0,155.0,111.0,127.0,10.0,500.0,9.0,185.0,9.0,500.0,280.0,500.0,456.0,397.0,500.0,500.0,9.0,132.0,500.0,331.0,500.0,500.0,185.0,500.0,67.0,500.0,184.0,54.0,140.0,10.0,149.0,500.0,500.0,500.0,223.0,9.0,38.0,500.0,102.0,500.0,500.0,111.0
497,192.0,28.0,104.0,105.0,500.0,242.0,500.0,500.0,108.0,148.0,121.0,175.0,10.0,500.0,9.0,241.0,9.0,500.0,117.0,500.0,500.0,178.0,500.0,500.0,9.0,130.0,500.0,135.0,500.0,500.0,240.0,478.0,68.0,500.0,175.0,41.0,412.0,10.0,267.0,500.0,500.0,500.0,364.0,9.0,43.0,500.0,134.0,500.0,500.0,250.0
498,245.0,28.0,104.0,105.0,500.0,92.0,500.0,379.0,113.0,199.0,124.0,197.0,10.0,500.0,9.0,144.0,9.0,500.0,150.0,500.0,500.0,283.0,467.0,500.0,9.0,132.0,500.0,205.0,500.0,500.0,225.0,360.0,71.0,500.0,183.0,54.0,166.0,10.0,277.0,489.0,500.0,500.0,138.0,9.0,78.0,500.0,188.0,500.0,500.0,247.0
499,140.0,28.0,104.0,107.0,500.0,205.0,500.0,500.0,110.0,108.0,104.0,161.0,10.0,500.0,9.0,78.0,9.0,500.0,278.0,500.0,500.0,298.0,380.0,500.0,9.0,132.0,500.0,105.0,409.0,500.0,292.0,383.0,68.0,500.0,193.0,46.0,150.0,10.0,252.0,357.0,500.0,500.0,228.0,9.0,37.0,500.0,177.0,500.0,500.0,500.0
500,209.0,28.0,106.0,107.0,500.0,201.0,261.0,500.0,108.0,113.0,112.0,242.0,10.0,500.0,9.0,146.0,9.0,500.0,115.0,500.0,432.0,163.0,336.0,500.0,9.0,133.0,500.0,214.0,500.0,500.0,205.0,422.0,64.0,500.0,195.0,40.0,500.0,10.0,328.0,500.0,500.0,500.0,242.0,9.0,97.0,500.0,50.0,500.0,500.0,500.0
501,305.0,28.0,104.0,106.0,500.0,135.0,500.0,500.0,113.0,117.0,130.0,307.0,10.0,500.0,9.0,183.0,9.0,469.0,129.0,500.0,352.0,367.0,303.0,500.0,9.0,136.0,500.0,196.0,500.0,500.0,118.0,497.0,68.0,500.0,197.0,134.0,285.0,10.0,165.0,500.0,500.0,500.0,472.0,9.0,31.0,500.0,419.0,500.0,500.0,101.0
502,130.0,28.0,104.0,107.0,500.0,226.0,500.0,358.0,113.0,141.0,114.0,174.0,10.0,500.0,9.0,236.0,9.0,201.0,131.0,500.0,297.0,144.0,283.0,500.0,9.0,130.0,500.0,141.0,451.0,500.0,186.0,351.0,77.0,500.0,194.0,22.0,237.0,10.0,164.0,500.0,500.0,500.0,176.0,9.0,14.0,500.0,148.0,500.0,500.0,433.0
503,386.0,29.0,104.0,106.0,500.0,31.0,500.0,500.0,113.0,110.0,127.0,372.0,10.0,500.0,9.0,108.0,9.0,500.0,118.0,500.0,180.0,177.0,267.0,500.0,9.0,130.0,500.0,294.0,409.0,500.0,106.0,500.0,67.0,500.0,208.0,58.0,351.0,10.0,323.0,500.0,500.0,500.0,212.0,9.0,46.0,500.0,167.0,500.0,500.0,500.0
504,206.0,29.0,104.0,106.0,500.0,204.0,362.0,390.0,113.0,102.0,145.0,186.0,10.0,500.0,9.0,256.0,9.0,212.0,133.0,500.0,366.0,274.0,259.0,500.0,9.0,128.0,500.0,203.0,500.0,500.0,195.0,482.0,95.0,500.0,205.0,38.0,382.0,10.0,204.0,500.0,500.0,500.0,198.0,9.0,26.0,500.0,112.0,500.0,500.0,131.0
505,113.0,29.0,104.0,108.0,500.0,90.0,500.0,500.0,113.0,164.0,120.0,304.0,10.0,500.0,9.0,192.0,9.0,500.0,134.0,500.0,500.0,191.0,242.0,396.0,9.0,123.0,500.0,108.0,500.0,500.0,53.0,500.0,95.0,500.0,207.0,43.0,216.0,10.0,144.0,500.0,500.0,500.0,241.0,9.0,60.0,500.0,177.0,500.0,500.0,500.0
506,103.0,29.0,104.0,106.0,500.0,114.0,500.0,500.0,115.0,121.0,124.0,277.0,10.0,500.0,9.0,149.0,9.0,500.0,112.0,500.0,163.0,285.0,227.0,500.0,9.0,123.0,500.0,279.0,500.0,500.0,168.0,500.0,152.0,500.0,214.0,15.0,489.0,10.0,175.0,500.0,500.0,500.0,140.0,9.0,39.0,500.0,149.0,500.0,305.0,119.0
507,196.0,30.0,104.0,107.0,500.0,93.0,469.0,500.0,115.0,106.0,109.0,315.0,10.0,500.0,9.0,212.0,9.0,414.0,274.0,500.0,320.0,349.0,208.0,500.0,9.0,124.0,500.0,190.0,449.0,500.0,310.0,500.0,192.0,500.0,213.0,151.0,344.0,10.0,295.0,500.0,500.0,500.0,200.0,9.0,29.0,500.0,190.0,500.0,500.0,129.0
508,224.0,29.0,104.0,106.0,500.0,60.0,246.0,500.0,110.0,132.0,103.0,212.0,10.0,500.0,9.0,239.0,9.0,500.0,148.0,500.0,363.0,415.0,197.0,500.0,9.0,86.0,500.0,169.0,500.0,500.0,319.0,500.0,133.0,500.0,220.0,22.0,479.0,10.0,163.0,500.0,500.0,500.0,132.0,9.0,38.0,500.0,199.0,500.0,500.0,104.0
509,351.0,28.0,104.0,105.0,500.0,407.0,500.0,500.0,108.0,111.0,119.0,500.0,10.0,500.0,9.0,118.0,9.0,385.0,129.0,500.0,443.0,241.0,188.0,500.0,9.0,83.0,500.0,207.0,500.0,500.0,314.0,500.0,129.0,500.0,215.0,95.0,375.0,10.0,195.0,500.0,500.0,500.0,120.0,9.0,49.0,500.0,163.0,500.0,500.0,125.0
510,156.0,28.0,104.0,105.0,500.0,244.0,259.0,500.0,108.0,208.0,128.0,209.0,10.0,500.0,9.0,178.0,9.0,500.0,121.0,500.0,152.0,161.0,17.0,231.0,9.0,85.0,500.0,151.0,500.0,500.0,183.0,500.0,129.0,500.0,225.0,42.0,278.0,10.0,148.0,500.0,500.0,403.0,245.0,9.0,58.0,500.0,93.0,500.0,500.0,123.0
511,106.0,28.0,104.0,107.0,193.0,182.0,500.0,500.0,108.0,66.0,121.0,44.0,10.0,500.0,9.0,43.0,9.0,500.0,172.0,500.0,393.0,98.0,162.0,500.0,9.0,83.0,500.0,83.0,500.0,500.0,500.0,341.0,121.0,500.0,233.0,119.0,373.0,10.0,309.0,500.0,500.0,500.0,191.0,9.0,75.0,500.0,133.0,500.0,500.0,117.0
512,254.0,28.0,104.0,106.0,500.0,343.0,315.0,500.0,106.0,138.0,107.0,137.0,10.0,500.0,9.0,219.0,9.0,500.0,136.0,500.0,312.0,198.0,156.0,500.0,9.0,83.0,500.0,25.0,500.0,500.0,222.0,500.0,121.0,500.0,229.0,121.0,264.0,10.0,160.0,500.0,500.0,500.0,224.0,9.0,25.0,500.0,173.0,500.0,307.0,323.0
513,86.0,28.0,104.0,106.0,500.0,137.0,267.0,500.0,104.0,113.0,121.0,221.0,10.0,500.0,9.0,463.0,9.0,500.0,123.0,500.0,185.0,373.0,18.0,500.0,9.0,121.0,500.0,139.0,500.0,500.0,216.0,500.0,118.0,500.0,236.0,50.0,299.0,10.0,169.0,500.0,500.0,500.0,204.0,9.0,29.0,500.0,182.0,500.0,427.0,144.0
514,250.0,28.0,104.0,104.0,500.0,171.0,500.0,427.0,106.0,117.0,121.0,242.0,10.0,500.0,9.0,195.0,9.0,500.0,119.0,500.0,451.0,198.0,18.0,500.0,9.0,124.0,500.0,233.0,411.0,500.0,146.0,500.0,100.0,500.0,238.0,82.0,500.0,10.0,164.0,500.0,500.0,500.0,240.0,9.0,81.0,500.0,157.0,500.0,460.0,132.0
515,276.0,29.0,104.0,104.0,500.0,386.0,500.0,500.0,104.0,112.0,132.0,187.0,10.0,500.0,9.0,56.0,9.0,371.0,119.0,500.0,214.0,221.0,15.0,500.0,9.0,125.0,500.0,213.0,500.0,500.0,500.0,500.0,115.0,500.0,247.0,27.0,318.0,10.0,367.0,500.0,500.0,500.0,128.0,9.0,62.0,500.0,153.0,500.0,500.0,120.0
516,144.0,28.0,104.0,105.0,500.0,157.0,358.0,500.0,104.0,145.0,132.0,198.0,10.0,500.0,9.0,191.0,9.0,500.0,128.0,500.0,233.0,271.0,15.0,500.0,9.0,124.0,500.0,53.0,500.0,500.0,392.0,500.0,116.0,500.0,238.0,25.0,500.0,10.0,189.0,500.0,500.0,500.0,207.0,9.0,35.0,500.0,188.0,500.0,335.0,143.0
517,221.0,28.0,104.0,106.0,500.0,127.0,500.0,500.0,104.0,158.0,128.0,295.0,10.0,500.0,9.0,137.0,9.0,500.0,144.0,500.0,500.0,136.0,13.0,500.0,9.0,129.0,500.0,233.0,500.0,500.0,199.0,500.0,116.0,500.0,249.0,57.0,500.0,10.0,151.0,500.0,500.0,500.0,122.0,9.0,21.0,500.0,158.0,500.0,500.0,147.0
518,265.0,28.0,104.0,106.0,500.0,107.0,500.0,500.0,104.0,172.0,97.0,350.0,10.0,500.0,9.0,152.0,9.0,500.0,116.0,500.0,306.0,118.0,13.0,500.0,9.0,130.0,500.0,195.0,385.0,500.0,282.0,500.0,113.0,500.0,244.0,69.0,175.0,10.0,183.0,500.0,500.0,500.0,183.0,9.0,10.0,500.0,133.0,500.0,500.0,124.0
519,313.0,27.0,100.0,105.0,500.0,192.0,156.0,500.0,104.0,156.0,134.0,153.0,10.0,500.0,9.0,217.0,9.0,500.0,144.0,500.0,477.0,275.0,13.0,500.0,9.0,132.0,500.0,280.0,463.0,500.0,197.0,500.0,110.0,500.0,251.0,125.0,475.0,10.0,462.0,500.0,500.0,500.0,177.0,9.0,107.0,500.0,87.0,500.0,500.0,128.0
520,159.0,27.0,104.0,106.0,364.0,100.0,469.0,460.0,102.0,177.0,72.0,340.0,10.0,500.0,9.0,166.0,9.0,500.0,131.0,500.0,200.0,241.0,11.0,500.0,9.0,136.0,500.0,170.0,500.0,500.0,116.0,500.0,112.0,500.0,261.0,44.0,468.0,10.0,175.0,500.0,500.0,500.0,147.0,9.0,50.0,500.0,136.0,500.0,500.0,130.0
521,399.0,27.0,99.0,106.0,500.0,89.0,500.0,500.0,100.0,129.0,107.0,141.0,10.0,500.0,9.0,211.0,9.0,393.0,113.0,500.0,221.0,256.0,12.0,500.0,9.0,140.0,500.0,272.0,434.0,500.0,445.0,500.0,109.0,500.0,257.0,74.0,325.0,10.0,192.0,500.0,500.0,500.0,191.0,9.0,49.0,500.0,207.0,500.0,500.0,123.0
522,101.0,27.0,102.0,106.0,500.0,180.0,471.0,500.0,104.0,130.0,98.0,269.0,10.0,500.0,9.0,213.0,9.0,500.0,127.0,500.0,196.0,366.0,12.0,500.0,9.0,145.0,500.0,210.0,400.0,500.0,119.0,500.0,97.0,500.0,254.0,46.0,374.0,10.0,224.0,500.0,500.0,500.0,173.0,9.0,43.0,500.0,181.0,500.0,500.0,110.0
523,167.0,26.0,104.0,106.0,500.0,166.0,129.0,375.0,104.0,112.0,105.0,408.0,10.0,500.0,9.0,137.0,9.0,500.0,127.0,500.0,181.0,197.0,11.0,500.0,9.0,146.0,500.0,115.0,368.0,500.0,159.0,500.0,81.0,500.0,264.0,33.0,202.0,10.0,187.0,500.0,500.0,500.0,171.0,9.0,21.0,500.0,293.0,500.0,500.0,119.0
524,134.0,27.0,104.0,106.0,500.0,156.0,180.0,449.0,104.0,134.0,103.0,191.0,10.0,500.0,9.0,191.0,9.0,500.0,121.0,500.0,415.0,220.0,12.0,265.0,9.0,141.0,500.0,220.0,105.0,500.0,229.0,253.0,108.0,500.0,263.0,72.0,500.0,10.0,158.0,500.0,500.0,500.0,323.0,9.0,34.0,500.0,352.0,500.0,500.0,144.0
525,251.0,26.0,102.0,106.0,500.0,343.0,190.0,500.0,102.0,125.0,108.0,157.0,10.0,500.0,9.0,181.0,9.0,396.0,122.0,500.0,191.0,246.0,12.0,500.0,9.0,145.0,500.0,204.0,483.0,500.0,188.0,500.0,73.0,500.0,260.0,61.0,253.0,10.0,132.0,500.0,500.0,500.0,177.0,9.0,56.0,500.0,242.0,500.0,500.0,123.0
526,255.0,27.0,104.0,107.0,500.0,215.0,185.0,500.0,104.0,126.0,118.0,173.0,10.0,500.0,9.0,176.0,9.0,500.0,129.0,500.0,177.0,384.0,11.0,500.0,9.0,146.0,500.0,192.0,332.0,500.0,500.0,500.0,74.0,500.0,273.0,130.0,385.0,10.0,191.0,500.0,500.0,500.0,209.0,9.0,63.0,500.0,330.0,500.0,500.0,131.0
527,192.0,26.0,106.0,107.0,500.0,186.0,193.0,364.0,104.0,127.0,98.0,337.0,10.0,500.0,9.0,254.0,9.0,500.0,105.0,500.0,435.0,93.0,11.0,500.0,9.0,151.0,500.0,138.0,296.0,500.0,289.0,500.0,68.0,500.0,270.0,63.0,391.0,10.0,175.0,500.0,500.0,500.0,203.0,9.0,18.0,500.0,157.0,500.0,372.0,113.0
528,120.0,27.0,104.0,107.0,500.0,166.0,138.0,500.0,104.0,152.0,103.0,482.0,10.0,500.0,9.0,465.0,9.0,500.0,104.0,500.0,224.0,195.0,11.0,500.0,9.0,151.0,500.0,247.0,358.0,500.0,217.0,500.0,72.0,500.0,276.0,118.0,471.0,10.0,149.0,500.0,500.0,500.0,288.0,9.0,18.0,500.0,310.0,500.0,500.0,120.0
529,225.0,27.0,104.0,108.0,500.0,153.0,165.0,500.0,106.0,220.0,65.0,145.0,10.0,500.0,9.0,229.0,9.0,392.0,107.0,500.0,254.0,190.0,10.0,500.0,9.0,154.0,500.0,293.0,350.0,500.0,142.0,500.0,72.0,500.0,286.0,77.0,285.0,10.0,218.0,500.0,500.0,500.0,224.0,9.0,41.0,500.0,325.0,500.0,400.0,125.0
530,128.0,26.0,104.0,107.0,500.0,178.0,157.0,500.0,106.0,139.0,113.0,306.0,10.0,500.0,9.0,176.0,9.0,406.0,141.0,500.0,171.0,222.0,10.0,500.0,9.0,151.0,500.0,176.0,265.0,500.0,324.0,500.0,65.0,500.0,281.0,63.0,235.0,10.0,182.0,500.0,500.0,500.0,112.0,9.0,79.0,500.0,446.0,500.0,312.0,112.0
531,262.0,27.0,104.0,110.0,500.0,234.0,178.0,500.0,106.0,126.0,74.0,288.0,10.0,500.0,9.0,167.0,9.0,500.0,115.0,484.0,363.0,193.0,10.0,500.0,9.0,154.0,500.0,94.0,286.0,500.0,220.0,500.0,65.0,500.0,284.0,30.0,228.0,10.0,228.0,500.0,500.0,500.0,286.0,9.0,85.0,500.0,175.0,500.0,289.0,120.0
532,178.0,26.0,104.0,109.0,500.0,146.0,132.0,500.0,106.0,148.0,47.0,299.0,10.0,500.0,9.0,162.0,9.0,500.0,115.0,500.0,392.0,228.0,10.0,500.0,9.0,161.0,500.0,211.0,364.0,500.0,218.0,500.0,65.0,500.0,293.0,68.0,460.0,10.0,158.0,500.0,500.0,147.0,229.0,9.0,35.0,500.0,263.0,500.0,356.0,110.0
533,155.0,27.0,104.0,109.0,500.0,169.0,139.0,500.0,106.0,128.0,80.0,328.0,10.0,500.0,9.0,108.0,9.0,312.0,130.0,500.0,194.0,47.0,10.0,500.0,9.0,159.0,500.0,223.0,333.0,500.0,210.0,500.0,73.0,500.0,290.0,38.0,276.0,10.0,146.0,500.0,500.0,500.0,500.0,9.0,22.0,500.0,335.0,500.0,263.0,126.0
534,178.0,26.0,104.0,109.0,500.0,161.0,125.0,500.0,106.0,184.0,104.0,135.0,10.0,500.0,9.0,110.0,9.0,500.0,124.0,500.0,429.0,497.0,10.0,469.0,9.0,165.0,500.0,368.0,218.0,500.0,281.0,500.0,67.0,500.0,303.0,79.0,343.0,10.0,127.0,500.0,500.0,214.0,185.0,9.0,58.0,500.0,416.0,500.0,256.0,123.0
535,279.0,26.0,104.0,109.0,500.0,169.0,197.0,500.0,106.0,219.0,55.0,111.0,10.0,500.0,9.0,40.0,9.0,322.0,112.0,500.0,400.0,214.0,10.0,500.0,9.0,164.0,500.0,314.0,263.0,500.0,209.0,500.0,64.0,500.0,301.0,119.0,453.0,10.0,216.0,500.0,500.0,500.0,297.0,9.0,62.0,500.0,163.0,500.0,219.0,122.0
536,187.0,27.0,102.0,110.0,500.0,215.0,129.0,500.0,106.0,172.0,75.0,360.0,10.0,500.0,9.0,214.0,9.0,229.0,117.0,415.0,353.0,293.0,10.0,500.0,9.0,164.0,500.0,217.0,269.0,500.0,395.0,500.0,67.0,500.0,298.0,137.0,162.0,10.0,157.0,500.0,500.0,500.0,263.0,9.0,25.0,500.0,257.0,500.0,339.0,125.0
537,232.0,26.0,104.0,109.0,500.0,282.0,140.0,500.0,108.0,173.0,74.0,223.0,10.0,500.0,9.0,120.0,9.0,495.0,125.0,500.0,210.0,243.0,9.0,500.0,9.0,169.0,500.0,219.0,307.0,500.0,188.0,500.0,60.0,500.0,307.0,24.0,442.0,10.0,198.0,500.0,500.0,500.0,148.0,9.0,41.0,500.0,209.0,500.0,343.0,129.0
538,182.0,27.0,106.0,109.0,500.0,150.0,137.0,500.0,106.0,194.0,62.0,277.0,10.0,500.0,9.0,273.0,9.0,466.0,119.0,500.0,500.0,145.0,9.0,500.0,9.0,171.0,500.0,116.0,317.0,500.0,197.0,500.0,65.0,500.0,316.0,97.0,338.0,10.0,131.0,500.0,500.0,500.0,198.0,9.0,43.0,500.0,465.0,500.0,500.0,111.0
539,209.0,27.0,106.0,110.0,500.0,194.0,120.0,500.0,108.0,141.0,51.0,279.0,10.0,500.0,9.0,130.0,9.0,500.0,117.0,500.0,155.0,152.0,10.0,500.0,9.0,168.0,500.0,155.0,256.0,500.0,95.0,500.0,58.0,500.0,293.0,112.0,379.0,10.0,222.0,500.0,500.0,500.0,145.0,9.0,33.0,500.0,155.0,500.0,500.0,124.0
540,121.0,27.0,106.0,110.0,500.0,113.0,142.0,500.0,106.0,202.0,100.0,293.0,10.0,500.0,9.0,196.0,9.0,420.0,132.0,381.0,145.0,333.0,10.0,500.0,9.0,174.0,500.0,168.0,244.0,500.0,376.0,500.0,61.0,500.0,310.0,52.0,225.0,10.0,213.0,500.0,500.0,500.0,270.0,9.0,15.0,448.0,500.0,500.0,500.0,118.0
541,325.0,27.0,108.0,112.0,500.0,184.0,120.0,500.0,108.0,235.0,88.0,189.0,10.0,500.0,9.0,144.0,9.0,405.0,109.0,381.0,461.0,164.0,10.0,426.0,9.0,174.0,500.0,175.0,369.0,500.0,294.0,500.0,53.0,500.0,331.0,63.0,379.0,10.0,153.0,500.0,500.0,500.0,376.0,9.0,24.0,500.0,311.0,500.0,500.0,115.0
542,205.0,27.0,113.0,111.0,500.0,185.0,118.0,500.0,108.0,169.0,41.0,374.0,10.0,500.0,9.0,158.0,9.0,500.0,103.0,500.0,500.0,41.0,10.0,350.0,9.0,176.0,500.0,146.0,296.0,500.0,283.0,500.0,55.0,500.0,314.0,100.0,150.0,10.0,171.0,500.0,500.0,500.0,250.0,9.0,33.0,462.0,187.0,500.0,500.0,126.0
543,105.0,27.0,110.0,111.0,500.0,238.0,130.0,488.0,108.0,141.0,103.0,171.0,10.0,500.0,9.0,272.0,9.0,500.0,133.0,285.0,174.0,230.0,10.0,500.0,9.0,228.0,500.0,165.0,264.0,500.0,190.0,500.0,57.0,500.0,321.0,58.0,345.0,10.0,153.0,500.0,500.0,500.0,182.0,9.0,70.0,500.0,337.0,500.0,423.0,124.0
544,168.0,27.0,115.0,111.0,500.0,93.0,129.0,500.0,112.0,335.0,77.0,79.0,10.0,500.0,9.0,212.0,9.0,500.0,113.0,500.0,326.0,303.0,10.0,500.0,9.0,217.0,500.0,176.0,305.0,500.0,303.0,500.0,49.0,500.0,320.0,21.0,426.0,10.0,175.0,500.0,500.0,500.0,187.0,9.0,99.0,500.0,176.0,500.0,500.0,114.0
545,175.0,27.0,113.0,112.0,500.0,229.0,120.0,474.0,111.0,250.0,102.0,238.0,10.0,500.0,9.0,165.0,9.0,190.0,103.0,500.0,287.0,305.0,10.0,396.0,9.0,234.0,500.0,71.0,317.0,500.0,186.0,500.0,49.0,500.0,344.0,89.0,387.0,10.0,209.0,500.0,500.0,442.0,137.0,9.0,35.0,500.0,180.0,500.0,500.0,143.0
546,206.0,27.0,115.0,112.0,500.0,177.0,178.0,500.0,112.0,211.0,57.0,335.0,10.0,500.0,9.0,145.0,9.0,500.0,106.0,500.0,168.0,86.0,11.0,500.0,9.0,245.0,500.0,229.0,315.0,500.0,122.0,500.0,47.0,500.0,367.0,82.0,500.0,10.0,220.0,500.0,500.0,470.0,371.0,9.0,18.0,306.0,500.0,500.0,500.0,123.0
547,213.0,27.0,113.0,113.0,500.0,270.0,177.0,500.0,113.0,266.0,109.0,41.0,10.0,500.0,9.0,164.0,9.0,500.0,113.0,500.0,411.0,232.0,12.0,500.0,9.0,240.0,500.0,148.0,295.0,500.0,143.0,500.0,50.0,500.0,347.0,30.0,405.0,10.0,196.0,500.0,500.0,500.0,78.0,9.0,21.0,454.0,500.0,500.0,500.0,118.0
548,225.0,28.0,115.0,113.0,500.0,195.0,172.0,500.0,113.0,294.0,59.0,177.0,10.0,500.0,9.0,65.0,9.0,500.0,116.0,191.0,397.0,293.0,13.0,500.0,9.0,256.0,500.0,143.0,333.0,500.0,217.0,500.0,50.0,500.0,371.0,57.0,412.0,10.0,201.0,500.0,500.0,426.0,402.0,9.0,15.0,431.0,265.0,500.0,500.0,115.0
549,121.0,27.0,115.0,115.0,500.0,450.0,145.0,500.0,112.0,155.0,45.0,34.0,10.0,483.0,9.0,179.0,9.0,500.0,116.0,500.0,422.0,193.0,13.0,500.0,9.0,254.0,500.0,299.0,323.0,500.0,288.0,500.0,48.0,500.0,374.0,41.0,338.0,10.0,264.0,500.0,500.0,500.0,256.0,9.0,44.0,500.0,180.0,500.0,500.0,127.0
550,191.0,27.0,115.0,118.0,500.0,278.0,192.0,387.0,111.0,332.0,42.0,125.0,10.0,500.0,9.0,100.0,9.0,500.0,151.0,500.0,402.0,304.0,12.0,500.0,9.0,254.0,500.0,237.0,323.0,500.0,378.0,500.0,48.0,500.0,369.0,85.0,500.0,10.0,155.0,500.0,500.0,424.0,305.0,9.0,66.0,500.0,383.0,500.0,500.0,126.0
551,165.0,27.0,119.0,117.0,500.0,55.0,112.0,500.0,113.0,439.0,57.0,177.0,10.0,473.0,9.0,251.0,9.0,500.0,127.0,500.0,367.0,152.0,12.0,500.0,9.0,267.0,500.0,257.0,296.0,500.0,123.0,500.0,45.0,500.0,398.0,35.0,318.0,10.0,348.0,500.0,500.0,500.0,207.0,9.0,47.0,290.0,215.0,500.0,500.0,59.0
552,212.0,27.0,115.0,118.0,500.0,302.0,154.0,500.0,113.0,500.0,101.0,413.0,10.0,371.0,9.0,174.0,9.0,500.0,122.0,500.0,446.0,223.0,15.0,492.0,9.0,277.0,500.0,85.0,415.0,500.0,313.0,500.0,46.0,500.0,374.0,85.0,230.0,10.0,178.0,500.0,500.0,500.0,217.0,9.0,42.0,364.0,170.0,500.0,500.0,145.0
553,327.0,27.0,122.0,112.0,500.0,176.0,129.0,386.0,113.0,500.0,56.0,325.0,10.0,402.0,9.0,205.0,9.0,500.0,113.0,500.0,275.0,151.0,14.0,500.0,9.0,277.0,500.0,252.0,363.0,500.0,500.0,500.0,45.0,500.0,391.0,65.0,353.0,10.0,245.0,500.0,500.0,475.0,253.0,9.0,35.0,500.0,136.0,500.0,500.0,139.0
554,228.0,27.0,122.0,119.0,500.0,431.0,114.0,500.0,113.0,500.0,46.0,206.0,10.0,408.0,9.0,78.0,9.0,465.0,119.0,500.0,222.0,224.0,14.0,500.0,9.0,303.0,500.0,214.0,358.0,500.0,153.0,500.0,47.0,500.0,408.0,32.0,299.0,10.0,275.0,500.0,500.0,500.0,164.0,9.0,50.0,441.0,363.0,500.0,500.0,119.0
555,190.0,27.0,124.0,117.0,500.0,312.0,154.0,500.0,115.0,305.0,107.0,432.0,10.0,433.0,9.0,128.0,9.0,500.0,251.0,500.0,355.0,267.0,15.0,500.0,9.0,312.0,500.0,201.0,319.0,500.0,343.0,500.0,46.0,500.0,429.0,188.0,353.0,10.0,295.0,500.0,500.0,373.0,223.0,9.0,116.0,500.0,228.0,500.0,500.0,140.0
556,161.0,27.0,124.0,117.0,449.0,193.0,132.0,500.0,119.0,500.0,74.0,286.0,10.0,500.0,9.0,371.0,9.0,500.0,134.0,500.0,500.0,204.0,15.0,500.0,9.0,310.0,500.0,214.0,393.0,500.0,103.0,500.0,44.0,500.0,413.0,94.0,500.0,10.0,213.0,500.0,500.0,500.0,196.0,9.0,48.0,500.0,193.0,500.0,500.0,168.0
557,258.0,27.0,122.0,118.0,500.0,133.0,148.0,500.0,113.0,229.0,100.0,53.0,10.0,500.0,9.0,287.0,9.0,500.0,124.0,500.0,184.0,448.0,16.0,500.0,9.0,301.0,500.0,59.0,392.0,500.0,225.0,500.0,46.0,500.0,427.0,76.0,192.0,10.0,271.0,500.0,500.0,394.0,162.0,9.0,50.0,350.0,390.0,500.0,500.0,138.0
558,240.0,27.0,122.0,119.0,482.0,372.0,115.0,500.0,113.0,332.0,103.0,117.0,10.0,500.0,9.0,229.0,9.0,500.0,115.0,500.0,264.0,135.0,18.0,500.0,9.0,323.0,500.0,158.0,405.0,500.0,177.0,500.0,40.0,500.0,450.0,56.0,240.0,10.0,285.0,500.0,500.0,500.0,232.0,9.0,40.0,500.0,182.0,500.0,500.0,132.0
559,216.0,27.0,123.0,118.0,246.0,63.0,206.0,500.0,112.0,500.0,123.0,263.0,10.0,500.0,9.0,334.0,9.0,500.0,115.0,500.0,166.0,274.0,16.0,500.0,9.0,307.0,500.0,113.0,273.0,500.0,318.0,500.0,45.0,500.0,455.0,156.0,500.0,10.0,199.0,500.0,500.0,406.0,254.0,9.0,40.0,500.0,392.0,500.0,500.0,136.0
560,186.0,27.0,122.0,117.0,288.0,354.0,133.0,500.0,112.0,295.0,110.0,255.0,10.0,500.0,9.0,84.0,9.0,500.0,250.0,500.0,500.0,352.0,15.0,500.0,9.0,307.0,500.0,146.0,355.0,500.0,127.0,500.0,44.0,500.0,469.0,84.0,262.0,10.0,321.0,500.0,500.0,500.0,262.0,9.0,28.0,500.0,148.0,435.0,500.0,150.0
561,203.0,27.0,123.0,119.0,427.0,112.0,172.0,500.0,112.0,133.0,130.0,97.0,10.0,500.0,9.0,319.0,9.0,500.0,131.0,500.0,500.0,242.0,16.0,500.0,9.0,321.0,500.0,230.0,459.0,500.0,295.0,500.0,46.0,500.0,477.0,39.0,500.0,10.0,361.0,265.0,500.0,500.0,222.0,9.0,261.0,500.0,181.0,500.0,500.0,146.0
562,261.0,27.0,136.0,117.0,500.0,89.0,145.0,500.0,112.0,120.0,104.0,302.0,10.0,442.0,9.0,143.0,9.0,446.0,225.0,500.0,500.0,177.0,17.0,500.0,9.0,304.0,500.0,266.0,445.0,500.0,157.0,500.0,45.0,500.0,460.0,110.0,400.0,10.0,339.0,321.0,500.0,500.0,228.0,9.0,31.0,500.0,213.0,500.0,500.0,137.0
563,204.0,27.0,138.0,117.0,500.0,223.0,192.0,500.0,113.0,262.0,108.0,305.0,10.0,279.0,9.0,253.0,9.0,335.0,151.0,500.0,500.0,274.0,18.0,500.0,9.0,311.0,500.0,389.0,500.0,500.0,287.0,500.0,45.0,500.0,473.0,86.0,445.0,10.0,361.0,500.0,500.0,500.0,313.0,9.0,70.0,500.0,307.0,499.0,500.0,305.0
564,243.0,27.0,136.0,119.0,450.0,162.0,171.0,500.0,111.0,359.0,103.0,149.0,10.0,113.0,9.0,151.0,9.0,500.0,279.0,500.0,420.0,231.0,19.0,500.0,9.0,299.0,500.0,142.0,422.0,500.0,307.0,500.0,46.0,500.0,486.0,121.0,462.0,10.0,261.0,397.0,500.0,500.0,231.0,9.0,38.0,500.0,143.0,500.0,500.0,138.0
565,157.0,27.0,138.0,118.0,413.0,170.0,112.0,500.0,112.0,500.0,118.0,198.0,10.0,120.0,9.0,190.0,9.0,500.0,150.0,500.0,321.0,170.0,18.0,500.0,9.0,303.0,500.0,260.0,463.0,500.0,130.0,500.0,43.0,500.0,475.0,92.0,266.0,10.0,240.0,250.0,500.0,497.0,187.0,9.0,13.0,500.0,196.0,500.0,231.0,315.0
566,128.0,27.0,138.0,118.0,473.0,219.0,167.0,500.0,113.0,274.0,150.0,197.0,10.0,118.0,9.0,191.0,9.0,466.0,165.0,500.0,313.0,283.0,129.0,500.0,9.0,281.0,500.0,347.0,460.0,500.0,111.0,500.0,46.0,500.0,492.0,109.0,193.0,10.0,308.0,500.0,500.0,419.0,114.0,9.0,87.0,500.0,154.0,500.0,336.0,412.0
567,214.0,27.0,138.0,119.0,500.0,93.0,132.0,448.0,112.0,315.0,117.0,216.0,10.0,120.0,9.0,275.0,9.0,500.0,133.0,500.0,500.0,94.0,127.0,500.0,9.0,298.0,500.0,120.0,500.0,500.0,500.0,500.0,44.0,500.0,499.0,40.0,198.0,10.0,333.0,500.0,500.0,499.0,215.0,9.0,66.0,500.0,258.0,500.0,500.0,347.0
568,186.0,27.0,141.0,119.0,500.0,138.0,252.0,491.0,112.0,168.0,270.0,215.0,10.0,115.0,9.0,284.0,9.0,500.0,257.0,500.0,176.0,246.0,128.0,496.0,9.0,308.0,500.0,366.0,392.0,500.0,425.0,500.0,44.0,500.0,500.0,116.0,500.0,10.0,500.0,500.0,500.0,500.0,219.0,9.0,50.0,500.0,136.0,500.0,500.0,159.0
569,216.0,27.0,179.0,119.0,500.0,76.0,230.0,500.0,112.0,141.0,132.0,179.0,10.0,122.0,9.0,310.0,9.0,500.0,140.0,500.0,420.0,164.0,126.0,500.0,9.0,303.0,500.0,47.0,500.0,500.0,415.0,452.0,46.0,500.0,500.0,151.0,149.0,10.0,306.0,500.0,500.0,500.0,196.0,9.0,27.0,500.0,392.0,500.0,500.0,291.0
570,233.0,27.0,138.0,119.0,401.0,185.0,164.0,500.0,113.0,172.0,286.0,248.0,10.0,124.0,9.0,91.0,9.0,500.0,156.0,500.0,500.0,269.0,122.0,500.0,9.0,299.0,500.0,46.0,500.0,500.0,500.0,500.0,46.0,500.0,500.0,23.0,328.0,10.0,500.0,500.0,500.0,500.0,500.0,9.0,78.0,500.0,173.0,500.0,394.0,193.0
571,139.0,27.0,138.0,119.0,500.0,313.0,241.0,500.0,113.0,240.0,345.0,215.0,10.0,117.0,9.0,152.0,9.0,500.0,115.0,500.0,74.0,290.0,114.0,500.0,9.0,306.0,500.0,198.0,87.0,500.0,431.0,500.0,44.0,500.0,500.0,22.0,151.0,10.0,442.0,500.0,500.0,428.0,311.0,9.0,23.0,500.0,235.0,500.0,500.0,306.0
572,428.0,27.0,138.0,120.0,500.0,500.0,165.0,500.0,118.0,500.0,281.0,127.0,10.0,113.0,9.0,235.0,9.0,227.0,264.0,500.0,500.0,257.0,105.0,368.0,9.0,310.0,500.0,238.0,500.0,500.0,184.0,500.0,49.0,500.0,500.0,17.0,289.0,10.0,394.0,304.0,500.0,500.0,259.0,9.0,48.0,500.0,198.0,500.0,500.0,259.0
573,23.0,27.0,138.0,120.0,500.0,409.0,204.0,500.0,113.0,355.0,500.0,203.0,10.0,113.0,9.0,257.0,9.0,500.0,114.0,500.0,482.0,136.0,28.0,500.0,9.0,313.0,500.0,248.0,475.0,500.0,240.0,500.0,51.0,500.0,500.0,115.0,296.0,10.0,500.0,500.0,500.0,500.0,259.0,9.0,36.0,500.0,161.0,500.0,500.0,259.0
574,434.0,27.0,138.0,120.0,500.0,68.0,200.0,500.0,113.0,329.0,500.0,185.0,10.0,110.0,9.0,180.0,9.0,170.0,152.0,500.0,189.0,216.0,97.0,500.0,9.0,341.0,500.0,209.0,494.0,500.0,158.0,500.0,46.0,500.0,500.0,127.0,472.0,10.0,500.0,500.0,500.0,500.0,318.0,9.0,37.0,500.0,225.0,500.0,500.0,191.0
575,167.0,27.0,138.0,121.0,500.0,276.0,182.0,500.0,118.0,500.0,372.0,166.0,10.0,109.0,9.0,350.0,9.0,500.0,366.0,500.0,500.0,424.0,25.0,500.0,9.0,336.0,500.0,270.0,487.0,500.0,186.0,500.0,48.0,500.0,500.0,105.0,424.0,10.0,500.0,500.0,500.0,475.0,116.0,9.0,64.0,500.0,204.0,441.0,500.0,190.0
576,122.0,27.0,138.0,121.0,500.0,162.0,207.0,500.0,118.0,204.0,500.0,165.0,10.0,54.0,9.0,127.0,9.0,500.0,133.0,500.0,500.0,352.0,25.0,500.0,9.0,341.0,500.0,441.0,500.0,500.0,169.0,500.0,54.0,500.0,500.0,26.0,112.0,10.0,500.0,500.0,500.0,500.0,224.0,9.0,60.0,500.0,172.0,500.0,500.0,241.0
577,279.0,27.0,126.0,121.0,500.0,312.0,341.0,500.0,119.0,293.0,500.0,189.0,10.0,108.0,9.0,463.0,9.0,500.0,178.0,500.0,500.0,103.0,34.0,500.0,9.0,338.0,500.0,194.0,500.0,500.0,325.0,500.0,52.0,500.0,500.0,133.0,309.0,10.0,500.0,500.0,500.0,500.0,223.0,9.0,34.0,500.0,355.0,500.0,500.0,145.0
578,112.0,27.0,127.0,122.0,500.0,38.0,265.0,500.0,119.0,147.0,243.0,458.0,10.0,112.0,9.0,170.0,9.0,500.0,153.0,500.0,477.0,173.0,30.0,500.0,9.0,358.0,500.0,269.0,500.0,500.0,199.0,500.0,53.0,500.0,500.0,59.0,203.0,10.0,500.0,500.0,500.0,500.0,232.0,9.0,50.0,500.0,189.0,500.0,500.0,168.0
579,225.0,27.0,124.0,122.0,500.0,314.0,149.0,285.0,133.0,271.0,279.0,160.0,10.0,112.0,9.0,406.0,9.0,500.0,131.0,500.0,500.0,123.0,34.0,500.0,9.0,365.0,500.0,260.0,241.0,500.0,334.0,500.0,55.0,455.0,500.0,160.0,238.0,10.0,500.0,500.0,500.0,500.0,500.0,9.0,115.0,500.0,187.0,500.0,500.0,129.0
580,183.0,27.0,125.0,122.0,500.0,255.0,171.0,500.0,133.0,310.0,283.0,379.0,10.0,110.0,9.0,150.0,9.0,404.0,120.0,500.0,500.0,173.0,30.0,334.0,9.0,394.0,500.0,98.0,500.0,500.0,235.0,500.0,55.0,369.0,500.0,79.0,213.0,10.0,500.0,500.0,500.0,384.0,269.0,9.0,71.0,500.0,145.0,500.0,500.0,140.0
581,146.0,27.0,123.0,122.0,500.0,365.0,224.0,449.0,133.0,500.0,308.0,209.0,10.0,68.0,9.0,197.0,9.0,393.0,241.0,500.0,375.0,212.0,28.0,500.0,9.0,429.0,500.0,197.0,500.0,500.0,128.0,500.0,62.0,283.0,500.0,66.0,209.0,10.0,500.0,500.0,500.0,481.0,214.0,9.0,61.0,500.0,301.0,500.0,500.0,186.0
582,41.0,27.0,123.0,122.0,500.0,217.0,149.0,500.0,175.0,176.0,500.0,298.0,10.0,66.0,9.0,167.0,9.0,500.0,136.0,500.0,295.0,126.0,30.0,500.0,9.0,454.0,500.0,254.0,500.0,500.0,151.0,500.0,59.0,257.0,500.0,46.0,170.0,10.0,500.0,500.0,500.0,500.0,214.0,9.0,35.0,500.0,209.0,500.0,500.0,152.0
583,278.0,27.0,122.0,123.0,500.0,358.0,163.0,500.0,175.0,500.0,364.0,152.0,10.0,63.0,9.0,104.0,9.0,500.0,145.0,500.0,500.0,400.0,35.0,500.0,9.0,492.0,500.0,288.0,500.0,500.0,297.0,500.0,60.0,235.0,500.0,108.0,160.0,10.0,500.0,500.0,500.0,486.0,289.0,9.0,66.0,500.0,432.0,500.0,500.0,192.0
584,194.0,27.0,119.0,121.0,500.0,224.0,217.0,500.0,173.0,500.0,213.0,157.0,10.0,72.0,9.0,196.0,9.0,500.0,138.0,500.0,500.0,206.0,30.0,500.0,9.0,281.0,500.0,190.0,229.0,500.0,320.0,500.0,60.0,223.0,500.0,93.0,251.0,10.0,500.0,500.0,500.0,500.0,194.0,9.0,55.0,500.0,161.0,500.0,500.0,163.0
585,213.0,27.0,115.0,121.0,500.0,216.0,156.0,471.0,191.0,500.0,500.0,342.0,10.0,63.0,9.0,195.0,9.0,500.0,174.0,500.0,500.0,236.0,33.0,500.0,9.0,216.0,500.0,343.0,500.0,500.0,500.0,500.0,62.0,209.0,500.0,59.0,243.0,10.0,500.0,500.0,500.0,500.0,139.0,9.0,69.0,500.0,213.0,500.0,500.0,139.0
586,229.0,27.0,115.0,121.0,500.0,201.0,178.0,500.0,197.0,500.0,500.0,266.0,10.0,64.0,9.0,121.0,9.0,212.0,192.0,500.0,500.0,253.0,35.0,278.0,9.0,203.0,500.0,57.0,500.0,500.0,500.0,500.0,58.0,212.0,500.0,98.0,225.0,10.0,500.0,500.0,500.0,500.0,166.0,9.0,218.0,500.0,191.0,500.0,500.0,144.0
587,183.0,27.0,115.0,121.0,500.0,154.0,175.0,500.0,199.0,500.0,308.0,169.0,10.0,52.0,9.0,236.0,9.0,492.0,134.0,500.0,432.0,371.0,91.0,500.0,9.0,198.0,500.0,220.0,500.0,500.0,424.0,500.0,67.0,192.0,478.0,65.0,244.0,10.0,500.0,500.0,500.0,500.0,293.0,9.0,83.0,500.0,91.0,500.0,500.0,132.0
588,377.0,27.0,112.0,121.0,500.0,178.0,203.0,500.0,238.0,243.0,451.0,207.0,10.0,55.0,9.0,198.0,9.0,360.0,147.0,500.0,500.0,120.0,35.0,500.0,9.0,204.0,500.0,196.0,500.0,500.0,500.0,500.0,60.0,192.0,445.0,74.0,241.0,10.0,500.0,500.0,500.0,500.0,258.0,9.0,50.0,500.0,370.0,500.0,500.0,133.0
589,284.0,27.0,110.0,122.0,500.0,65.0,176.0,500.0,235.0,500.0,500.0,259.0,10.0,62.0,9.0,205.0,9.0,375.0,131.0,500.0,500.0,234.0,93.0,500.0,9.0,188.0,500.0,171.0,500.0,500.0,500.0,500.0,58.0,184.0,436.0,38.0,270.0,10.0,500.0,500.0,500.0,500.0,346.0,9.0,24.0,500.0,406.0,500.0,500.0,145.0
590,330.0,27.0,113.0,121.0,500.0,172.0,238.0,500.0,280.0,500.0,500.0,294.0,10.0,55.0,9.0,160.0,9.0,500.0,132.0,500.0,500.0,243.0,35.0,500.0,9.0,192.0,500.0,185.0,500.0,500.0,435.0,500.0,60.0,177.0,383.0,58.0,182.0,10.0,500.0,500.0,500.0,500.0,215.0,9.0,66.0,500.0,387.0,500.0,500.0,143.0
591,126.0,27.0,110.0,122.0,500.0,369.0,164.0,500.0,177.0,500.0,484.0,289.0,10.0,61.0,9.0,500.0,9.0,500.0,122.0,500.0,500.0,306.0,93.0,500.0,9.0,198.0,500.0,196.0,500.0,500.0,135.0,500.0,59.0,172.0,370.0,66.0,182.0,10.0,500.0,500.0,500.0,500.0,401.0,9.0,21.0,428.0,409.0,500.0,500.0,152.0
592,168.0,27.0,115.0,122.0,500.0,203.0,193.0,500.0,148.0,500.0,399.0,148.0,10.0,68.0,9.0,199.0,9.0,500.0,131.0,500.0,500.0,235.0,95.0,500.0,9.0,197.0,500.0,175.0,500.0,500.0,109.0,500.0,58.0,166.0,353.0,50.0,168.0,10.0,500.0,500.0,500.0,500.0,141.0,9.0,122.0,272.0,207.0,500.0,500.0,142.0
593,212.0,27.0,108.0,130.0,500.0,63.0,197.0,500.0,148.0,500.0,191.0,207.0,10.0,58.0,9.0,148.0,9.0,500.0,259.0,500.0,500.0,189.0,99.0,500.0,9.0,184.0,500.0,228.0,500.0,500.0,169.0,500.0,61.0,167.0,309.0,29.0,324.0,10.0,500.0,500.0,500.0,500.0,362.0,9.0,48.0,234.0,500.0,500.0,500.0,157.0
594,403.0,27.0,108.0,128.0,500.0,259.0,230.0,365.0,208.0,500.0,388.0,348.0,10.0,61.0,9.0,205.0,9.0,500.0,123.0,500.0,500.0,224.0,99.0,500.0,9.0,205.0,500.0,280.0,498.0,500.0,281.0,500.0,56.0,166.0,305.0,75.0,222.0,10.0,500.0,500.0,500.0,500.0,244.0,9.0,63.0,129.0,288.0,500.0,500.0,131.0
595,189.0,27.0,108.0,130.0,500.0,297.0,274.0,500.0,124.0,483.0,350.0,160.0,10.0,61.0,9.0,184.0,9.0,500.0,152.0,500.0,500.0,178.0,100.0,500.0,9.0,231.0,500.0,156.0,500.0,500.0,418.0,500.0,57.0,164.0,292.0,190.0,309.0,10.0,500.0,500.0,500.0,500.0,95.0,9.0,14.0,186.0,233.0,500.0,500.0,147.0
596,183.0,27.0,108.0,132.0,500.0,230.0,447.0,500.0,124.0,322.0,330.0,238.0,10.0,63.0,9.0,146.0,9.0,500.0,128.0,500.0,500.0,226.0,102.0,500.0,9.0,239.0,500.0,310.0,152.0,500.0,319.0,500.0,55.0,160.0,277.0,110.0,208.0,10.0,500.0,500.0,500.0,500.0,229.0,9.0,50.0,247.0,226.0,500.0,500.0,133.0
597,343.0,27.0,108.0,133.0,500.0,138.0,372.0,500.0,148.0,219.0,314.0,251.0,10.0,73.0,9.0,321.0,9.0,500.0,213.0,500.0,500.0,355.0,104.0,500.0,9.0,297.0,500.0,185.0,173.0,500.0,89.0,500.0,58.0,159.0,251.0,305.0,230.0,10.0,500.0,500.0,500.0,500.0,395.0,9.0,44.0,194.0,385.0,500.0,500.0,145.0
598,209.0,27.0,108.0,130.0,500.0,178.0,421.0,500.0,129.0,265.0,375.0,307.0,10.0,71.0,9.0,245.0,9.0,500.0,175.0,500.0,500.0,444.0,109.0,500.0,9.0,500.0,500.0,178.0,500.0,500.0,234.0,500.0,56.0,165.0,244.0,73.0,287.0,10.0,500.0,500.0,500.0,500.0,478.0,9.0,36.0,138.0,170.0,500.0,500.0,125.0
599,299.0,27.0,106.0,131.0,500.0,236.0,500.0,500.0,181.0,500.0,286.0,214.0,10.0,102.0,9.0,260.0,9.0,451.0,131.0,500.0,500.0,265.0,111.0,500.0,9.0,500.0,500.0,148.0,88.0,500.0,245.0,275.0,55.0,163.0,246.0,36.0,386.0,10.0,500.0,500.0,500.0,500.0,259.0,9.0,44.0,308.0,202.0,500.0,500.0,140.0
600,56.0,27.0,108.0,132.0,500.0,216.0,500.0,500.0,148.0,250.0,276.0,166.0,10.0,105.0,9.0,162.0,9.0,500.0,208.0,500.0,500.0,374.0,115.0,500.0,9.0,500.0,500.0,326.0,500.0,500.0,119.0,500.0,58.0,166.0,226.0,50.0,265.0,10.0,500.0,500.0,500.0,500.0,483.0,9.0,175.0,315.0,287.0,500.0,500.0,131.0
601,268.0,27.0,106.0,131.0,500.0,293.0,500.0,500.0,148.0,500.0,289.0,230.0,12.0,101.0,9.0,31.0,9.0,500.0,170.0,500.0,500.0,159.0,114.0,500.0,9.0,500.0,500.0,347.0,500.0,500.0,238.0,500.0,58.0,168.0,229.0,26.0,405.0,10.0,500.0,500.0,500.0,500.0,278.0,9.0,219.0,198.0,500.0,500.0,500.0,144.0
602,201.0,27.0,108.0,131.0,500.0,373.0,500.0,500.0,172.0,356.0,322.0,286.0,10.0,132.0,9.0,424.0,9.0,500.0,127.0,500.0,183.0,327.0,123.0,500.0,9.0,500.0,500.0,146.0,500.0,500.0,202.0,500.0,57.0,174.0,225.0,85.0,183.0,10.0,500.0,500.0,500.0,500.0,174.0,9.0,64.0,482.0,192.0,500.0,500.0,124.0
603,247.0,27.0,106.0,131.0,500.0,276.0,500.0,491.0,177.0,395.0,330.0,388.0,10.0,125.0,9.0,177.0,9.0,500.0,272.0,500.0,500.0,331.0,125.0,500.0,9.0,500.0,500.0,428.0,500.0,500.0,259.0,500.0,51.0,176.0,225.0,30.0,249.0,10.0,500.0,500.0,500.0,500.0,271.0,9.0,52.0,500.0,291.0,500.0,500.0,134.0
604,202.0,27.0,104.0,131.0,500.0,282.0,500.0,500.0,148.0,500.0,314.0,157.0,10.0,129.0,9.0,110.0,9.0,500.0,354.0,500.0,372.0,335.0,126.0,500.0,9.0,500.0,500.0,178.0,500.0,500.0,411.0,500.0,52.0,183.0,222.0,83.0,272.0,10.0,241.0,500.0,500.0,500.0,245.0,9.0,28.0,500.0,190.0,500.0,500.0,135.0
605,316.0,27.0,104.0,131.0,500.0,289.0,500.0,500.0,178.0,500.0,341.0,398.0,10.0,183.0,9.0,169.0,9.0,500.0,124.0,500.0,500.0,298.0,129.0,337.0,9.0,500.0,500.0,181.0,500.0,500.0,313.0,500.0,57.0,181.0,226.0,124.0,299.0,10.0,500.0,500.0,500.0,500.0,293.0,9.0,87.0,500.0,278.0,500.0,391.0,118.0
606,236.0,27.0,104.0,132.0,500.0,198.0,500.0,500.0,178.0,500.0,291.0,178.0,10.0,202.0,9.0,147.0,9.0,500.0,369.0,500.0,500.0,373.0,137.0,500.0,9.0,500.0,500.0,500.0,500.0,500.0,482.0,500.0,52.0,180.0,230.0,62.0,331.0,10.0,500.0,500.0,500.0,500.0,231.0,9.0,77.0,500.0,304.0,500.0,234.0,135.0
607,139.0,27.0,104.0,130.0,500.0,70.0,415.0,500.0,190.0,500.0,293.0,271.0,10.0,223.0,9.0,308.0,9.0,500.0,316.0,500.0,500.0,391.0,129.0,500.0,9.0,500.0,500.0,182.0,500.0,500.0,416.0,500.0,52.0,191.0,235.0,29.0,295.0,10.0,500.0,500.0,500.0,500.0,191.0,9.0,26.0,500.0,500.0,500.0,500.0,121.0
608,161.0,27.0,104.0,130.0,500.0,122.0,500.0,500.0,235.0,500.0,371.0,314.0,10.0,243.0,9.0,196.0,9.0,500.0,330.0,500.0,500.0,202.0,131.0,500.0,9.0,500.0,500.0,373.0,500.0,500.0,189.0,500.0,54.0,183.0,240.0,128.0,222.0,10.0,500.0,500.0,500.0,500.0,262.0,9.0,14.0,500.0,345.0,500.0,500.0,126.0
609,171.0,27.0,104.0,130.0,430.0,374.0,500.0,500.0,144.0,342.0,323.0,217.0,10.0,266.0,9.0,163.0,9.0,500.0,126.0,500.0,381.0,371.0,130.0,500.0,9.0,500.0,500.0,244.0,500.0,500.0,258.0,500.0,49.0,196.0,241.0,92.0,280.0,10.0,500.0,500.0,500.0,472.0,358.0,9.0,62.0,500.0,500.0,500.0,500.0,129.0
610,233.0,27.0,104.0,130.0,500.0,309.0,500.0,500.0,138.0,500.0,356.0,125.0,10.0,260.0,9.0,208.0,9.0,500.0,311.0,500.0,500.0,126.0,138.0,500.0,9.0,500.0,500.0,331.0,500.0,500.0,225.0,500.0,51.0,194.0,237.0,139.0,296.0,10.0,500.0,500.0,481.0,500.0,122.0,9.0,48.0,500.0,280.0,500.0,500.0,125.0
611,357.0,27.0,104.0,130.0,500.0,90.0,500.0,500.0,138.0,308.0,397.0,446.0,10.0,249.0,9.0,164.0,9.0,500.0,371.0,500.0,500.0,272.0,128.0,500.0,9.0,500.0,500.0,139.0,500.0,500.0,222.0,500.0,49.0,197.0,247.0,66.0,201.0,10.0,500.0,500.0,460.0,500.0,147.0,9.0,92.0,500.0,348.0,500.0,500.0,115.0
612,137.0,27.0,104.0,128.0,500.0,265.0,500.0,500.0,126.0,500.0,372.0,274.0,10.0,280.0,9.0,153.0,9.0,439.0,500.0,500.0,500.0,270.0,124.0,449.0,9.0,500.0,500.0,224.0,500.0,500.0,402.0,500.0,48.0,205.0,258.0,305.0,256.0,10.0,500.0,500.0,500.0,500.0,133.0,9.0,63.0,500.0,88.0,500.0,393.0,142.0
613,293.0,27.0,102.0,130.0,500.0,303.0,500.0,500.0,123.0,413.0,362.0,245.0,10.0,500.0,9.0,396.0,9.0,500.0,500.0,500.0,175.0,371.0,126.0,500.0,9.0,500.0,500.0,247.0,500.0,500.0,227.0,500.0,50.0,199.0,260.0,27.0,325.0,10.0,500.0,500.0,500.0,500.0,301.0,9.0,77.0,500.0,500.0,500.0,500.0,127.0
614,206.0,27.0,102.0,130.0,500.0,217.0,500.0,500.0,128.0,500.0,417.0,199.0,10.0,386.0,9.0,222.0,9.0,500.0,333.0,500.0,500.0,155.0,125.0,500.0,9.0,500.0,500.0,159.0,500.0,500.0,380.0,500.0,49.0,207.0,265.0,213.0,287.0,10.0,500.0,500.0,500.0,500.0,226.0,9.0,93.0,500.0,236.0,500.0,500.0,123.0
615,340.0,27.0,104.0,129.0,500.0,337.0,500.0,500.0,126.0,469.0,442.0,176.0,10.0,385.0,9.0,302.0,9.0,500.0,500.0,500.0,307.0,500.0,131.0,500.0,9.0,500.0,500.0,134.0,500.0,500.0,500.0,500.0,58.0,212.0,262.0,205.0,467.0,10.0,500.0,500.0,500.0,500.0,293.0,9.0,104.0,500.0,125.0,500.0,500.0,126.0
616,162.0,27.0,104.0,129.0,500.0,191.0,500.0,500.0,128.0,500.0,361.0,226.0,10.0,500.0,9.0,184.0,9.0,500.0,500.0,500.0,383.0,278.0,140.0,500.0,9.0,500.0,500.0,356.0,500.0,500.0,100.0,500.0,51.0,211.0,277.0,147.0,269.0,10.0,500.0,500.0,500.0,500.0,269.0,9.0,54.0,500.0,399.0,500.0,500.0,135.0
617,200.0,27.0,104.0,130.0,500.0,279.0,500.0,500.0,128.0,488.0,442.0,181.0,10.0,379.0,9.0,156.0,9.0,500.0,500.0,500.0,411.0,337.0,146.0,500.0,9.0,500.0,500.0,500.0,500.0,500.0,90.0,500.0,50.0,215.0,277.0,137.0,375.0,10.0,500.0,500.0,500.0,500.0,235.0,9.0,45.0,500.0,447.0,500.0,500.0,130.0
618,388.0,27.0,100.0,122.0,500.0,245.0,500.0,500.0,125.0,491.0,435.0,207.0,10.0,300.0,9.0,224.0,9.0,500.0,500.0,500.0,330.0,262.0,150.0,500.0,9.0,500.0,500.0,226.0,500.0,500.0,114.0,500.0,53.0,216.0,278.0,38.0,183.0,10.0,500.0,500.0,500.0,500.0,480.0,9.0,48.0,500.0,392.0,500.0,500.0,122.0
619,500.0,27.0,104.0,129.0,500.0,283.0,500.0,500.0,119.0,500.0,500.0,330.0,10.0,500.0,9.0,242.0,9.0,500.0,499.0,500.0,285.0,340.0,166.0,500.0,9.0,500.0,500.0,174.0,500.0,500.0,241.0,500.0,51.0,214.0,281.0,49.0,315.0,10.0,500.0,500.0,500.0,500.0,281.0,9.0,40.0,500.0,225.0,500.0,500.0,128.0
620,251.0,27.0,104.0,130.0,500.0,95.0,500.0,500.0,116.0,500.0,500.0,271.0,10.0,339.0,9.0,167.0,9.0,500.0,326.0,500.0,334.0,325.0,182.0,500.0,9.0,500.0,500.0,354.0,500.0,500.0,289.0,500.0,52.0,205.0,291.0,70.0,319.0,10.0,500.0,500.0,500.0,500.0,219.0,9.0,183.0,500.0,484.0,500.0,500.0,120.0
621,147.0,27.0,104.0,130.0,500.0,146.0,500.0,500.0,116.0,500.0,500.0,243.0,10.0,500.0,9.0,232.0,9.0,463.0,312.0,500.0,379.0,334.0,195.0,500.0,9.0,500.0,500.0,281.0,500.0,500.0,221.0,500.0,58.0,217.0,293.0,69.0,259.0,10.0,500.0,500.0,500.0,500.0,186.0,9.0,71.0,500.0,475.0,500.0,500.0,119.0
622,230.0,27.0,104.0,127.0,500.0,91.0,500.0,500.0,115.0,500.0,500.0,345.0,10.0,500.0,9.0,369.0,9.0,500.0,330.0,500.0,367.0,272.0,200.0,500.0,9.0,500.0,500.0,222.0,500.0,500.0,198.0,500.0,61.0,214.0,295.0,82.0,371.0,10.0,500.0,500.0,500.0,500.0,239.0,9.0,26.0,500.0,154.0,500.0,362.0,125.0
623,190.0,27.0,104.0,131.0,500.0,359.0,500.0,500.0,115.0,500.0,325.0,237.0,10.0,500.0,9.0,247.0,9.0,500.0,490.0,500.0,396.0,85.0,221.0,500.0,9.0,500.0,74.0,172.0,500.0,500.0,241.0,500.0,50.0,214.0,288.0,98.0,297.0,10.0,500.0,500.0,500.0,500.0,230.0,9.0,53.0,500.0,500.0,500.0,500.0,122.0
624,340.0,27.0,104.0,132.0,500.0,82.0,500.0,500.0,113.0,500.0,500.0,238.0,10.0,500.0,9.0,264.0,9.0,500.0,206.0,445.0,320.0,204.0,281.0,500.0,9.0,500.0,500.0,315.0,500.0,500.0,282.0,500.0,59.0,213.0,289.0,72.0,276.0,10.0,138.0,500.0,500.0,500.0,208.0,9.0,80.0,500.0,207.0,500.0,500.0,121.0
625,278.0,27.0,108.0,132.0,500.0,428.0,500.0,500.0,110.0,500.0,500.0,68.0,10.0,500.0,9.0,264.0,9.0,192.0,500.0,500.0,339.0,155.0,310.0,500.0,9.0,500.0,500.0,201.0,500.0,500.0,175.0,500.0,59.0,214.0,294.0,64.0,277.0,10.0,500.0,500.0,500.0,500.0,166.0,9.0,43.0,500.0,500.0,500.0,500.0,125.0
626,500.0,27.0,108.0,132.0,500.0,166.0,500.0,500.0,115.0,500.0,319.0,427.0,10.0,500.0,9.0,205.0,9.0,500.0,189.0,500.0,363.0,487.0,368.0,500.0,9.0,500.0,500.0,474.0,500.0,500.0,146.0,500.0,67.0,211.0,301.0,148.0,314.0,10.0,500.0,500.0,500.0,500.0,346.0,9.0,40.0,500.0,500.0,500.0,500.0,138.0
627,346.0,27.0,108.0,132.0,500.0,103.0,500.0,500.0,108.0,500.0,451.0,208.0,10.0,500.0,9.0,159.0,9.0,500.0,500.0,500.0,345.0,451.0,496.0,500.0,9.0,500.0,500.0,365.0,500.0,500.0,124.0,500.0,58.0,205.0,288.0,57.0,230.0,10.0,500.0,500.0,500.0,500.0,257.0,9.0,128.0,500.0,199.0,500.0,500.0,131.0
628,161.0,27.0,112.0,131.0,500.0,323.0,500.0,500.0,115.0,500.0,260.0,308.0,10.0,477.0,9.0,290.0,9.0,500.0,374.0,500.0,408.0,246.0,500.0,500.0,9.0,500.0,500.0,291.0,500.0,500.0,221.0,500.0,63.0,205.0,289.0,106.0,149.0,10.0,500.0,500.0,500.0,500.0,300.0,9.0,102.0,500.0,500.0,500.0,500.0,128.0
629,246.0,27.0,113.0,132.0,500.0,202.0,500.0,500.0,115.0,500.0,500.0,305.0,10.0,471.0,9.0,253.0,9.0,500.0,500.0,500.0,500.0,151.0,500.0,500.0,9.0,500.0,500.0,93.0,500.0,500.0,213.0,500.0,66.0,210.0,297.0,61.0,225.0,10.0,500.0,500.0,500.0,500.0,370.0,9.0,90.0,500.0,500.0,500.0,500.0,117.0
630,350.0,27.0,108.0,131.0,500.0,224.0,500.0,500.0,115.0,500.0,500.0,288.0,10.0,500.0,9.0,183.0,9.0,500.0,342.0,500.0,388.0,399.0,500.0,500.0,9.0,500.0,500.0,300.0,500.0,500.0,500.0,500.0,65.0,207.0,305.0,168.0,236.0,10.0,500.0,500.0,500.0,500.0,130.0,9.0,75.0,500.0,500.0,500.0,500.0,119.0
631,165.0,27.0,113.0,132.0,500.0,238.0,500.0,500.0,115.0,500.0,493.0,364.0,10.0,500.0,9.0,418.0,9.0,500.0,288.0,500.0,338.0,158.0,500.0,500.0,9.0,500.0,500.0,119.0,500.0,500.0,159.0,500.0,68.0,208.0,287.0,209.0,378.0,10.0,500.0,500.0,500.0,500.0,255.0,9.0,93.0,500.0,328.0,500.0,500.0,115.0
632,220.0,27.0,113.0,132.0,500.0,315.0,500.0,500.0,116.0,500.0,500.0,214.0,10.0,500.0,9.0,287.0,9.0,463.0,376.0,500.0,482.0,388.0,500.0,500.0,9.0,500.0,268.0,243.0,500.0,500.0,342.0,500.0,63.0,214.0,291.0,200.0,273.0,10.0,500.0,500.0,500.0,500.0,392.0,9.0,53.0,500.0,500.0,500.0,500.0,122.0
633,106.0,27.0,115.0,133.0,500.0,194.0,500.0,500.0,116.0,405.0,500.0,151.0,10.0,500.0,9.0,207.0,9.0,500.0,446.0,500.0,500.0,266.0,500.0,500.0,9.0,500.0,434.0,195.0,500.0,500.0,126.0,500.0,67.0,217.0,298.0,56.0,269.0,10.0,500.0,500.0,500.0,500.0,272.0,9.0,129.0,500.0,500.0,500.0,500.0,124.0
634,434.0,27.0,119.0,133.0,500.0,445.0,500.0,500.0,119.0,500.0,500.0,127.0,10.0,500.0,9.0,186.0,9.0,500.0,420.0,500.0,476.0,337.0,500.0,500.0,9.0,500.0,345.0,283.0,500.0,500.0,180.0,500.0,71.0,222.0,299.0,58.0,286.0,10.0,500.0,500.0,500.0,500.0,134.0,9.0,29.0,500.0,500.0,500.0,500.0,116.0
635,187.0,27.0,116.0,134.0,500.0,224.0,500.0,283.0,123.0,500.0,217.0,289.0,10.0,500.0,9.0,500.0,9.0,500.0,350.0,500.0,500.0,266.0,500.0,500.0,9.0,500.0,304.0,176.0,500.0,500.0,180.0,500.0,69.0,226.0,295.0,23.0,234.0,10.0,500.0,500.0,500.0,500.0,327.0,9.0,22.0,500.0,194.0,500.0,500.0,146.0
636,464.0,27.0,119.0,134.0,329.0,481.0,500.0,180.0,125.0,500.0,500.0,161.0,10.0,500.0,9.0,239.0,9.0,500.0,498.0,500.0,178.0,200.0,500.0,500.0,9.0,500.0,249.0,310.0,500.0,500.0,167.0,500.0,67.0,226.0,317.0,45.0,312.0,10.0,500.0,500.0,500.0,500.0,290.0,9.0,115.0,500.0,500.0,500.0,500.0,139.0
637,266.0,27.0,115.0,142.0,500.0,244.0,500.0,500.0,128.0,500.0,384.0,212.0,10.0,349.0,9.0,166.0,9.0,500.0,283.0,500.0,500.0,227.0,500.0,500.0,9.0,500.0,261.0,223.0,500.0,500.0,269.0,500.0,73.0,230.0,326.0,120.0,206.0,10.0,500.0,500.0,500.0,500.0,219.0,9.0,21.0,500.0,500.0,500.0,500.0,121.0
638,301.0,27.0,122.0,134.0,500.0,170.0,500.0,500.0,146.0,500.0,428.0,149.0,10.0,476.0,9.0,128.0,9.0,500.0,272.0,500.0,500.0,223.0,500.0,500.0,9.0,500.0,253.0,348.0,500.0,500.0,450.0,500.0,69.0,234.0,316.0,106.0,208.0,10.0,500.0,500.0,500.0,500.0,295.0,9.0,73.0,500.0,500.0,500.0,500.0,122.0
639,336.0,27.0,122.0,140.0,500.0,218.0,500.0,500.0,146.0,303.0,500.0,169.0,10.0,356.0,9.0,500.0,9.0,500.0,352.0,500.0,500.0,267.0,500.0,500.0,9.0,500.0,416.0,143.0,500.0,500.0,194.0,500.0,69.0,229.0,322.0,104.0,352.0,10.0,500.0,500.0,500.0,500.0,336.0,9.0,54.0,500.0,500.0,500.0,500.0,133.0
640,271.0,27.0,122.0,145.0,500.0,332.0,500.0,500.0,149.0,396.0,500.0,403.0,10.0,383.0,9.0,156.0,9.0,500.0,363.0,500.0,500.0,161.0,500.0,500.0,9.0,500.0,483.0,300.0,416.0,500.0,162.0,500.0,72.0,237.0,327.0,55.0,293.0,10.0,500.0,500.0,500.0,500.0,258.0,9.0,42.0,500.0,500.0,500.0,500.0,134.0
641,493.0,27.0,122.0,143.0,500.0,187.0,500.0,500.0,325.0,296.0,167.0,190.0,10.0,301.0,9.0,249.0,9.0,500.0,195.0,500.0,500.0,263.0,500.0,500.0,9.0,500.0,421.0,150.0,500.0,500.0,312.0,500.0,71.0,246.0,326.0,102.0,121.0,10.0,500.0,500.0,500.0,500.0,312.0,9.0,24.0,500.0,473.0,500.0,500.0,123.0
642,223.0,27.0,122.0,145.0,500.0,204.0,500.0,500.0,197.0,283.0,500.0,338.0,10.0,287.0,9.0,286.0,9.0,500.0,276.0,500.0,500.0,500.0,500.0,500.0,9.0,500.0,500.0,473.0,500.0,500.0,396.0,500.0,67.0,251.0,322.0,154.0,202.0,10.0,500.0,500.0,500.0,500.0,194.0,9.0,23.0,500.0,230.0,500.0,500.0,114.0
643,152.0,27.0,133.0,143.0,500.0,207.0,500.0,500.0,194.0,477.0,500.0,327.0,10.0,246.0,9.0,235.0,9.0,500.0,500.0,500.0,500.0,212.0,500.0,500.0,9.0,500.0,500.0,350.0,398.0,500.0,152.0,500.0,71.0,257.0,313.0,196.0,241.0,10.0,500.0,500.0,500.0,245.0,336.0,9.0,80.0,500.0,395.0,500.0,500.0,130.0
644,312.0,27.0,122.0,146.0,500.0,348.0,500.0,500.0,175.0,500.0,459.0,204.0,10.0,318.0,9.0,104.0,9.0,500.0,180.0,500.0,437.0,287.0,500.0,500.0,9.0,500.0,500.0,283.0,500.0,500.0,500.0,500.0,69.0,247.0,311.0,68.0,212.0,10.0,500.0,500.0,500.0,500.0,348.0,9.0,36.0,500.0,435.0,500.0,500.0,121.0
645,275.0,27.0,133.0,146.0,500.0,269.0,500.0,500.0,175.0,369.0,500.0,356.0,10.0,313.0,9.0,224.0,9.0,500.0,500.0,500.0,500.0,296.0,500.0,500.0,9.0,500.0,500.0,365.0,500.0,500.0,228.0,500.0,69.0,259.0,311.0,52.0,283.0,10.0,500.0,500.0,500.0,500.0,276.0,9.0,118.0,500.0,500.0,500.0,500.0,125.0
646,314.0,27.0,133.0,146.0,500.0,352.0,500.0,500.0,185.0,500.0,500.0,250.0,10.0,310.0,9.0,143.0,9.0,500.0,415.0,500.0,500.0,500.0,500.0,500.0,9.0,500.0,500.0,196.0,500.0,500.0,359.0,500.0,73.0,262.0,333.0,71.0,184.0,10.0,500.0,500.0,500.0,160.0,500.0,9.0,46.0,500.0,323.0,500.0,500.0,114.0
647,188.0,27.0,134.0,147.0,500.0,244.0,500.0,500.0,185.0,496.0,500.0,221.0,10.0,279.0,9.0,218.0,9.0,500.0,278.0,500.0,500.0,301.0,500.0,500.0,9.0,500.0,500.0,213.0,500.0,500.0,481.0,500.0,69.0,278.0,328.0,181.0,208.0,10.0,500.0,500.0,500.0,500.0,63.0,9.0,52.0,500.0,500.0,500.0,500.0,150.0
648,339.0,27.0,134.0,146.0,500.0,432.0,500.0,500.0,158.0,275.0,500.0,189.0,10.0,319.0,9.0,152.0,9.0,500.0,434.0,500.0,500.0,394.0,500.0,500.0,9.0,500.0,500.0,374.0,500.0,500.0,198.0,500.0,71.0,265.0,323.0,84.0,251.0,10.0,500.0,500.0,500.0,500.0,272.0,9.0,28.0,500.0,365.0,500.0,500.0,129.0
649,260.0,27.0,122.0,147.0,500.0,367.0,500.0,500.0,182.0,500.0,500.0,271.0,10.0,299.0,9.0,280.0,9.0,500.0,164.0,500.0,500.0,225.0,500.0,356.0,9.0,500.0,500.0,500.0,500.0,500.0,268.0,500.0,68.0,275.0,316.0,34.0,176.0,10.0,500.0,500.0,500.0,500.0,170.0,9.0,104.0,500.0,500.0,97.0,500.0,132.0
650,229.0,27.0,157.0,146.0,500.0,331.0,500.0,500.0,158.0,500.0,500.0,186.0,10.0,296.0,9.0,219.0,9.0,487.0,500.0,500.0,500.0,152.0,500.0,500.0,9.0,500.0,500.0,274.0,500.0,500.0,358.0,500.0,71.0,270.0,320.0,83.0,213.0,10.0,500.0,500.0,500.0,500.0,318.0,9.0,81.0,500.0,489.0,500.0,500.0,137.0
651,313.0,27.0,167.0,147.0,500.0,434.0,500.0,500.0,182.0,416.0,500.0,241.0,10.0,271.0,9.0,308.0,9.0,347.0,184.0,500.0,500.0,412.0,500.0,500.0,9.0,500.0,500.0,500.0,500.0,500.0,287.0,500.0,68.0,273.0,312.0,76.0,219.0,10.0,500.0,500.0,500.0,500.0,164.0,9.0,174.0,500.0,453.0,500.0,500.0,121.0
652,237.0,27.0,138.0,147.0,500.0,211.0,500.0,500.0,158.0,500.0,500.0,289.0,10.0,285.0,9.0,163.0,9.0,500.0,357.0,500.0,500.0,179.0,500.0,500.0,9.0,500.0,500.0,393.0,500.0,500.0,400.0,500.0,69.0,276.0,326.0,203.0,275.0,10.0,500.0,500.0,500.0,500.0,179.0,9.0,148.0,500.0,500.0,500.0,500.0,123.0
653,79.0,27.0,199.0,147.0,500.0,351.0,500.0,405.0,147.0,326.0,449.0,34.0,10.0,251.0,9.0,350.0,9.0,500.0,488.0,500.0,500.0,253.0,500.0,257.0,9.0,500.0,500.0,255.0,500.0,500.0,327.0,500.0,74.0,277.0,341.0,137.0,184.0,10.0,500.0,500.0,500.0,500.0,377.0,9.0,33.0,500.0,408.0,500.0,500.0,124.0
654,273.0,27.0,177.0,147.0,500.0,164.0,500.0,500.0,170.0,500.0,442.0,196.0,10.0,241.0,9.0,133.0,9.0,431.0,200.0,500.0,500.0,125.0,500.0,500.0,9.0,500.0,500.0,231.0,500.0,500.0,500.0,500.0,71.0,283.0,325.0,152.0,153.0,10.0,500.0,500.0,500.0,500.0,358.0,9.0,120.0,500.0,169.0,500.0,500.0,99.0
655,206.0,27.0,197.0,148.0,500.0,277.0,500.0,443.0,165.0,369.0,500.0,281.0,10.0,225.0,9.0,300.0,9.0,500.0,341.0,500.0,500.0,329.0,500.0,441.0,9.0,500.0,500.0,342.0,500.0,500.0,314.0,500.0,65.0,275.0,344.0,177.0,284.0,10.0,500.0,500.0,500.0,500.0,201.0,9.0,29.0,500.0,500.0,500.0,500.0,138.0
656,348.0,27.0,213.0,147.0,500.0,280.0,500.0,500.0,170.0,291.0,500.0,234.0,10.0,244.0,9.0,209.0,9.0,500.0,500.0,500.0,500.0,328.0,500.0,500.0,9.0,500.0,500.0,263.0,500.0,500.0,277.0,500.0,68.0,269.0,341.0,122.0,203.0,10.0,500.0,500.0,500.0,500.0,206.0,9.0,84.0,500.0,320.0,500.0,500.0,120.0
657,319.0,27.0,240.0,147.0,500.0,280.0,500.0,490.0,170.0,500.0,500.0,314.0,10.0,231.0,9.0,255.0,9.0,500.0,500.0,500.0,500.0,276.0,500.0,500.0,9.0,500.0,500.0,195.0,500.0,500.0,362.0,500.0,63.0,276.0,344.0,243.0,148.0,10.0,500.0,500.0,500.0,500.0,151.0,9.0,28.0,500.0,471.0,500.0,500.0,144.0
658,403.0,27.0,215.0,148.0,500.0,197.0,500.0,437.0,170.0,430.0,500.0,172.0,10.0,238.0,9.0,461.0,9.0,378.0,380.0,500.0,500.0,213.0,500.0,500.0,9.0,500.0,500.0,254.0,500.0,500.0,267.0,500.0,71.0,273.0,350.0,168.0,161.0,10.0,500.0,500.0,500.0,500.0,260.0,9.0,102.0,500.0,304.0,500.0,500.0,120.0
659,270.0,27.0,227.0,149.0,500.0,268.0,500.0,500.0,227.0,392.0,500.0,387.0,10.0,205.0,9.0,332.0,9.0,356.0,179.0,500.0,500.0,299.0,500.0,500.0,9.0,500.0,500.0,319.0,500.0,500.0,337.0,500.0,61.0,284.0,350.0,140.0,142.0,10.0,500.0,500.0,500.0,500.0,500.0,9.0,96.0,500.0,386.0,500.0,500.0,116.0
660,446.0,27.0,197.0,150.0,500.0,98.0,500.0,403.0,160.0,324.0,500.0,299.0,10.0,215.0,9.0,145.0,9.0,416.0,500.0,500.0,500.0,292.0,500.0,500.0,9.0,500.0,500.0,250.0,500.0,500.0,268.0,500.0,61.0,280.0,355.0,104.0,157.0,10.0,500.0,500.0,500.0,500.0,492.0,9.0,100.0,500.0,436.0,500.0,500.0,160.0
661,132.0,27.0,197.0,150.0,500.0,178.0,500.0,361.0,187.0,387.0,233.0,216.0,10.0,197.0,9.0,296.0,9.0,407.0,491.0,500.0,500.0,393.0,500.0,500.0,9.0,500.0,500.0,155.0,500.0,500.0,320.0,500.0,64.0,285.0,348.0,212.0,164.0,10.0,500.0,500.0,500.0,500.0,176.0,9.0,100.0,500.0,169.0,489.0,500.0,128.0
662,500.0,27.0,136.0,151.0,500.0,394.0,500.0,500.0,196.0,500.0,341.0,290.0,10.0,215.0,9.0,194.0,9.0,461.0,404.0,500.0,500.0,176.0,500.0,500.0,9.0,500.0,500.0,275.0,500.0,500.0,491.0,500.0,60.0,297.0,354.0,188.0,188.0,10.0,500.0,500.0,500.0,500.0,500.0,9.0,127.0,500.0,500.0,500.0,500.0,137.0
663,264.0,27.0,134.0,157.0,500.0,272.0,500.0,500.0,177.0,500.0,485.0,481.0,10.0,206.0,9.0,384.0,9.0,500.0,479.0,500.0,500.0,335.0,500.0,500.0,9.0,500.0,500.0,143.0,500.0,500.0,500.0,500.0,60.0,284.0,348.0,137.0,155.0,10.0,500.0,500.0,500.0,500.0,326.0,9.0,79.0,500.0,420.0,186.0,500.0,125.0
664,243.0,27.0,123.0,154.0,500.0,280.0,500.0,500.0,389.0,243.0,386.0,130.0,10.0,183.0,9.0,275.0,9.0,500.0,500.0,500.0,500.0,417.0,500.0,500.0,9.0,500.0,500.0,500.0,500.0,500.0,246.0,500.0,61.0,301.0,355.0,131.0,173.0,10.0,500.0,500.0,500.0,500.0,307.0,9.0,66.0,500.0,500.0,500.0,500.0,121.0
665,305.0,27.0,122.0,153.0,500.0,265.0,500.0,500.0,208.0,500.0,500.0,253.0,10.0,184.0,9.0,267.0,9.0,500.0,364.0,500.0,500.0,184.0,500.0,500.0,9.0,500.0,500.0,500.0,500.0,500.0,225.0,500.0,64.0,318.0,350.0,136.0,164.0,10.0,500.0,500.0,500.0,500.0,336.0,9.0,25.0,500.0,382.0,500.0,500.0,120.0
666,113.0,27.0,122.0,162.0,500.0,92.0,500.0,500.0,449.0,500.0,500.0,405.0,10.0,197.0,9.0,256.0,9.0,500.0,500.0,500.0,500.0,182.0,500.0,500.0,9.0,500.0,500.0,369.0,500.0,500.0,407.0,500.0,60.0,315.0,353.0,135.0,137.0,10.0,500.0,500.0,500.0,500.0,309.0,9.0,96.0,500.0,329.0,500.0,500.0,129.0
667,257.0,27.0,122.0,154.0,500.0,288.0,500.0,500.0,336.0,500.0,500.0,294.0,10.0,178.0,9.0,194.0,9.0,292.0,500.0,500.0,500.0,500.0,500.0,500.0,9.0,500.0,500.0,311.0,500.0,500.0,423.0,500.0,61.0,331.0,370.0,194.0,162.0,10.0,500.0,500.0,500.0,500.0,129.0,9.0,45.0,500.0,500.0,500.0,500.0,134.0
668,372.0,27.0,115.0,164.0,500.0,170.0,500.0,500.0,166.0,500.0,309.0,125.0,10.0,190.0,9.0,193.0,9.0,392.0,409.0,500.0,500.0,163.0,500.0,500.0,9.0,500.0,500.0,218.0,500.0,500.0,243.0,500.0,58.0,338.0,371.0,161.0,139.0,10.0,463.0,500.0,500.0,500.0,192.0,9.0,69.0,500.0,500.0,500.0,500.0,125.0
669,252.0,27.0,122.0,165.0,500.0,192.0,500.0,500.0,164.0,500.0,500.0,285.0,10.0,185.0,9.0,191.0,9.0,500.0,500.0,500.0,326.0,179.0,500.0,500.0,9.0,500.0,500.0,263.0,500.0,500.0,453.0,500.0,64.0,338.0,367.0,32.0,147.0,10.0,500.0,500.0,500.0,500.0,389.0,9.0,43.0,500.0,500.0,500.0,500.0,131.0
670,215.0,27.0,117.0,165.0,500.0,490.0,500.0,500.0,160.0,500.0,500.0,433.0,10.0,163.0,9.0,299.0,9.0,500.0,341.0,500.0,351.0,322.0,500.0,500.0,9.0,500.0,500.0,231.0,500.0,500.0,500.0,500.0,58.0,334.0,353.0,100.0,155.0,10.0,500.0,500.0,500.0,500.0,500.0,9.0,77.0,500.0,500.0,500.0,500.0,124.0
671,388.0,27.0,117.0,166.0,500.0,230.0,160.0,500.0,162.0,500.0,500.0,424.0,10.0,172.0,9.0,433.0,9.0,500.0,500.0,500.0,331.0,291.0,500.0,500.0,9.0,500.0,500.0,318.0,500.0,500.0,500.0,500.0,60.0,365.0,364.0,58.0,138.0,10.0,500.0,500.0,500.0,500.0,500.0,9.0,36.0,500.0,467.0,500.0,500.0,131.0
672,268.0,27.0,122.0,166.0,500.0,228.0,500.0,500.0,158.0,500.0,500.0,142.0,10.0,171.0,9.0,167.0,9.0,500.0,500.0,500.0,334.0,193.0,500.0,500.0,9.0,500.0,500.0,392.0,500.0,500.0,500.0,500.0,62.0,387.0,360.0,172.0,190.0,10.0,500.0,500.0,500.0,500.0,366.0,9.0,234.0,500.0,500.0,500.0,500.0,128.0
673,189.0,27.0,112.0,169.0,500.0,308.0,500.0,500.0,154.0,500.0,343.0,211.0,10.0,173.0,9.0,362.0,9.0,500.0,334.0,500.0,327.0,429.0,500.0,500.0,9.0,500.0,500.0,162.0,500.0,500.0,369.0,500.0,62.0,396.0,360.0,60.0,175.0,10.0,500.0,500.0,500.0,500.0,222.0,9.0,30.0,500.0,500.0,500.0,500.0,141.0
674,135.0,27.0,115.0,168.0,500.0,289.0,500.0,500.0,139.0,500.0,500.0,91.0,10.0,178.0,9.0,166.0,9.0,500.0,354.0,500.0,247.0,171.0,500.0,500.0,9.0,500.0,500.0,155.0,500.0,500.0,273.0,500.0,60.0,418.0,354.0,82.0,130.0,10.0,500.0,500.0,500.0,500.0,311.0,9.0,72.0,500.0,388.0,500.0,500.0,130.0
675,106.0,27.0,110.0,172.0,500.0,171.0,500.0,500.0,139.0,500.0,440.0,109.0,12.0,172.0,9.0,186.0,9.0,500.0,500.0,500.0,353.0,302.0,500.0,500.0,9.0,500.0,500.0,208.0,500.0,500.0,379.0,500.0,54.0,461.0,360.0,146.0,135.0,10.0,500.0,500.0,500.0,500.0,171.0,9.0,47.0,500.0,394.0,500.0,500.0,127.0
676,389.0,27.0,110.0,169.0,500.0,500.0,500.0,500.0,139.0,500.0,500.0,290.0,10.0,179.0,9.0,118.0,9.0,500.0,500.0,500.0,353.0,285.0,500.0,500.0,9.0,500.0,500.0,297.0,500.0,500.0,491.0,500.0,60.0,490.0,365.0,82.0,135.0,10.0,500.0,500.0,500.0,500.0,384.0,9.0,15.0,500.0,354.0,500.0,448.0,127.0
677,134.0,27.0,108.0,172.0,500.0,257.0,500.0,500.0,139.0,500.0,214.0,500.0,10.0,174.0,9.0,243.0,9.0,500.0,500.0,500.0,339.0,222.0,500.0,500.0,9.0,500.0,500.0,236.0,500.0,500.0,500.0,500.0,59.0,500.0,358.0,84.0,172.0,10.0,500.0,500.0,500.0,500.0,500.0,9.0,26.0,500.0,438.0,500.0,500.0,135.0
678,359.0,27.0,108.0,169.0,500.0,453.0,500.0,500.0,139.0,500.0,334.0,374.0,10.0,150.0,9.0,118.0,9.0,500.0,500.0,500.0,259.0,478.0,500.0,500.0,9.0,500.0,500.0,149.0,500.0,500.0,209.0,500.0,58.0,500.0,351.0,82.0,141.0,10.0,500.0,500.0,500.0,500.0,271.0,9.0,105.0,500.0,500.0,500.0,500.0,120.0
679,303.0,27.0,108.0,169.0,500.0,208.0,500.0,500.0,135.0,500.0,500.0,391.0,10.0,165.0,9.0,178.0,9.0,500.0,500.0,500.0,317.0,370.0,500.0,500.0,9.0,500.0,500.0,153.0,500.0,500.0,500.0,500.0,56.0,500.0,343.0,86.0,155.0,10.0,500.0,500.0,500.0,500.0,484.0,9.0,40.0,500.0,500.0,500.0,500.0,135.0
680,177.0,27.0,108.0,169.0,500.0,234.0,500.0,500.0,135.0,500.0,470.0,185.0,10.0,144.0,9.0,306.0,9.0,500.0,500.0,500.0,282.0,37.0,500.0,500.0,9.0,500.0,500.0,296.0,500.0,500.0,339.0,500.0,61.0,500.0,350.0,64.0,138.0,10.0,500.0,500.0,500.0,500.0,146.0,9.0,86.0,500.0,354.0,500.0,363.0,137.0
681,221.0,27.0,108.0,169.0,500.0,135.0,500.0,500.0,133.0,500.0,500.0,302.0,10.0,143.0,9.0,237.0,9.0,500.0,500.0,500.0,234.0,161.0,500.0,500.0,9.0,500.0,500.0,335.0,500.0,500.0,493.0,500.0,57.0,500.0,356.0,188.0,136.0,10.0,500.0,500.0,500.0,500.0,342.0,9.0,118.0,500.0,462.0,500.0,460.0,143.0
682,500.0,27.0,108.0,167.0,500.0,371.0,500.0,500.0,133.0,500.0,399.0,424.0,10.0,172.0,9.0,290.0,9.0,500.0,500.0,500.0,330.0,276.0,500.0,500.0,9.0,500.0,500.0,370.0,500.0,500.0,196.0,500.0,57.0,500.0,351.0,183.0,168.0,10.0,500.0,500.0,500.0,500.0,455.0,9.0,95.0,500.0,500.0,500.0,344.0,141.0
683,335.0,27.0,106.0,168.0,500.0,254.0,500.0,500.0,133.0,500.0,302.0,112.0,10.0,142.0,9.0,249.0,9.0,250.0,500.0,500.0,282.0,280.0,500.0,500.0,9.0,500.0,500.0,282.0,500.0,500.0,144.0,500.0,56.0,500.0,354.0,169.0,162.0,10.0,500.0,500.0,500.0,500.0,110.0,9.0,38.0,500.0,500.0,500.0,500.0,139.0
684,219.0,27.0,108.0,169.0,500.0,264.0,111.0,500.0,133.0,500.0,230.0,214.0,10.0,158.0,9.0,168.0,9.0,500.0,500.0,500.0,280.0,260.0,500.0,500.0,9.0,500.0,500.0,202.0,500.0,500.0,500.0,500.0,58.0,500.0,349.0,182.0,189.0,10.0,500.0,500.0,500.0,500.0,211.0,9.0,128.0,500.0,500.0,500.0,500.0,116.0
685,162.0,27.0,106.0,168.0,500.0,291.0,500.0,500.0,133.0,500.0,299.0,256.0,10.0,154.0,9.0,185.0,9.0,500.0,417.0,500.0,500.0,414.0,500.0,500.0,9.0,500.0,500.0,238.0,500.0,500.0,190.0,500.0,57.0,500.0,349.0,124.0,181.0,10.0,500.0,500.0,500.0,500.0,186.0,9.0,76.0,373.0,500.0,500.0,220.0,133.0
686,278.0,27.0,108.0,167.0,500.0,225.0,500.0,500.0,133.0,485.0,373.0,349.0,10.0,156.0,9.0,350.0,9.0,500.0,500.0,500.0,199.0,279.0,500.0,460.0,9.0,500.0,500.0,205.0,500.0,500.0,206.0,278.0,56.0,500.0,339.0,142.0,147.0,10.0,500.0,500.0,500.0,500.0,220.0,9.0,175.0,295.0,500.0,500.0,496.0,124.0
687,295.0,27.0,108.0,167.0,500.0,75.0,500.0,447.0,132.0,500.0,500.0,276.0,10.0,150.0,9.0,91.0,9.0,500.0,500.0,500.0,274.0,318.0,500.0,500.0,9.0,500.0,500.0,326.0,500.0,500.0,103.0,447.0,57.0,500.0,348.0,212.0,95.0,10.0,500.0,500.0,500.0,500.0,374.0,9.0,77.0,249.0,500.0,500.0,433.0,129.0
688,196.0,27.0,106.0,167.0,500.0,254.0,500.0,500.0,135.0,500.0,290.0,240.0,10.0,165.0,9.0,120.0,9.0,500.0,500.0,500.0,207.0,314.0,500.0,500.0,9.0,500.0,500.0,142.0,500.0,500.0,213.0,500.0,57.0,500.0,346.0,30.0,139.0,10.0,500.0,500.0,500.0,500.0,169.0,9.0,113.0,224.0,500.0,500.0,337.0,139.0
689,179.0,27.0,108.0,166.0,500.0,251.0,500.0,500.0,137.0,500.0,500.0,254.0,10.0,146.0,9.0,197.0,9.0,500.0,500.0,500.0,191.0,298.0,500.0,500.0,9.0,500.0,500.0,198.0,500.0,500.0,167.0,500.0,55.0,500.0,331.0,175.0,232.0,10.0,500.0,500.0,500.0,500.0,125.0,9.0,52.0,215.0,500.0,500.0,333.0,124.0
690,144.0,27.0,108.0,166.0,500.0,271.0,500.0,500.0,139.0,500.0,443.0,218.0,10.0,133.0,9.0,224.0,9.0,500.0,500.0,500.0,239.0,254.0,500.0,500.0,9.0,500.0,500.0,283.0,500.0,500.0,197.0,500.0,51.0,500.0,322.0,140.0,156.0,10.0,500.0,500.0,500.0,500.0,172.0,9.0,83.0,229.0,500.0,500.0,500.0,139.0
691,395.0,27.0,108.0,168.0,500.0,414.0,500.0,500.0,139.0,500.0,500.0,97.0,10.0,149.0,9.0,341.0,9.0,500.0,500.0,500.0,289.0,225.0,500.0,500.0,9.0,500.0,500.0,213.0,500.0,500.0,426.0,500.0,51.0,500.0,317.0,202.0,225.0,10.0,500.0,500.0,500.0,500.0,244.0,9.0,44.0,250.0,500.0,260.0,481.0,141.0
692,150.0,27.0,108.0,167.0,500.0,201.0,500.0,500.0,156.0,327.0,500.0,488.0,10.0,133.0,9.0,205.0,9.0,500.0,500.0,500.0,311.0,153.0,500.0,500.0,9.0,500.0,500.0,436.0,500.0,500.0,143.0,484.0,56.0,500.0,317.0,85.0,237.0,10.0,500.0,500.0,500.0,500.0,378.0,9.0,108.0,307.0,500.0,500.0,500.0,125.0
693,178.0,27.0,108.0,173.0,500.0,320.0,314.0,500.0,146.0,500.0,298.0,257.0,10.0,109.0,9.0,161.0,9.0,500.0,500.0,500.0,278.0,184.0,500.0,500.0,9.0,500.0,500.0,230.0,500.0,500.0,186.0,401.0,52.0,500.0,308.0,178.0,177.0,10.0,500.0,500.0,500.0,500.0,301.0,9.0,133.0,314.0,500.0,500.0,500.0,122.0
694,412.0,27.0,108.0,167.0,500.0,160.0,500.0,500.0,160.0,500.0,500.0,313.0,10.0,114.0,9.0,204.0,9.0,500.0,500.0,500.0,248.0,214.0,500.0,500.0,9.0,500.0,500.0,481.0,500.0,500.0,172.0,478.0,49.0,500.0,307.0,168.0,147.0,10.0,500.0,500.0,500.0,500.0,205.0,9.0,15.0,330.0,500.0,500.0,500.0,135.0
695,169.0,27.0,108.0,179.0,500.0,291.0,500.0,500.0,167.0,500.0,412.0,273.0,10.0,126.0,9.0,288.0,9.0,500.0,500.0,477.0,250.0,454.0,500.0,500.0,9.0,500.0,500.0,240.0,500.0,500.0,328.0,450.0,55.0,500.0,292.0,147.0,190.0,10.0,500.0,500.0,500.0,500.0,188.0,9.0,49.0,298.0,334.0,500.0,500.0,135.0
696,207.0,27.0,108.0,180.0,500.0,380.0,500.0,500.0,166.0,404.0,368.0,245.0,10.0,115.0,9.0,118.0,9.0,500.0,500.0,500.0,264.0,167.0,500.0,500.0,9.0,500.0,500.0,257.0,500.0,500.0,459.0,467.0,50.0,500.0,309.0,139.0,201.0,10.0,500.0,500.0,500.0,500.0,275.0,9.0,115.0,313.0,325.0,500.0,500.0,145.0
697,130.0,27.0,108.0,172.0,500.0,371.0,500.0,470.0,168.0,500.0,500.0,234.0,10.0,118.0,9.0,320.0,9.0,500.0,500.0,406.0,240.0,241.0,500.0,500.0,9.0,500.0,500.0,226.0,500.0,500.0,203.0,463.0,50.0,500.0,289.0,138.0,186.0,10.0,500.0,500.0,500.0,500.0,298.0,9.0,78.0,298.0,500.0,500.0,500.0,151.0
698,300.0,27.0,110.0,187.0,500.0,204.0,500.0,500.0,169.0,163.0,193.0,265.0,10.0,129.0,9.0,117.0,9.0,500.0,500.0,500.0,369.0,127.0,500.0,500.0,9.0,500.0,500.0,238.0,500.0,500.0,223.0,500.0,54.0,500.0,293.0,146.0,215.0,10.0,500.0,459.0,500.0,463.0,316.0,9.0,155.0,346.0,500.0,500.0,500.0,132.0
699,260.0,27.0,110.0,174.0,500.0,258.0,500.0,500.0,169.0,359.0,409.0,121.0,10.0,105.0,9.0,100.0,9.0,500.0,500.0,320.0,254.0,379.0,500.0,500.0,9.0,500.0,500.0,239.0,500.0,500.0,172.0,351.0,47.0,500.0,297.0,259.0,177.0,10.0,500.0,500.0,500.0,500.0,183.0,9.0,82.0,313.0,500.0,500.0,500.0,131.0
700,199.0,27.0,108.0,177.0,500.0,228.0,500.0,500.0,169.0,500.0,155.0,410.0,10.0,112.0,9.0,205.0,9.0,500.0,500.0,492.0,292.0,282.0,500.0,394.0,9.0,500.0,500.0,162.0,407.0,500.0,466.0,390.0,49.0,500.0,296.0,70.0,165.0,10.0,500.0,500.0,500.0,453.0,267.0,9.0,27.0,266.0,500.0,500.0,500.0,130.0
701,87.0,27.0,110.0,188.0,500.0,287.0,500.0,500.0,173.0,500.0,263.0,500.0,12.0,104.0,9.0,105.0,9.0,500.0,500.0,500.0,302.0,267.0,500.0,500.0,9.0,500.0,500.0,298.0,500.0,500.0,273.0,429.0,55.0,500.0,291.0,221.0,183.0,10.0,500.0,500.0,500.0,500.0,265.0,9.0,161.0,240.0,307.0,500.0,500.0,136.0
702,192.0,27.0,115.0,193.0,500.0,247.0,500.0,500.0,193.0,373.0,500.0,177.0,12.0,107.0,9.0,149.0,9.0,500.0,500.0,464.0,251.0,169.0,500.0,500.0,9.0,500.0,500.0,179.0,500.0,500.0,496.0,500.0,47.0,500.0,293.0,43.0,265.0,10.0,500.0,500.0,500.0,500.0,277.0,9.0,89.0,213.0,500.0,500.0,500.0,143.0
703,197.0,27.0,115.0,197.0,403.0,358.0,500.0,500.0,401.0,324.0,500.0,207.0,10.0,113.0,9.0,280.0,9.0,500.0,500.0,457.0,377.0,285.0,500.0,500.0,9.0,500.0,500.0,196.0,500.0,500.0,500.0,469.0,47.0,500.0,295.0,114.0,298.0,10.0,500.0,500.0,500.0,500.0,119.0,9.0,32.0,200.0,500.0,500.0,500.0,152.0
704,500.0,27.0,110.0,199.0,500.0,300.0,500.0,346.0,500.0,210.0,500.0,250.0,10.0,110.0,9.0,239.0,9.0,500.0,500.0,483.0,241.0,185.0,500.0,500.0,9.0,500.0,500.0,408.0,500.0,500.0,249.0,500.0,50.0,500.0,293.0,266.0,203.0,10.0,500.0,500.0,500.0,265.0,289.0,9.0,69.0,194.0,500.0,500.0,500.0,132.0
705,500.0,27.0,115.0,204.0,500.0,289.0,500.0,500.0,203.0,457.0,178.0,198.0,10.0,104.0,9.0,180.0,9.0,500.0,500.0,392.0,342.0,223.0,500.0,500.0,9.0,500.0,500.0,500.0,500.0,500.0,110.0,500.0,45.0,500.0,289.0,332.0,229.0,10.0,500.0,500.0,500.0,350.0,226.0,9.0,52.0,187.0,500.0,500.0,380.0,131.0
706,405.0,27.0,115.0,206.0,500.0,161.0,500.0,500.0,201.0,245.0,310.0,373.0,10.0,97.0,9.0,221.0,9.0,500.0,500.0,500.0,334.0,275.0,500.0,500.0,9.0,500.0,500.0,104.0,500.0,500.0,52.0,500.0,49.0,500.0,294.0,108.0,71.0,10.0,500.0,500.0,500.0,438.0,289.0,9.0,120.0,179.0,500.0,500.0,500.0,146.0
707,472.0,27.0,115.0,206.0,500.0,229.0,500.0,500.0,419.0,500.0,411.0,212.0,10.0,104.0,9.0,190.0,9.0,500.0,500.0,313.0,269.0,101.0,500.0,500.0,9.0,500.0,500.0,271.0,500.0,500.0,187.0,500.0,46.0,500.0,302.0,143.0,256.0,10.0,500.0,481.0,500.0,493.0,500.0,9.0,59.0,161.0,298.0,500.0,500.0,139.0
708,141.0,27.0,115.0,207.0,500.0,249.0,500.0,500.0,204.0,316.0,250.0,277.0,10.0,104.0,9.0,249.0,9.0,500.0,500.0,500.0,244.0,256.0,500.0,500.0,9.0,500.0,500.0,345.0,500.0,500.0,500.0,500.0,49.0,500.0,306.0,131.0,201.0,10.0,500.0,500.0,500.0,469.0,500.0,9.0,128.0,159.0,500.0,500.0,500.0,146.0
709,222.0,27.0,115.0,213.0,500.0,500.0,500.0,500.0,209.0,415.0,416.0,354.0,10.0,100.0,9.0,371.0,9.0,500.0,500.0,500.0,263.0,383.0,500.0,500.0,9.0,500.0,500.0,489.0,500.0,500.0,131.0,500.0,45.0,500.0,308.0,92.0,260.0,10.0,500.0,500.0,500.0,420.0,139.0,9.0,17.0,155.0,500.0,500.0,500.0,159.0
710,334.0,27.0,115.0,210.0,500.0,284.0,500.0,500.0,209.0,382.0,295.0,226.0,10.0,107.0,9.0,140.0,9.0,500.0,500.0,500.0,340.0,267.0,500.0,500.0,9.0,500.0,500.0,345.0,500.0,500.0,485.0,500.0,48.0,500.0,304.0,419.0,158.0,10.0,92.0,500.0,500.0,500.0,251.0,9.0,56.0,149.0,500.0,500.0,500.0,134.0
711,364.0,27.0,115.0,214.0,500.0,292.0,500.0,500.0,209.0,281.0,272.0,228.0,10.0,117.0,9.0,242.0,9.0,500.0,500.0,500.0,297.0,406.0,500.0,500.0,9.0,500.0,500.0,158.0,500.0,500.0,392.0,500.0,50.0,500.0,319.0,141.0,221.0,10.0,500.0,500.0,500.0,463.0,351.0,9.0,214.0,152.0,500.0,500.0,500.0,136.0
712,247.0,27.0,115.0,232.0,500.0,477.0,500.0,328.0,254.0,237.0,213.0,193.0,10.0,109.0,9.0,137.0,9.0,500.0,500.0,500.0,233.0,113.0,500.0,500.0,9.0,500.0,500.0,225.0,500.0,500.0,500.0,500.0,49.0,500.0,316.0,108.0,235.0,10.0,500.0,500.0,500.0,408.0,425.0,9.0,85.0,162.0,500.0,500.0,500.0,160.0
713,286.0,27.0,115.0,213.0,500.0,152.0,500.0,500.0,225.0,500.0,327.0,263.0,10.0,110.0,9.0,193.0,9.0,500.0,500.0,500.0,296.0,422.0,500.0,375.0,9.0,500.0,500.0,206.0,500.0,500.0,500.0,500.0,45.0,500.0,308.0,153.0,252.0,10.0,500.0,500.0,500.0,500.0,354.0,9.0,47.0,163.0,358.0,500.0,500.0,133.0
714,420.0,27.0,115.0,236.0,500.0,500.0,500.0,500.0,203.0,260.0,277.0,89.0,10.0,109.0,9.0,282.0,9.0,500.0,500.0,500.0,318.0,136.0,500.0,500.0,9.0,500.0,500.0,328.0,500.0,500.0,385.0,500.0,47.0,500.0,325.0,187.0,214.0,10.0,500.0,500.0,500.0,441.0,194.0,9.0,110.0,167.0,500.0,500.0,500.0,136.0
715,500.0,27.0,115.0,239.0,500.0,350.0,500.0,500.0,208.0,215.0,500.0,235.0,10.0,110.0,9.0,298.0,9.0,500.0,500.0,500.0,246.0,418.0,500.0,500.0,9.0,500.0,500.0,500.0,500.0,500.0,500.0,500.0,49.0,500.0,323.0,51.0,112.0,10.0,500.0,500.0,500.0,384.0,197.0,9.0,31.0,173.0,500.0,500.0,500.0,149.0
716,316.0,27.0,112.0,238.0,500.0,303.0,500.0,500.0,229.0,500.0,345.0,185.0,10.0,110.0,9.0,255.0,9.0,498.0,500.0,500.0,317.0,312.0,500.0,500.0,9.0,500.0,500.0,262.0,500.0,394.0,465.0,500.0,49.0,500.0,325.0,128.0,245.0,10.0,500.0,500.0,500.0,356.0,200.0,9.0,131.0,176.0,500.0,500.0,500.0,133.0
717,339.0,27.0,115.0,244.0,500.0,124.0,500.0,500.0,225.0,286.0,433.0,386.0,10.0,113.0,9.0,153.0,9.0,500.0,500.0,500.0,260.0,500.0,500.0,500.0,9.0,500.0,500.0,435.0,500.0,352.0,357.0,500.0,48.0,500.0,339.0,41.0,262.0,10.0,500.0,500.0,500.0,442.0,245.0,9.0,18.0,165.0,500.0,500.0,500.0,153.0
718,466.0,27.0,112.0,243.0,500.0,500.0,500.0,500.0,218.0,226.0,380.0,372.0,10.0,116.0,9.0,379.0,9.0,500.0,500.0,500.0,299.0,201.0,500.0,500.0,9.0,500.0,500.0,272.0,500.0,466.0,500.0,221.0,47.0,500.0,343.0,127.0,158.0,10.0,500.0,500.0,500.0,500.0,500.0,9.0,109.0,167.0,228.0,500.0,500.0,138.0
719,234.0,27.0,115.0,250.0,500.0,500.0,500.0,500.0,209.0,235.0,307.0,293.0,10.0,114.0,9.0,177.0,9.0,500.0,500.0,500.0,298.0,192.0,500.0,500.0,9.0,500.0,500.0,279.0,500.0,500.0,500.0,500.0,51.0,500.0,345.0,326.0,298.0,10.0,500.0,500.0,500.0,434.0,136.0,9.0,16.0,165.0,500.0,500.0,500.0,134.0
720,149.0,27.0,115.0,247.0,500.0,266.0,500.0,500.0,213.0,230.0,298.0,183.0,10.0,127.0,9.0,168.0,9.0,500.0,500.0,500.0,270.0,428.0,500.0,500.0,9.0,500.0,500.0,332.0,500.0,500.0,138.0,500.0,51.0,500.0,344.0,157.0,247.0,10.0,500.0,500.0,500.0,500.0,229.0,9.0,21.0,165.0,500.0,500.0,500.0,134.0
721,428.0,27.0,115.0,247.0,150.0,387.0,500.0,500.0,207.0,222.0,318.0,292.0,10.0,113.0,9.0,160.0,9.0,500.0,500.0,500.0,281.0,316.0,500.0,500.0,9.0,500.0,500.0,249.0,500.0,500.0,418.0,500.0,51.0,500.0,338.0,199.0,96.0,10.0,500.0,500.0,500.0,500.0,307.0,9.0,143.0,162.0,500.0,500.0,500.0,130.0
722,421.0,27.0,115.0,224.0,500.0,398.0,500.0,500.0,207.0,303.0,395.0,181.0,10.0,124.0,9.0,168.0,9.0,500.0,500.0,500.0,222.0,338.0,500.0,500.0,9.0,500.0,500.0,190.0,327.0,500.0,440.0,500.0,51.0,500.0,344.0,79.0,177.0,10.0,500.0,500.0,500.0,469.0,345.0,9.0,64.0,165.0,500.0,500.0,500.0,155.0
723,266.0,27.0,117.0,223.0,500.0,232.0,500.0,500.0,199.0,193.0,364.0,176.0,10.0,121.0,9.0,282.0,9.0,500.0,495.0,500.0,267.0,229.0,500.0,500.0,9.0,500.0,500.0,209.0,500.0,500.0,429.0,500.0,50.0,500.0,361.0,159.0,143.0,10.0,500.0,500.0,500.0,454.0,500.0,9.0,53.0,164.0,500.0,500.0,500.0,146.0
724,215.0,27.0,112.0,249.0,500.0,226.0,500.0,500.0,217.0,500.0,500.0,246.0,10.0,127.0,9.0,180.0,9.0,500.0,500.0,500.0,261.0,232.0,500.0,500.0,9.0,500.0,500.0,226.0,500.0,500.0,135.0,500.0,60.0,500.0,349.0,131.0,232.0,10.0,500.0,500.0,500.0,484.0,277.0,9.0,22.0,161.0,500.0,500.0,500.0,151.0
725,411.0,27.0,115.0,255.0,407.0,358.0,500.0,500.0,194.0,252.0,305.0,286.0,10.0,117.0,9.0,223.0,9.0,500.0,500.0,500.0,296.0,261.0,500.0,500.0,9.0,500.0,500.0,253.0,500.0,500.0,500.0,500.0,50.0,500.0,357.0,98.0,246.0,10.0,500.0,500.0,500.0,500.0,236.0,9.0,145.0,161.0,500.0,242.0,500.0,144.0
726,132.0,27.0,115.0,246.0,500.0,500.0,500.0,500.0,181.0,282.0,285.0,395.0,9.0,119.0,9.0,378.0,9.0,500.0,500.0,500.0,405.0,202.0,500.0,500.0,9.0,500.0,500.0,372.0,500.0,500.0,144.0,500.0,56.0,500.0,366.0,144.0,194.0,10.0,500.0,500.0,500.0,500.0,299.0,9.0,182.0,167.0,491.0,500.0,500.0,134.0
727,223.0,27.0,115.0,264.0,500.0,132.0,500.0,500.0,187.0,147.0,274.0,157.0,10.0,127.0,9.0,292.0,9.0,313.0,500.0,500.0,301.0,197.0,500.0,500.0,9.0,500.0,500.0,301.0,500.0,500.0,201.0,500.0,54.0,500.0,367.0,87.0,276.0,10.0,500.0,500.0,500.0,500.0,256.0,9.0,68.0,174.0,431.0,500.0,500.0,130.0
728,192.0,27.0,116.0,265.0,500.0,412.0,500.0,500.0,177.0,440.0,300.0,450.0,10.0,119.0,9.0,216.0,9.0,500.0,500.0,500.0,288.0,245.0,500.0,260.0,9.0,500.0,500.0,214.0,500.0,500.0,409.0,500.0,55.0,500.0,386.0,182.0,174.0,10.0,500.0,500.0,500.0,500.0,254.0,9.0,52.0,176.0,390.0,500.0,500.0,125.0
729,238.0,27.0,115.0,271.0,500.0,330.0,500.0,500.0,177.0,158.0,396.0,197.0,10.0,136.0,9.0,320.0,9.0,500.0,500.0,500.0,277.0,180.0,500.0,500.0,9.0,500.0,500.0,339.0,500.0,500.0,476.0,500.0,57.0,500.0,382.0,74.0,256.0,10.0,500.0,500.0,500.0,500.0,438.0,9.0,31.0,178.0,410.0,500.0,500.0,136.0
730,285.0,27.0,116.0,279.0,500.0,500.0,500.0,500.0,177.0,232.0,500.0,220.0,10.0,131.0,9.0,186.0,9.0,500.0,500.0,500.0,234.0,197.0,500.0,338.0,9.0,500.0,428.0,482.0,500.0,500.0,381.0,500.0,54.0,500.0,379.0,198.0,242.0,10.0,500.0,500.0,500.0,500.0,399.0,9.0,25.0,181.0,404.0,500.0,500.0,164.0
731,97.0,27.0,116.0,289.0,500.0,500.0,500.0,325.0,180.0,244.0,500.0,49.0,10.0,121.0,9.0,308.0,9.0,500.0,500.0,500.0,317.0,344.0,500.0,500.0,9.0,500.0,500.0,500.0,500.0,500.0,243.0,500.0,54.0,500.0,382.0,237.0,191.0,10.0,500.0,500.0,500.0,500.0,281.0,9.0,162.0,183.0,293.0,500.0,500.0,169.0
732,238.0,27.0,116.0,299.0,500.0,158.0,500.0,500.0,181.0,304.0,500.0,401.0,10.0,127.0,9.0,143.0,9.0,500.0,500.0,500.0,281.0,494.0,500.0,500.0,9.0,500.0,434.0,500.0,500.0,500.0,463.0,500.0,57.0,500.0,387.0,125.0,344.0,10.0,500.0,500.0,500.0,500.0,166.0,9.0,51.0,184.0,336.0,500.0,500.0,136.0
733,240.0,27.0,115.0,314.0,500.0,270.0,500.0,500.0,197.0,162.0,297.0,253.0,10.0,129.0,9.0,362.0,9.0,303.0,500.0,500.0,239.0,121.0,500.0,500.0,9.0,500.0,316.0,204.0,500.0,500.0,166.0,500.0,55.0,500.0,396.0,164.0,219.0,10.0,500.0,500.0,500.0,500.0,199.0,9.0,177.0,188.0,396.0,500.0,500.0,139.0
734,243.0,27.0,116.0,429.0,493.0,431.0,500.0,500.0,241.0,175.0,464.0,152.0,10.0,133.0,9.0,185.0,9.0,500.0,500.0,500.0,210.0,169.0,500.0,500.0,9.0,500.0,308.0,335.0,500.0,500.0,490.0,500.0,54.0,500.0,402.0,126.0,180.0,10.0,500.0,500.0,500.0,500.0,221.0,9.0,29.0,192.0,500.0,500.0,500.0,123.0
735,421.0,27.0,116.0,415.0,402.0,323.0,500.0,500.0,209.0,163.0,500.0,299.0,10.0,128.0,9.0,260.0,9.0,500.0,500.0,500.0,271.0,473.0,500.0,500.0,9.0,500.0,488.0,220.0,500.0,500.0,403.0,500.0,50.0,500.0,416.0,90.0,201.0,10.0,500.0,500.0,500.0,500.0,341.0,9.0,115.0,196.0,301.0,500.0,500.0,145.0
736,334.0,27.0,116.0,500.0,460.0,293.0,500.0,500.0,213.0,245.0,500.0,335.0,10.0,139.0,9.0,75.0,9.0,500.0,500.0,500.0,261.0,308.0,500.0,500.0,9.0,500.0,337.0,285.0,500.0,500.0,154.0,500.0,56.0,500.0,413.0,124.0,253.0,10.0,500.0,500.0,500.0,500.0,405.0,9.0,75.0,204.0,356.0,500.0,500.0,140.0
737,124.0,27.0,117.0,500.0,368.0,245.0,500.0,500.0,212.0,475.0,500.0,296.0,10.0,128.0,9.0,500.0,9.0,500.0,500.0,500.0,286.0,363.0,500.0,500.0,9.0,500.0,305.0,95.0,500.0,500.0,429.0,500.0,52.0,500.0,411.0,192.0,195.0,10.0,500.0,500.0,500.0,500.0,448.0,9.0,26.0,218.0,485.0,500.0,500.0,130.0
738,327.0,27.0,116.0,500.0,500.0,217.0,500.0,500.0,222.0,473.0,499.0,241.0,10.0,146.0,9.0,238.0,9.0,500.0,500.0,500.0,247.0,337.0,500.0,500.0,9.0,500.0,314.0,160.0,500.0,500.0,211.0,500.0,55.0,500.0,437.0,219.0,237.0,10.0,500.0,500.0,500.0,500.0,242.0,9.0,57.0,240.0,313.0,500.0,500.0,135.0
739,313.0,27.0,122.0,500.0,410.0,211.0,500.0,500.0,256.0,311.0,493.0,495.0,10.0,135.0,9.0,303.0,9.0,500.0,500.0,500.0,203.0,313.0,500.0,500.0,9.0,500.0,500.0,232.0,500.0,500.0,452.0,500.0,54.0,500.0,425.0,174.0,200.0,10.0,500.0,500.0,500.0,500.0,234.0,9.0,37.0,270.0,294.0,500.0,500.0,136.0
740,277.0,27.0,116.0,500.0,500.0,466.0,500.0,500.0,233.0,175.0,500.0,217.0,10.0,149.0,9.0,500.0,9.0,500.0,500.0,500.0,209.0,500.0,500.0,500.0,9.0,500.0,441.0,216.0,500.0,500.0,130.0,500.0,50.0,500.0,416.0,42.0,162.0,10.0,500.0,500.0,500.0,500.0,105.0,9.0,198.0,306.0,218.0,500.0,500.0,141.0
741,447.0,27.0,122.0,500.0,320.0,129.0,500.0,500.0,252.0,188.0,500.0,492.0,10.0,148.0,9.0,146.0,9.0,500.0,500.0,500.0,209.0,402.0,500.0,500.0,9.0,500.0,500.0,420.0,500.0,500.0,430.0,500.0,57.0,500.0,415.0,217.0,262.0,10.0,500.0,500.0,500.0,500.0,316.0,9.0,134.0,353.0,237.0,500.0,490.0,138.0
742,131.0,27.0,123.0,500.0,500.0,500.0,500.0,500.0,235.0,199.0,500.0,215.0,15.0,151.0,9.0,477.0,9.0,500.0,500.0,292.0,250.0,411.0,500.0,500.0,9.0,500.0,500.0,419.0,500.0,500.0,252.0,500.0,52.0,500.0,432.0,226.0,225.0,10.0,500.0,500.0,500.0,500.0,278.0,9.0,72.0,402.0,279.0,500.0,500.0,137.0
743,406.0,27.0,123.0,500.0,500.0,313.0,500.0,500.0,235.0,210.0,500.0,318.0,10.0,144.0,9.0,183.0,9.0,499.0,500.0,500.0,222.0,306.0,500.0,500.0,9.0,500.0,500.0,165.0,500.0,500.0,360.0,500.0,52.0,500.0,442.0,69.0,258.0,10.0,500.0,500.0,500.0,500.0,500.0,9.0,45.0,500.0,500.0,500.0,498.0,140.0
744,476.0,27.0,123.0,500.0,500.0,169.0,500.0,500.0,243.0,135.0,500.0,453.0,10.0,151.0,9.0,158.0,9.0,500.0,500.0,500.0,317.0,269.0,500.0,386.0,9.0,500.0,500.0,363.0,500.0,500.0,252.0,500.0,52.0,500.0,438.0,299.0,231.0,10.0,500.0,500.0,500.0,500.0,163.0,9.0,130.0,500.0,238.0,500.0,500.0,143.0
745,252.0,27.0,123.0,500.0,500.0,330.0,500.0,500.0,267.0,163.0,500.0,276.0,10.0,148.0,9.0,218.0,9.0,500.0,421.0,500.0,209.0,500.0,500.0,500.0,9.0,500.0,500.0,500.0,500.0,500.0,146.0,500.0,44.0,500.0,426.0,130.0,289.0,10.0,500.0,500.0,500.0,500.0,500.0,9.0,161.0,500.0,201.0,500.0,500.0,113.0
746,151.0,27.0,123.0,500.0,500.0,319.0,500.0,500.0,248.0,168.0,500.0,302.0,10.0,142.0,9.0,282.0,9.0,500.0,448.0,500.0,211.0,226.0,500.0,500.0,9.0,500.0,500.0,284.0,500.0,500.0,303.0,500.0,50.0,500.0,458.0,97.0,235.0,10.0,500.0,500.0,500.0,500.0,187.0,9.0,200.0,500.0,268.0,500.0,451.0,91.0
747,298.0,27.0,123.0,500.0,500.0,443.0,500.0,500.0,247.0,241.0,500.0,280.0,10.0,143.0,9.0,282.0,9.0,500.0,500.0,500.0,264.0,314.0,500.0,500.0,9.0,500.0,500.0,260.0,500.0,500.0,433.0,500.0,42.0,500.0,448.0,120.0,197.0,10.0,500.0,500.0,500.0,500.0,250.0,9.0,314.0,500.0,266.0,500.0,482.0,133.0
748,126.0,27.0,123.0,500.0,500.0,500.0,500.0,500.0,247.0,238.0,500.0,302.0,10.0,144.0,9.0,267.0,9.0,500.0,500.0,500.0,206.0,323.0,500.0,500.0,9.0,500.0,500.0,279.0,500.0,500.0,328.0,500.0,49.0,500.0,464.0,186.0,254.0,10.0,500.0,500.0,500.0,500.0,500.0,9.0,53.0,500.0,245.0,500.0,434.0,140.0
749,70.0,27.0,123.0,500.0,500.0,336.0,500.0,500.0,252.0,226.0,500.0,251.0,10.0,144.0,9.0,500.0,9.0,500.0,500.0,500.0,274.0,338.0,500.0,500.0,9.0,500.0,66.0,177.0,500.0,500.0,281.0,500.0,46.0,500.0,458.0,163.0,230.0,10.0,500.0,500.0,500.0,500.0,276.0,9.0,125.0,500.0,221.0,500.0,500.0,120.0
750,187.0,27.0,124.0,500.0,500.0,411.0,500.0,500.0,240.0,402.0,500.0,166.0,12.0,147.0,9.0,415.0,9.0,500.0,500.0,500.0,202.0,183.0,500.0,500.0,9.0,500.0,500.0,422.0,500.0,500.0,500.0,500.0,46.0,500.0,463.0,145.0,189.0,10.0,500.0,500.0,500.0,500.0,318.0,9.0,201.0,500.0,233.0,500.0,500.0,88.0
751,247.0,27.0,123.0,500.0,500.0,471.0,500.0,500.0,230.0,160.0,500.0,399.0,10.0,144.0,9.0,238.0,9.0,500.0,500.0,500.0,211.0,259.0,500.0,500.0,9.0,500.0,500.0,266.0,500.0,500.0,186.0,500.0,47.0,500.0,479.0,165.0,224.0,10.0,500.0,500.0,500.0,500.0,379.0,9.0,130.0,500.0,207.0,500.0,414.0,139.0
752,367.0,27.0,123.0,500.0,500.0,246.0,500.0,500.0,224.0,176.0,500.0,173.0,15.0,147.0,9.0,421.0,9.0,500.0,500.0,500.0,190.0,298.0,500.0,500.0,9.0,500.0,500.0,458.0,500.0,500.0,493.0,500.0,43.0,500.0,460.0,227.0,228.0,10.0,500.0,500.0,500.0,500.0,177.0,9.0,152.0,500.0,237.0,500.0,500.0,87.0
753,171.0,27.0,126.0,500.0,500.0,500.0,500.0,500.0,219.0,194.0,486.0,134.0,10.0,143.0,9.0,175.0,9.0,500.0,500.0,500.0,178.0,205.0,500.0,500.0,9.0,500.0,500.0,187.0,500.0,500.0,500.0,500.0,47.0,500.0,485.0,183.0,238.0,10.0,500.0,500.0,500.0,500.0,270.0,9.0,132.0,500.0,219.0,500.0,439.0,128.0
754,347.0,27.0,138.0,500.0,500.0,288.0,500.0,500.0,213.0,138.0,500.0,227.0,10.0,139.0,9.0,110.0,9.0,500.0,500.0,500.0,268.0,266.0,500.0,500.0,9.0,500.0,500.0,292.0,500.0,500.0,115.0,500.0,39.0,500.0,496.0,238.0,206.0,10.0,500.0,500.0,500.0,500.0,263.0,9.0,20.0,500.0,179.0,83.0,439.0,124.0
755,377.0,27.0,136.0,500.0,500.0,122.0,500.0,500.0,209.0,246.0,500.0,290.0,12.0,145.0,9.0,366.0,9.0,500.0,500.0,500.0,279.0,254.0,500.0,500.0,9.0,500.0,325.0,500.0,500.0,500.0,139.0,500.0,42.0,500.0,479.0,181.0,298.0,10.0,500.0,500.0,500.0,500.0,384.0,9.0,17.0,500.0,223.0,500.0,500.0,138.0
756,386.0,27.0,138.0,500.0,500.0,218.0,500.0,500.0,209.0,256.0,500.0,249.0,10.0,149.0,9.0,114.0,9.0,500.0,336.0,500.0,209.0,323.0,500.0,500.0,9.0,500.0,500.0,198.0,500.0,500.0,235.0,500.0,43.0,500.0,500.0,220.0,113.0,10.0,500.0,500.0,500.0,500.0,183.0,9.0,98.0,500.0,272.0,500.0,463.0,147.0
757,368.0,27.0,138.0,500.0,500.0,388.0,500.0,500.0,209.0,285.0,500.0,243.0,10.0,145.0,9.0,191.0,9.0,500.0,500.0,500.0,190.0,308.0,500.0,500.0,9.0,500.0,500.0,500.0,500.0,500.0,500.0,500.0,43.0,500.0,475.0,258.0,171.0,10.0,500.0,500.0,500.0,500.0,234.0,9.0,42.0,500.0,216.0,500.0,490.0,162.0
758,356.0,27.0,138.0,500.0,500.0,473.0,500.0,500.0,209.0,151.0,500.0,304.0,12.0,148.0,9.0,169.0,9.0,500.0,500.0,500.0,215.0,266.0,500.0,500.0,9.0,500.0,500.0,414.0,500.0,500.0,143.0,500.0,39.0,500.0,485.0,176.0,197.0,10.0,500.0,500.0,500.0,500.0,317.0,9.0,99.0,500.0,246.0,500.0,500.0,136.0
759,302.0,27.0,138.0,500.0,500.0,318.0,500.0,500.0,209.0,266.0,500.0,351.0,10.0,147.0,9.0,224.0,9.0,500.0,500.0,500.0,236.0,71.0,500.0,500.0,9.0,500.0,500.0,210.0,500.0,500.0,215.0,500.0,48.0,500.0,477.0,309.0,283.0,10.0,500.0,500.0,500.0,500.0,239.0,9.0,138.0,500.0,216.0,500.0,460.0,140.0
760,306.0,27.0,138.0,500.0,500.0,381.0,500.0,500.0,215.0,281.0,500.0,232.0,11.0,144.0,9.0,129.0,9.0,500.0,500.0,500.0,189.0,291.0,500.0,500.0,9.0,500.0,500.0,144.0,500.0,500.0,500.0,500.0,42.0,500.0,500.0,124.0,311.0,10.0,500.0,500.0,500.0,500.0,276.0,9.0,154.0,500.0,177.0,500.0,395.0,131.0
761,148.0,27.0,193.0,500.0,500.0,322.0,500.0,500.0,216.0,243.0,500.0,301.0,10.0,141.0,9.0,257.0,9.0,500.0,500.0,500.0,207.0,157.0,500.0,500.0,9.0,500.0,500.0,151.0,500.0,500.0,391.0,500.0,44.0,500.0,500.0,189.0,203.0,10.0,500.0,500.0,500.0,500.0,304.0,9.0,134.0,500.0,178.0,500.0,500.0,145.0
762,232.0,27.0,144.0,500.0,500.0,372.0,500.0,500.0,216.0,248.0,500.0,246.0,10.0,140.0,9.0,433.0,9.0,231.0,500.0,500.0,206.0,147.0,500.0,500.0,9.0,500.0,500.0,372.0,500.0,500.0,500.0,500.0,46.0,500.0,500.0,69.0,198.0,10.0,500.0,500.0,500.0,500.0,354.0,9.0,169.0,500.0,190.0,500.0,489.0,183.0
763,269.0,27.0,178.0,500.0,500.0,99.0,500.0,500.0,216.0,298.0,500.0,394.0,15.0,146.0,9.0,375.0,9.0,500.0,500.0,500.0,226.0,391.0,500.0,322.0,9.0,500.0,500.0,275.0,500.0,500.0,149.0,500.0,43.0,500.0,500.0,119.0,258.0,10.0,500.0,500.0,500.0,500.0,500.0,9.0,47.0,500.0,301.0,500.0,481.0,136.0
764,195.0,27.0,176.0,500.0,500.0,500.0,500.0,500.0,188.0,185.0,500.0,122.0,10.0,147.0,9.0,297.0,9.0,500.0,371.0,500.0,185.0,386.0,500.0,500.0,9.0,500.0,500.0,243.0,500.0,500.0,500.0,500.0,43.0,500.0,500.0,115.0,244.0,10.0,500.0,500.0,500.0,500.0,398.0,9.0,125.0,500.0,162.0,500.0,474.0,123.0
765,199.0,27.0,222.0,500.0,500.0,133.0,500.0,500.0,188.0,137.0,500.0,211.0,10.0,139.0,9.0,166.0,9.0,500.0,500.0,500.0,165.0,269.0,500.0,500.0,9.0,500.0,500.0,277.0,500.0,500.0,218.0,500.0,44.0,500.0,500.0,296.0,244.0,10.0,500.0,500.0,500.0,500.0,418.0,9.0,115.0,500.0,182.0,500.0,500.0,147.0
766,148.0,27.0,221.0,500.0,500.0,186.0,500.0,500.0,188.0,463.0,300.0,403.0,10.0,148.0,9.0,139.0,9.0,500.0,500.0,500.0,219.0,281.0,500.0,500.0,9.0,500.0,500.0,192.0,500.0,500.0,126.0,500.0,43.0,500.0,500.0,114.0,323.0,10.0,500.0,500.0,500.0,500.0,229.0,9.0,21.0,500.0,223.0,500.0,500.0,151.0
767,119.0,27.0,231.0,500.0,500.0,211.0,500.0,500.0,194.0,219.0,500.0,264.0,10.0,139.0,9.0,229.0,9.0,500.0,500.0,500.0,185.0,338.0,500.0,500.0,9.0,500.0,500.0,289.0,500.0,500.0,500.0,500.0,44.0,500.0,500.0,341.0,256.0,10.0,500.0,500.0,500.0,500.0,255.0,9.0,52.0,500.0,184.0,500.0,500.0,139.0
768,239.0,27.0,225.0,500.0,500.0,109.0,500.0,500.0,194.0,185.0,500.0,211.0,10.0,146.0,9.0,77.0,9.0,500.0,500.0,500.0,254.0,233.0,500.0,500.0,9.0,500.0,500.0,121.0,500.0,500.0,500.0,500.0,51.0,500.0,500.0,183.0,226.0,10.0,500.0,500.0,500.0,500.0,310.0,9.0,120.0,500.0,193.0,500.0,500.0,164.0
769,274.0,27.0,209.0,500.0,500.0,141.0,500.0,500.0,194.0,202.0,500.0,367.0,10.0,144.0,9.0,500.0,9.0,500.0,407.0,500.0,193.0,288.0,467.0,500.0,9.0,500.0,500.0,271.0,500.0,500.0,165.0,343.0,49.0,500.0,500.0,131.0,271.0,10.0,500.0,500.0,500.0,500.0,144.0,9.0,163.0,500.0,169.0,500.0,500.0,154.0
770,309.0,27.0,190.0,500.0,500.0,144.0,500.0,500.0,194.0,223.0,500.0,109.0,10.0,145.0,9.0,221.0,9.0,500.0,500.0,500.0,235.0,295.0,352.0,500.0,9.0,500.0,500.0,243.0,500.0,500.0,371.0,500.0,41.0,500.0,500.0,208.0,239.0,10.0,500.0,500.0,500.0,500.0,265.0,9.0,58.0,500.0,208.0,500.0,500.0,129.0
771,220.0,27.0,211.0,500.0,500.0,345.0,500.0,500.0,192.0,208.0,324.0,380.0,16.0,144.0,9.0,168.0,9.0,500.0,500.0,500.0,149.0,345.0,288.0,500.0,9.0,500.0,500.0,159.0,500.0,500.0,301.0,316.0,41.0,500.0,500.0,76.0,358.0,10.0,500.0,500.0,500.0,500.0,255.0,9.0,216.0,500.0,171.0,500.0,500.0,153.0
772,477.0,27.0,180.0,500.0,500.0,500.0,500.0,500.0,192.0,499.0,500.0,151.0,17.0,143.0,9.0,351.0,9.0,500.0,500.0,500.0,203.0,158.0,265.0,500.0,9.0,500.0,500.0,387.0,500.0,500.0,256.0,422.0,48.0,500.0,500.0,54.0,324.0,10.0,500.0,500.0,500.0,500.0,478.0,9.0,172.0,500.0,179.0,500.0,500.0,131.0
773,205.0,27.0,204.0,500.0,500.0,327.0,500.0,500.0,192.0,186.0,443.0,233.0,12.0,140.0,9.0,478.0,9.0,500.0,500.0,500.0,184.0,231.0,240.0,284.0,9.0,500.0,500.0,437.0,500.0,500.0,195.0,168.0,55.0,500.0,500.0,105.0,351.0,10.0,500.0,500.0,500.0,500.0,234.0,9.0,38.0,500.0,158.0,500.0,500.0,147.0
774,197.0,27.0,141.0,500.0,500.0,205.0,500.0,500.0,192.0,268.0,295.0,176.0,12.0,149.0,9.0,161.0,9.0,500.0,355.0,500.0,274.0,347.0,230.0,500.0,9.0,500.0,500.0,181.0,500.0,500.0,440.0,309.0,55.0,500.0,500.0,143.0,96.0,10.0,500.0,500.0,500.0,500.0,500.0,9.0,251.0,500.0,168.0,500.0,500.0,163.0
775,500.0,27.0,140.0,500.0,500.0,385.0,500.0,500.0,192.0,324.0,217.0,377.0,21.0,145.0,9.0,409.0,9.0,500.0,500.0,500.0,162.0,314.0,219.0,500.0,9.0,500.0,500.0,283.0,500.0,500.0,226.0,152.0,54.0,500.0,500.0,168.0,271.0,10.0,500.0,500.0,500.0,500.0,447.0,9.0,102.0,500.0,172.0,500.0,500.0,152.0
776,150.0,27.0,142.0,500.0,500.0,366.0,500.0,500.0,192.0,168.0,393.0,446.0,14.0,141.0,9.0,401.0,9.0,500.0,500.0,500.0,195.0,459.0,217.0,500.0,9.0,500.0,500.0,225.0,500.0,500.0,145.0,278.0,57.0,500.0,500.0,100.0,165.0,10.0,500.0,500.0,500.0,500.0,306.0,9.0,117.0,500.0,197.0,500.0,500.0,143.0
777,500.0,27.0,138.0,500.0,500.0,143.0,500.0,500.0,192.0,328.0,500.0,88.0,13.0,142.0,9.0,158.0,9.0,500.0,500.0,500.0,228.0,201.0,210.0,284.0,9.0,500.0,500.0,317.0,500.0,500.0,500.0,167.0,57.0,500.0,500.0,182.0,482.0,10.0,500.0,500.0,500.0,500.0,219.0,9.0,56.0,500.0,160.0,500.0,500.0,164.0
778,180.0,27.0,138.0,500.0,500.0,500.0,500.0,500.0,199.0,500.0,500.0,247.0,18.0,147.0,9.0,412.0,9.0,500.0,500.0,500.0,200.0,260.0,201.0,500.0,9.0,500.0,500.0,285.0,500.0,500.0,500.0,500.0,59.0,500.0,500.0,145.0,356.0,10.0,500.0,500.0,500.0,500.0,259.0,9.0,111.0,500.0,162.0,500.0,500.0,166.0
779,500.0,27.0,138.0,500.0,500.0,500.0,500.0,500.0,194.0,153.0,301.0,194.0,10.0,148.0,9.0,338.0,9.0,500.0,500.0,500.0,186.0,421.0,196.0,500.0,9.0,500.0,500.0,353.0,500.0,500.0,217.0,450.0,58.0,500.0,500.0,301.0,262.0,10.0,500.0,500.0,500.0,500.0,280.0,9.0,31.0,500.0,155.0,500.0,500.0,148.0
780,310.0,27.0,138.0,500.0,500.0,219.0,500.0,500.0,194.0,278.0,481.0,197.0,26.0,146.0,9.0,118.0,9.0,465.0,500.0,500.0,173.0,130.0,189.0,500.0,9.0,500.0,500.0,241.0,500.0,500.0,500.0,500.0,59.0,500.0,500.0,69.0,500.0,10.0,500.0,500.0,500.0,500.0,321.0,9.0,127.0,500.0,180.0,500.0,500.0,136.0
781,140.0,27.0,128.0,500.0,500.0,206.0,500.0,500.0,194.0,260.0,296.0,488.0,22.0,150.0,9.0,163.0,9.0,500.0,500.0,500.0,188.0,316.0,186.0,500.0,9.0,500.0,500.0,295.0,500.0,500.0,275.0,500.0,57.0,500.0,500.0,254.0,279.0,10.0,500.0,500.0,500.0,500.0,250.0,9.0,167.0,500.0,194.0,500.0,500.0,113.0
782,500.0,27.0,128.0,500.0,500.0,500.0,500.0,500.0,194.0,230.0,430.0,109.0,38.0,145.0,9.0,323.0,9.0,500.0,500.0,500.0,224.0,358.0,181.0,500.0,9.0,500.0,456.0,163.0,500.0,500.0,334.0,500.0,60.0,500.0,500.0,158.0,500.0,10.0,500.0,500.0,500.0,500.0,500.0,9.0,112.0,500.0,175.0,500.0,500.0,132.0
783,123.0,27.0,126.0,500.0,500.0,470.0,500.0,500.0,194.0,240.0,361.0,113.0,99.0,146.0,9.0,500.0,9.0,500.0,422.0,500.0,182.0,263.0,177.0,500.0,9.0,500.0,500.0,186.0,500.0,500.0,278.0,500.0,61.0,500.0,500.0,235.0,388.0,10.0,500.0,500.0,500.0,500.0,224.0,9.0,135.0,500.0,162.0,500.0,500.0,162.0
784,191.0,27.0,126.0,500.0,500.0,329.0,500.0,500.0,169.0,173.0,209.0,172.0,172.0,150.0,9.0,189.0,9.0,500.0,499.0,500.0,188.0,249.0,171.0,288.0,9.0,500.0,500.0,365.0,500.0,500.0,274.0,500.0,55.0,500.0,500.0,158.0,500.0,10.0,500.0,500.0,500.0,500.0,206.0,9.0,245.0,500.0,229.0,500.0,500.0,116.0
785,121.0,27.0,123.0,500.0,500.0,239.0,500.0,500.0,192.0,259.0,273.0,500.0,123.0,148.0,9.0,368.0,9.0,500.0,500.0,500.0,247.0,268.0,13.0,500.0,9.0,500.0,500.0,257.0,500.0,500.0,198.0,500.0,66.0,500.0,500.0,325.0,500.0,10.0,500.0,500.0,500.0,500.0,160.0,9.0,63.0,500.0,193.0,500.0,500.0,132.0
786,161.0,27.0,119.0,500.0,500.0,256.0,500.0,500.0,192.0,381.0,372.0,218.0,100.0,154.0,9.0,219.0,9.0,500.0,439.0,500.0,251.0,500.0,13.0,500.0,9.0,500.0,500.0,330.0,500.0,500.0,500.0,436.0,63.0,500.0,500.0,118.0,500.0,10.0,500.0,500.0,500.0,500.0,386.0,9.0,175.0,500.0,246.0,500.0,500.0,142.0
787,318.0,27.0,117.0,500.0,500.0,417.0,500.0,500.0,192.0,289.0,450.0,500.0,90.0,146.0,9.0,213.0,9.0,500.0,500.0,500.0,220.0,210.0,157.0,255.0,9.0,500.0,500.0,454.0,500.0,500.0,104.0,500.0,68.0,500.0,500.0,186.0,500.0,10.0,500.0,500.0,500.0,500.0,243.0,9.0,106.0,500.0,185.0,500.0,500.0,154.0
788,156.0,27.0,116.0,500.0,500.0,221.0,500.0,500.0,192.0,222.0,297.0,238.0,95.0,158.0,9.0,500.0,9.0,500.0,500.0,500.0,236.0,300.0,17.0,500.0,9.0,500.0,500.0,356.0,500.0,500.0,128.0,500.0,69.0,500.0,500.0,205.0,384.0,10.0,500.0,500.0,500.0,500.0,124.0,9.0,131.0,500.0,202.0,500.0,500.0,149.0
789,230.0,27.0,116.0,500.0,500.0,343.0,500.0,500.0,192.0,201.0,311.0,357.0,143.0,146.0,9.0,430.0,9.0,500.0,500.0,500.0,225.0,142.0,17.0,500.0,9.0,500.0,500.0,338.0,500.0,500.0,353.0,500.0,74.0,500.0,482.0,64.0,500.0,10.0,500.0,500.0,500.0,500.0,152.0,9.0,222.0,500.0,194.0,500.0,500.0,113.0
790,141.0,27.0,116.0,66.0,500.0,307.0,500.0,500.0,192.0,211.0,280.0,349.0,122.0,153.0,9.0,359.0,9.0,500.0,500.0,500.0,268.0,288.0,17.0,156.0,9.0,500.0,500.0,407.0,500.0,500.0,236.0,500.0,73.0,500.0,455.0,55.0,500.0,10.0,500.0,500.0,500.0,500.0,406.0,9.0,178.0,500.0,190.0,500.0,500.0,175.0
791,500.0,27.0,115.0,500.0,500.0,239.0,500.0,500.0,192.0,219.0,273.0,500.0,118.0,154.0,9.0,314.0,9.0,500.0,494.0,500.0,217.0,500.0,147.0,500.0,9.0,500.0,500.0,126.0,500.0,500.0,190.0,500.0,80.0,500.0,461.0,267.0,500.0,10.0,500.0,500.0,500.0,500.0,500.0,9.0,146.0,500.0,177.0,500.0,500.0,88.0
792,310.0,27.0,115.0,500.0,500.0,246.0,500.0,500.0,192.0,274.0,292.0,287.0,104.0,158.0,9.0,172.0,9.0,500.0,494.0,500.0,224.0,375.0,145.0,181.0,9.0,500.0,500.0,247.0,500.0,500.0,189.0,500.0,87.0,500.0,441.0,259.0,469.0,10.0,500.0,500.0,500.0,500.0,248.0,9.0,186.0,500.0,201.0,500.0,500.0,101.0
793,266.0,27.0,116.0,500.0,500.0,377.0,500.0,500.0,192.0,256.0,431.0,266.0,96.0,154.0,9.0,159.0,9.0,476.0,500.0,500.0,284.0,500.0,145.0,349.0,9.0,500.0,500.0,442.0,500.0,500.0,183.0,500.0,94.0,500.0,413.0,133.0,173.0,10.0,500.0,500.0,500.0,500.0,338.0,9.0,129.0,500.0,159.0,500.0,500.0,133.0
794,295.0,27.0,116.0,500.0,500.0,176.0,500.0,500.0,192.0,250.0,500.0,285.0,107.0,148.0,9.0,382.0,9.0,500.0,500.0,500.0,157.0,358.0,142.0,268.0,9.0,500.0,500.0,212.0,500.0,500.0,315.0,500.0,93.0,500.0,395.0,185.0,500.0,10.0,500.0,500.0,500.0,500.0,381.0,9.0,184.0,500.0,215.0,500.0,500.0,109.0
795,334.0,27.0,119.0,500.0,500.0,261.0,500.0,500.0,192.0,171.0,386.0,269.0,105.0,157.0,9.0,184.0,9.0,500.0,411.0,500.0,258.0,500.0,141.0,500.0,9.0,500.0,500.0,257.0,500.0,500.0,341.0,500.0,104.0,500.0,391.0,332.0,451.0,10.0,500.0,500.0,500.0,500.0,238.0,9.0,168.0,500.0,181.0,500.0,500.0,133.0
796,418.0,27.0,122.0,500.0,500.0,139.0,500.0,500.0,194.0,165.0,456.0,500.0,105.0,153.0,9.0,292.0,9.0,500.0,500.0,500.0,320.0,247.0,138.0,500.0,9.0,500.0,500.0,261.0,500.0,500.0,466.0,500.0,107.0,500.0,362.0,191.0,500.0,10.0,500.0,500.0,500.0,500.0,402.0,9.0,257.0,500.0,206.0,500.0,500.0,129.0
797,500.0,27.0,123.0,500.0,500.0,500.0,500.0,500.0,192.0,353.0,181.0,373.0,54.0,154.0,9.0,112.0,9.0,500.0,500.0,500.0,313.0,388.0,137.0,500.0,9.0,500.0,500.0,432.0,500.0,500.0,500.0,500.0,125.0,500.0,385.0,140.0,500.0,10.0,500.0,500.0,500.0,500.0,494.0,9.0,241.0,500.0,190.0,500.0,500.0,159.0
798,500.0,27.0,119.0,500.0,500.0,178.0,500.0,500.0,194.0,144.0,500.0,219.0,59.0,158.0,9.0,469.0,9.0,358.0,500.0,500.0,264.0,436.0,133.0,500.0,9.0,500.0,500.0,282.0,500.0,500.0,484.0,500.0,128.0,500.0,384.0,294.0,500.0,10.0,500.0,500.0,500.0,500.0,310.0,9.0,88.0,500.0,200.0,500.0,500.0,141.0
799,347.0,27.0,116.0,500.0,500.0,191.0,500.0,500.0,194.0,500.0,346.0,267.0,56.0,157.0,9.0,331.0,9.0,500.0,500.0,500.0,302.0,195.0,131.0,500.0,9.0,500.0,378.0,500.0,500.0,500.0,357.0,500.0,131.0,500.0,390.0,134.0,500.0,10.0,500.0,500.0,500.0,500.0,500.0,9.0,158.0,500.0,211.0,500.0,500.0,120.0
800,200.0,27.0,123.0,500.0,500.0,484.0,500.0,500.0,194.0,284.0,500.0,278.0,57.0,161.0,9.0,190.0,9.0,500.0,500.0,500.0,414.0,256.0,129.0,294.0,9.0,500.0,500.0,321.0,500.0,500.0,500.0,500.0,134.0,500.0,417.0,235.0,500.0,10.0,500.0,500.0,500.0,500.0,500.0,9.0,106.0,500.0,194.0,500.0,500.0,128.0
801,317.0,27.0,123.0,500.0,500.0,437.0,500.0,500.0,192.0,500.0,295.0,317.0,22.0,157.0,9.0,167.0,9.0,500.0,500.0,500.0,272.0,492.0,128.0,305.0,9.0,500.0,500.0,251.0,500.0,500.0,291.0,500.0,134.0,500.0,420.0,160.0,500.0,10.0,500.0,500.0,500.0,182.0,174.0,9.0,74.0,500.0,216.0,500.0,500.0,158.0
802,385.0,27.0,119.0,500.0,500.0,352.0,500.0,161.0,194.0,442.0,326.0,285.0,22.0,155.0,9.0,319.0,9.0,500.0,500.0,500.0,277.0,214.0,126.0,500.0,9.0,500.0,500.0,330.0,500.0,500.0,273.0,500.0,129.0,500.0,428.0,104.0,153.0,10.0,500.0,500.0,500.0,500.0,171.0,9.0,111.0,500.0,212.0,500.0,500.0,107.0
803,130.0,27.0,119.0,500.0,500.0,500.0,500.0,500.0,194.0,438.0,500.0,180.0,17.0,166.0,9.0,183.0,9.0,354.0,500.0,500.0,328.0,377.0,121.0,500.0,9.0,500.0,500.0,345.0,500.0,500.0,195.0,500.0,124.0,500.0,474.0,93.0,495.0,10.0,500.0,500.0,500.0,500.0,188.0,9.0,109.0,500.0,206.0,500.0,500.0,134.0
804,131.0,27.0,123.0,500.0,500.0,500.0,500.0,500.0,194.0,346.0,500.0,414.0,22.0,161.0,9.0,263.0,9.0,414.0,500.0,500.0,365.0,256.0,120.0,500.0,9.0,500.0,500.0,162.0,500.0,500.0,201.0,500.0,119.0,500.0,498.0,235.0,66.0,10.0,500.0,500.0,500.0,500.0,464.0,9.0,82.0,500.0,198.0,500.0,500.0,155.0
805,376.0,27.0,123.0,293.0,500.0,500.0,500.0,500.0,194.0,195.0,291.0,116.0,60.0,165.0,9.0,389.0,9.0,349.0,500.0,500.0,365.0,419.0,118.0,500.0,9.0,500.0,500.0,342.0,500.0,500.0,264.0,500.0,110.0,500.0,500.0,116.0,500.0,10.0,482.0,500.0,500.0,500.0,160.0,9.0,173.0,500.0,188.0,500.0,500.0,156.0
806,247.0,27.0,136.0,305.0,500.0,392.0,500.0,500.0,192.0,227.0,500.0,139.0,61.0,161.0,9.0,321.0,9.0,381.0,500.0,500.0,426.0,170.0,117.0,500.0,9.0,500.0,500.0,500.0,500.0,500.0,404.0,500.0,106.0,500.0,500.0,318.0,394.0,10.0,450.0,500.0,500.0,500.0,414.0,9.0,125.0,500.0,261.0,500.0,500.0,157.0
807,322.0,27.0,126.0,197.0,500.0,202.0,500.0,500.0,192.0,272.0,479.0,231.0,75.0,169.0,9.0,368.0,9.0,353.0,500.0,500.0,500.0,287.0,115.0,500.0,9.0,500.0,500.0,482.0,256.0,500.0,277.0,500.0,94.0,500.0,500.0,112.0,146.0,10.0,390.0,500.0,500.0,500.0,160.0,9.0,267.0,500.0,171.0,500.0,500.0,153.0
808,184.0,27.0,138.0,500.0,500.0,356.0,500.0,500.0,194.0,461.0,500.0,416.0,77.0,160.0,9.0,94.0,9.0,364.0,500.0,500.0,500.0,326.0,113.0,500.0,9.0,500.0,500.0,306.0,500.0,500.0,205.0,214.0,88.0,500.0,500.0,180.0,187.0,10.0,412.0,500.0,500.0,500.0,175.0,9.0,109.0,500.0,212.0,500.0,500.0,141.0
809,270.0,27.0,138.0,500.0,500.0,500.0,500.0,500.0,192.0,368.0,178.0,218.0,134.0,165.0,9.0,226.0,9.0,371.0,500.0,500.0,500.0,226.0,112.0,500.0,9.0,500.0,500.0,253.0,500.0,500.0,431.0,500.0,82.0,500.0,500.0,154.0,500.0,10.0,404.0,500.0,500.0,500.0,500.0,9.0,59.0,500.0,211.0,500.0,500.0,148.0
810,164.0,27.0,138.0,500.0,500.0,500.0,500.0,500.0,194.0,245.0,247.0,150.0,140.0,165.0,9.0,154.0,9.0,393.0,500.0,500.0,500.0,357.0,112.0,500.0,9.0,500.0,500.0,293.0,500.0,500.0,341.0,500.0,80.0,500.0,500.0,243.0,500.0,10.0,462.0,500.0,500.0,500.0,180.0,9.0,311.0,500.0,211.0,500.0,500.0,155.0
811,140.0,27.0,197.0,500.0,500.0,161.0,500.0,500.0,194.0,314.0,500.0,204.0,211.0,166.0,9.0,231.0,9.0,326.0,500.0,438.0,500.0,500.0,108.0,500.0,9.0,500.0,500.0,283.0,500.0,500.0,235.0,500.0,73.0,500.0,500.0,224.0,235.0,10.0,451.0,500.0,500.0,500.0,268.0,9.0,181.0,500.0,224.0,500.0,500.0,141.0
812,322.0,27.0,140.0,500.0,500.0,238.0,500.0,500.0,194.0,500.0,348.0,408.0,215.0,167.0,9.0,500.0,9.0,375.0,500.0,133.0,500.0,262.0,111.0,367.0,9.0,500.0,500.0,140.0,500.0,500.0,404.0,500.0,70.0,500.0,500.0,32.0,240.0,10.0,373.0,500.0,500.0,500.0,326.0,9.0,162.0,500.0,182.0,500.0,500.0,162.0
813,245.0,27.0,184.0,500.0,500.0,364.0,500.0,500.0,194.0,258.0,171.0,344.0,353.0,171.0,9.0,211.0,9.0,286.0,500.0,500.0,491.0,147.0,108.0,500.0,9.0,500.0,500.0,97.0,500.0,500.0,372.0,500.0,66.0,500.0,500.0,238.0,500.0,10.0,402.0,500.0,500.0,500.0,391.0,9.0,144.0,500.0,229.0,500.0,500.0,144.0
814,360.0,27.0,141.0,500.0,500.0,196.0,500.0,500.0,194.0,412.0,250.0,267.0,494.0,162.0,9.0,340.0,9.0,264.0,500.0,500.0,448.0,314.0,112.0,500.0,9.0,500.0,500.0,183.0,500.0,500.0,176.0,500.0,64.0,500.0,500.0,186.0,500.0,10.0,500.0,500.0,500.0,500.0,273.0,9.0,93.0,500.0,256.0,500.0,500.0,194.0
815,338.0,27.0,187.0,500.0,500.0,417.0,500.0,500.0,194.0,500.0,455.0,226.0,500.0,172.0,9.0,500.0,9.0,367.0,500.0,500.0,500.0,192.0,108.0,500.0,9.0,500.0,500.0,147.0,500.0,500.0,400.0,500.0,59.0,500.0,500.0,232.0,307.0,10.0,500.0,500.0,500.0,500.0,157.0,9.0,104.0,500.0,207.0,500.0,500.0,149.0
816,324.0,27.0,231.0,500.0,500.0,308.0,500.0,500.0,192.0,423.0,420.0,330.0,500.0,169.0,9.0,244.0,9.0,336.0,500.0,500.0,500.0,500.0,113.0,500.0,9.0,500.0,500.0,267.0,500.0,500.0,338.0,500.0,64.0,500.0,500.0,118.0,500.0,10.0,500.0,500.0,500.0,500.0,302.0,9.0,177.0,500.0,206.0,500.0,500.0,153.0
817,292.0,27.0,196.0,500.0,500.0,301.0,500.0,500.0,194.0,500.0,373.0,477.0,500.0,176.0,9.0,400.0,9.0,293.0,500.0,500.0,500.0,133.0,113.0,500.0,9.0,500.0,500.0,202.0,500.0,500.0,500.0,500.0,61.0,500.0,500.0,119.0,352.0,10.0,500.0,500.0,500.0,500.0,132.0,9.0,49.0,500.0,229.0,500.0,500.0,148.0
818,373.0,27.0,235.0,500.0,500.0,230.0,500.0,500.0,192.0,469.0,500.0,220.0,500.0,170.0,9.0,489.0,9.0,226.0,500.0,500.0,500.0,369.0,112.0,500.0,9.0,500.0,413.0,129.0,500.0,500.0,247.0,500.0,56.0,500.0,500.0,238.0,500.0,10.0,500.0,500.0,500.0,500.0,292.0,9.0,136.0,500.0,231.0,500.0,500.0,171.0
819,384.0,27.0,261.0,500.0,500.0,190.0,500.0,500.0,194.0,500.0,460.0,360.0,500.0,167.0,9.0,219.0,9.0,284.0,500.0,500.0,500.0,420.0,114.0,500.0,9.0,500.0,223.0,132.0,500.0,500.0,298.0,500.0,57.0,500.0,500.0,160.0,500.0,10.0,500.0,500.0,500.0,500.0,156.0,9.0,143.0,500.0,258.0,500.0,500.0,157.0
820,489.0,27.0,287.0,500.0,500.0,500.0,500.0,500.0,194.0,500.0,385.0,406.0,500.0,182.0,9.0,206.0,9.0,230.0,500.0,500.0,495.0,192.0,113.0,500.0,9.0,500.0,135.0,500.0,500.0,500.0,214.0,500.0,53.0,500.0,500.0,194.0,500.0,10.0,500.0,500.0,500.0,500.0,328.0,9.0,139.0,500.0,214.0,500.0,500.0,176.0
821,244.0,27.0,256.0,500.0,500.0,292.0,500.0,500.0,194.0,500.0,500.0,306.0,500.0,176.0,9.0,143.0,9.0,242.0,500.0,500.0,412.0,400.0,115.0,500.0,9.0,500.0,20.0,240.0,500.0,500.0,260.0,500.0,56.0,500.0,500.0,156.0,419.0,10.0,500.0,500.0,500.0,500.0,145.0,9.0,296.0,500.0,222.0,500.0,400.0,158.0
822,320.0,27.0,280.0,500.0,500.0,500.0,500.0,500.0,192.0,500.0,408.0,435.0,500.0,179.0,9.0,249.0,9.0,256.0,500.0,500.0,500.0,418.0,115.0,500.0,9.0,500.0,46.0,151.0,500.0,500.0,199.0,500.0,55.0,500.0,500.0,186.0,299.0,10.0,500.0,500.0,500.0,500.0,300.0,9.0,113.0,500.0,216.0,500.0,500.0,171.0
823,122.0,27.0,264.0,500.0,500.0,479.0,486.0,500.0,194.0,500.0,500.0,325.0,500.0,178.0,9.0,299.0,9.0,239.0,500.0,500.0,500.0,418.0,117.0,500.0,9.0,500.0,500.0,445.0,500.0,500.0,500.0,500.0,46.0,500.0,500.0,126.0,403.0,10.0,500.0,500.0,500.0,500.0,116.0,9.0,225.0,500.0,202.0,500.0,500.0,154.0
824,112.0,27.0,246.0,500.0,297.0,336.0,500.0,500.0,194.0,500.0,498.0,256.0,500.0,181.0,9.0,194.0,9.0,238.0,500.0,500.0,500.0,500.0,118.0,500.0,9.0,500.0,500.0,379.0,500.0,500.0,500.0,500.0,54.0,500.0,500.0,240.0,500.0,10.0,500.0,500.0,500.0,481.0,455.0,9.0,145.0,500.0,240.0,500.0,500.0,157.0
825,475.0,27.0,259.0,500.0,500.0,300.0,500.0,500.0,194.0,411.0,500.0,338.0,500.0,175.0,9.0,302.0,9.0,334.0,500.0,500.0,238.0,431.0,124.0,500.0,9.0,500.0,500.0,309.0,500.0,500.0,500.0,500.0,53.0,500.0,500.0,226.0,383.0,10.0,500.0,500.0,500.0,500.0,472.0,9.0,165.0,500.0,205.0,500.0,339.0,161.0
826,145.0,27.0,248.0,500.0,500.0,355.0,500.0,500.0,194.0,338.0,303.0,170.0,500.0,179.0,9.0,263.0,9.0,343.0,500.0,500.0,500.0,373.0,119.0,500.0,9.0,500.0,500.0,184.0,500.0,500.0,393.0,500.0,50.0,500.0,500.0,134.0,386.0,10.0,500.0,500.0,500.0,500.0,424.0,9.0,155.0,500.0,202.0,500.0,500.0,159.0
827,316.0,27.0,205.0,500.0,500.0,337.0,500.0,500.0,194.0,500.0,500.0,252.0,500.0,184.0,9.0,169.0,9.0,386.0,500.0,500.0,365.0,500.0,119.0,500.0,9.0,500.0,500.0,123.0,500.0,500.0,156.0,500.0,54.0,500.0,500.0,194.0,227.0,10.0,500.0,500.0,500.0,500.0,444.0,9.0,265.0,500.0,238.0,500.0,500.0,151.0
828,500.0,27.0,221.0,500.0,500.0,116.0,500.0,500.0,194.0,500.0,500.0,254.0,500.0,171.0,9.0,245.0,9.0,351.0,500.0,500.0,162.0,292.0,117.0,426.0,9.0,500.0,411.0,422.0,500.0,500.0,500.0,500.0,50.0,500.0,500.0,162.0,500.0,10.0,500.0,500.0,500.0,500.0,192.0,9.0,98.0,500.0,226.0,500.0,500.0,152.0
829,350.0,27.0,206.0,500.0,500.0,349.0,500.0,500.0,194.0,500.0,500.0,331.0,500.0,181.0,9.0,307.0,9.0,420.0,500.0,500.0,500.0,87.0,119.0,500.0,9.0,500.0,500.0,284.0,500.0,500.0,189.0,500.0,54.0,500.0,500.0,311.0,500.0,10.0,500.0,500.0,500.0,500.0,226.0,9.0,149.0,500.0,280.0,500.0,180.0,171.0
830,185.0,27.0,201.0,500.0,463.0,415.0,500.0,500.0,194.0,500.0,500.0,259.0,500.0,175.0,9.0,500.0,9.0,349.0,500.0,500.0,500.0,291.0,116.0,500.0,9.0,500.0,321.0,429.0,500.0,500.0,500.0,500.0,53.0,500.0,500.0,196.0,500.0,10.0,500.0,500.0,500.0,500.0,116.0,9.0,182.0,500.0,227.0,500.0,500.0,154.0
831,259.0,27.0,141.0,500.0,232.0,437.0,500.0,500.0,194.0,500.0,500.0,230.0,500.0,187.0,9.0,125.0,9.0,278.0,500.0,500.0,500.0,500.0,116.0,500.0,9.0,500.0,300.0,291.0,258.0,500.0,500.0,500.0,54.0,500.0,500.0,235.0,278.0,10.0,500.0,500.0,500.0,500.0,115.0,9.0,57.0,500.0,223.0,500.0,500.0,166.0
832,392.0,27.0,191.0,381.0,500.0,439.0,500.0,500.0,194.0,500.0,363.0,274.0,500.0,197.0,9.0,307.0,9.0,356.0,500.0,500.0,500.0,417.0,116.0,500.0,9.0,500.0,305.0,258.0,500.0,500.0,430.0,500.0,56.0,500.0,500.0,155.0,500.0,10.0,500.0,500.0,500.0,500.0,176.0,9.0,136.0,500.0,214.0,500.0,500.0,149.0
833,376.0,27.0,140.0,500.0,500.0,201.0,500.0,500.0,194.0,500.0,285.0,217.0,500.0,187.0,9.0,409.0,9.0,319.0,500.0,500.0,500.0,500.0,116.0,500.0,9.0,500.0,256.0,317.0,500.0,500.0,500.0,500.0,55.0,500.0,500.0,222.0,500.0,10.0,500.0,500.0,500.0,500.0,500.0,9.0,79.0,500.0,221.0,500.0,500.0,195.0
834,62.0,27.0,138.0,378.0,359.0,324.0,500.0,500.0,194.0,500.0,500.0,290.0,500.0,185.0,9.0,242.0,9.0,327.0,500.0,500.0,500.0,174.0,114.0,500.0,9.0,500.0,318.0,500.0,500.0,500.0,119.0,500.0,58.0,500.0,500.0,238.0,454.0,10.0,500.0,500.0,500.0,500.0,442.0,9.0,200.0,500.0,193.0,408.0,500.0,176.0
835,144.0,27.0,128.0,169.0,500.0,464.0,500.0,500.0,194.0,500.0,500.0,320.0,500.0,180.0,9.0,156.0,9.0,488.0,500.0,500.0,500.0,500.0,114.0,500.0,9.0,500.0,268.0,159.0,500.0,500.0,500.0,500.0,54.0,500.0,500.0,144.0,500.0,10.0,500.0,500.0,500.0,500.0,261.0,9.0,100.0,500.0,220.0,500.0,500.0,163.0
836,500.0,27.0,128.0,500.0,333.0,227.0,500.0,500.0,194.0,500.0,500.0,311.0,500.0,176.0,9.0,282.0,9.0,437.0,500.0,500.0,500.0,486.0,114.0,500.0,9.0,500.0,291.0,295.0,500.0,500.0,500.0,500.0,58.0,500.0,500.0,64.0,500.0,10.0,500.0,500.0,500.0,500.0,272.0,9.0,251.0,500.0,230.0,500.0,500.0,158.0
837,294.0,27.0,124.0,500.0,500.0,150.0,500.0,500.0,194.0,500.0,500.0,500.0,500.0,196.0,9.0,136.0,9.0,422.0,500.0,500.0,500.0,401.0,113.0,500.0,9.0,500.0,235.0,250.0,500.0,500.0,316.0,500.0,60.0,500.0,500.0,130.0,500.0,10.0,500.0,500.0,500.0,466.0,305.0,9.0,293.0,500.0,198.0,500.0,500.0,149.0
838,216.0,27.0,128.0,500.0,500.0,251.0,500.0,500.0,194.0,500.0,500.0,244.0,500.0,186.0,9.0,451.0,9.0,500.0,500.0,500.0,500.0,500.0,109.0,500.0,9.0,500.0,340.0,500.0,500.0,500.0,500.0,500.0,56.0,500.0,500.0,132.0,500.0,10.0,500.0,500.0,500.0,500.0,304.0,9.0,136.0,500.0,234.0,500.0,500.0,176.0
839,272.0,27.0,128.0,500.0,500.0,275.0,500.0,500.0,194.0,500.0,500.0,209.0,500.0,170.0,9.0,351.0,9.0,500.0,500.0,500.0,500.0,116.0,113.0,500.0,9.0,500.0,283.0,249.0,500.0,500.0,191.0,500.0,60.0,500.0,500.0,165.0,500.0,10.0,500.0,500.0,500.0,500.0,182.0,9.0,34.0,500.0,203.0,500.0,500.0,138.0
840,273.0,27.0,128.0,500.0,500.0,385.0,500.0,500.0,194.0,500.0,500.0,500.0,500.0,174.0,9.0,175.0,9.0,500.0,500.0,500.0,500.0,382.0,110.0,500.0,9.0,500.0,200.0,192.0,500.0,500.0,362.0,500.0,59.0,500.0,500.0,208.0,131.0,10.0,500.0,500.0,500.0,500.0,281.0,9.0,81.0,500.0,234.0,500.0,500.0,185.0
841,254.0,27.0,136.0,500.0,500.0,500.0,500.0,500.0,194.0,500.0,500.0,248.0,500.0,179.0,9.0,349.0,9.0,335.0,500.0,500.0,195.0,434.0,109.0,500.0,9.0,500.0,243.0,32.0,500.0,500.0,496.0,500.0,57.0,500.0,500.0,186.0,500.0,10.0,500.0,500.0,500.0,500.0,411.0,9.0,78.0,500.0,241.0,500.0,500.0,158.0
842,226.0,27.0,138.0,500.0,308.0,382.0,500.0,500.0,194.0,500.0,500.0,328.0,500.0,184.0,9.0,165.0,9.0,500.0,500.0,500.0,500.0,326.0,109.0,500.0,9.0,500.0,202.0,391.0,500.0,500.0,339.0,500.0,59.0,500.0,500.0,170.0,500.0,10.0,500.0,500.0,500.0,500.0,394.0,9.0,118.0,500.0,239.0,286.0,500.0,180.0
843,468.0,27.0,128.0,500.0,500.0,352.0,500.0,500.0,194.0,500.0,428.0,500.0,381.0,193.0,9.0,84.0,9.0,500.0,500.0,500.0,500.0,119.0,107.0,500.0,9.0,500.0,197.0,262.0,500.0,500.0,462.0,500.0,64.0,500.0,500.0,198.0,500.0,10.0,500.0,500.0,500.0,500.0,313.0,9.0,57.0,500.0,200.0,500.0,500.0,148.0
844,323.0,27.0,138.0,500.0,500.0,500.0,500.0,500.0,194.0,500.0,500.0,272.0,304.0,199.0,9.0,493.0,9.0,500.0,500.0,500.0,500.0,500.0,108.0,500.0,9.0,500.0,247.0,500.0,500.0,500.0,316.0,500.0,63.0,500.0,500.0,286.0,500.0,10.0,500.0,500.0,500.0,500.0,183.0,9.0,194.0,500.0,213.0,500.0,500.0,163.0
845,370.0,27.0,138.0,500.0,500.0,321.0,500.0,500.0,194.0,500.0,500.0,339.0,254.0,180.0,9.0,230.0,9.0,500.0,500.0,500.0,500.0,287.0,107.0,500.0,9.0,500.0,256.0,500.0,500.0,500.0,170.0,500.0,63.0,500.0,500.0,128.0,372.0,10.0,500.0,500.0,500.0,500.0,500.0,9.0,195.0,500.0,224.0,500.0,500.0,171.0
846,305.0,27.0,138.0,500.0,500.0,299.0,500.0,500.0,194.0,500.0,281.0,404.0,211.0,192.0,9.0,248.0,9.0,500.0,500.0,500.0,235.0,253.0,108.0,500.0,9.0,500.0,261.0,476.0,500.0,500.0,500.0,500.0,64.0,500.0,500.0,161.0,486.0,10.0,500.0,500.0,500.0,500.0,496.0,9.0,202.0,500.0,283.0,500.0,500.0,179.0
847,500.0,27.0,138.0,500.0,412.0,343.0,500.0,500.0,194.0,500.0,380.0,376.0,173.0,186.0,9.0,388.0,9.0,500.0,500.0,500.0,471.0,497.0,108.0,444.0,9.0,500.0,252.0,434.0,500.0,500.0,500.0,500.0,66.0,500.0,500.0,189.0,440.0,10.0,500.0,500.0,500.0,500.0,226.0,9.0,44.0,500.0,182.0,500.0,500.0,142.0
848,343.0,27.0,126.0,500.0,310.0,286.0,500.0,500.0,194.0,500.0,421.0,345.0,154.0,185.0,9.0,185.0,9.0,500.0,500.0,500.0,500.0,466.0,108.0,500.0,9.0,500.0,214.0,122.0,500.0,500.0,284.0,500.0,64.0,500.0,500.0,107.0,102.0,10.0,500.0,500.0,500.0,500.0,437.0,9.0,205.0,500.0,242.0,500.0,500.0,153.0
849,280.0,27.0,128.0,500.0,500.0,421.0,500.0,500.0,194.0,500.0,500.0,262.0,140.0,182.0,9.0,182.0,9.0,500.0,500.0,500.0,500.0,360.0,106.0,500.0,9.0,500.0,208.0,264.0,500.0,500.0,298.0,500.0,67.0,500.0,500.0,302.0,295.0,10.0,500.0,500.0,500.0,500.0,215.0,9.0,70.0,500.0,250.0,500.0,500.0,194.0
850,229.0,27.0,138.0,500.0,449.0,500.0,500.0,500.0,192.0,500.0,500.0,280.0,133.0,177.0,9.0,262.0,9.0,500.0,500.0,500.0,283.0,145.0,108.0,500.0,9.0,500.0,216.0,360.0,500.0,500.0,500.0,500.0,71.0,500.0,500.0,202.0,362.0,10.0,500.0,500.0,500.0,500.0,131.0,9.0,97.0,500.0,203.0,500.0,500.0,164.0
851,52.0,27.0,138.0,500.0,500.0,474.0,500.0,500.0,194.0,500.0,500.0,264.0,130.0,193.0,9.0,152.0,9.0,500.0,500.0,500.0,500.0,500.0,108.0,500.0,9.0,500.0,205.0,385.0,500.0,500.0,500.0,500.0,67.0,500.0,500.0,182.0,500.0,10.0,500.0,500.0,500.0,500.0,219.0,9.0,224.0,500.0,188.0,500.0,500.0,171.0
852,280.0,27.0,177.0,500.0,271.0,375.0,500.0,500.0,194.0,500.0,500.0,425.0,131.0,193.0,9.0,448.0,9.0,500.0,500.0,500.0,500.0,344.0,108.0,500.0,9.0,500.0,204.0,258.0,500.0,500.0,287.0,458.0,73.0,500.0,500.0,197.0,500.0,10.0,500.0,500.0,500.0,500.0,272.0,9.0,102.0,500.0,211.0,500.0,500.0,182.0
853,500.0,27.0,140.0,500.0,500.0,500.0,500.0,500.0,194.0,500.0,208.0,386.0,127.0,185.0,9.0,218.0,9.0,500.0,500.0,500.0,353.0,422.0,107.0,336.0,9.0,500.0,212.0,349.0,500.0,500.0,249.0,500.0,71.0,500.0,500.0,500.0,500.0,10.0,500.0,500.0,500.0,500.0,458.0,9.0,365.0,500.0,223.0,500.0,500.0,163.0
854,185.0,27.0,198.0,500.0,491.0,165.0,500.0,500.0,194.0,500.0,500.0,288.0,20.0,187.0,9.0,58.0,9.0,500.0,500.0,500.0,500.0,326.0,107.0,500.0,9.0,500.0,217.0,317.0,500.0,500.0,118.0,479.0,70.0,500.0,500.0,150.0,500.0,10.0,500.0,500.0,500.0,500.0,306.0,9.0,185.0,500.0,227.0,500.0,500.0,176.0
855,241.0,27.0,138.0,500.0,182.0,229.0,500.0,500.0,194.0,500.0,500.0,258.0,129.0,182.0,9.0,270.0,9.0,500.0,500.0,500.0,402.0,392.0,108.0,313.0,9.0,500.0,273.0,403.0,500.0,500.0,209.0,498.0,70.0,500.0,500.0,158.0,500.0,10.0,500.0,500.0,500.0,500.0,500.0,9.0,135.0,500.0,248.0,500.0,500.0,422.0
856,208.0,27.0,193.0,500.0,500.0,286.0,500.0,500.0,194.0,500.0,500.0,265.0,130.0,183.0,9.0,357.0,9.0,500.0,500.0,500.0,500.0,500.0,107.0,500.0,9.0,500.0,221.0,362.0,500.0,500.0,153.0,500.0,73.0,500.0,500.0,161.0,500.0,10.0,500.0,500.0,500.0,500.0,135.0,9.0,143.0,500.0,220.0,500.0,500.0,195.0
857,132.0,27.0,178.0,500.0,500.0,319.0,500.0,500.0,194.0,500.0,347.0,339.0,131.0,178.0,9.0,258.0,9.0,500.0,500.0,500.0,437.0,359.0,107.0,250.0,9.0,500.0,275.0,295.0,500.0,500.0,261.0,500.0,74.0,500.0,500.0,168.0,500.0,10.0,500.0,500.0,500.0,500.0,272.0,9.0,154.0,500.0,226.0,500.0,500.0,183.0
858,369.0,27.0,208.0,500.0,500.0,130.0,500.0,500.0,194.0,500.0,500.0,387.0,131.0,182.0,9.0,161.0,9.0,500.0,500.0,500.0,500.0,407.0,108.0,500.0,9.0,500.0,212.0,286.0,500.0,500.0,500.0,500.0,86.0,500.0,500.0,139.0,415.0,10.0,500.0,500.0,500.0,500.0,500.0,9.0,194.0,500.0,255.0,500.0,500.0,184.0
859,500.0,27.0,188.0,500.0,500.0,500.0,500.0,500.0,194.0,500.0,375.0,264.0,130.0,192.0,9.0,383.0,9.0,500.0,500.0,500.0,290.0,464.0,107.0,337.0,9.0,500.0,280.0,218.0,500.0,500.0,164.0,500.0,81.0,500.0,500.0,155.0,500.0,10.0,500.0,500.0,500.0,500.0,428.0,9.0,134.0,500.0,180.0,500.0,500.0,367.0
860,389.0,27.0,201.0,500.0,500.0,359.0,500.0,500.0,194.0,500.0,500.0,193.0,132.0,187.0,9.0,294.0,9.0,500.0,500.0,500.0,500.0,304.0,108.0,500.0,9.0,500.0,340.0,284.0,500.0,500.0,454.0,500.0,78.0,500.0,500.0,270.0,272.0,10.0,500.0,500.0,500.0,500.0,490.0,9.0,152.0,500.0,231.0,500.0,500.0,397.0
861,228.0,27.0,191.0,500.0,500.0,500.0,500.0,500.0,194.0,500.0,499.0,146.0,13.0,182.0,9.0,362.0,9.0,500.0,442.0,500.0,500.0,272.0,107.0,500.0,9.0,500.0,400.0,308.0,500.0,500.0,500.0,500.0,83.0,500.0,500.0,318.0,500.0,10.0,500.0,500.0,75.0,500.0,131.0,9.0,186.0,500.0,257.0,500.0,500.0,304.0
862,339.0,27.0,191.0,500.0,500.0,309.0,500.0,500.0,194.0,500.0,431.0,170.0,138.0,194.0,9.0,166.0,9.0,500.0,500.0,500.0,352.0,500.0,108.0,500.0,9.0,500.0,420.0,230.0,500.0,500.0,500.0,500.0,86.0,500.0,500.0,248.0,500.0,10.0,500.0,500.0,45.0,500.0,322.0,9.0,202.0,500.0,264.0,500.0,500.0,405.0
863,500.0,27.0,201.0,500.0,500.0,348.0,500.0,500.0,194.0,423.0,411.0,247.0,138.0,186.0,9.0,485.0,9.0,500.0,500.0,500.0,500.0,140.0,108.0,500.0,9.0,500.0,500.0,425.0,500.0,500.0,204.0,500.0,91.0,500.0,500.0,127.0,189.0,10.0,500.0,500.0,117.0,500.0,274.0,9.0,151.0,500.0,310.0,500.0,500.0,373.0
864,316.0,27.0,197.0,500.0,500.0,296.0,500.0,500.0,194.0,500.0,500.0,246.0,144.0,187.0,9.0,242.0,9.0,500.0,410.0,500.0,158.0,500.0,108.0,500.0,9.0,500.0,500.0,280.0,500.0,500.0,343.0,500.0,88.0,500.0,500.0,129.0,500.0,10.0,500.0,500.0,43.0,500.0,500.0,9.0,131.0,500.0,237.0,500.0,500.0,385.0
865,315.0,27.0,170.0,500.0,392.0,111.0,500.0,500.0,194.0,500.0,495.0,244.0,150.0,195.0,9.0,307.0,9.0,500.0,415.0,500.0,500.0,391.0,108.0,416.0,9.0,500.0,500.0,216.0,500.0,500.0,343.0,500.0,92.0,500.0,500.0,386.0,500.0,10.0,500.0,500.0,63.0,500.0,317.0,9.0,181.0,500.0,238.0,270.0,500.0,401.0
866,500.0,27.0,177.0,500.0,500.0,500.0,500.0,500.0,194.0,500.0,500.0,410.0,159.0,197.0,9.0,352.0,9.0,500.0,500.0,500.0,452.0,453.0,109.0,327.0,9.0,500.0,500.0,284.0,500.0,500.0,193.0,500.0,118.0,500.0,500.0,88.0,500.0,10.0,500.0,500.0,500.0,500.0,267.0,9.0,235.0,500.0,288.0,182.0,500.0,500.0
867,500.0,27.0,186.0,500.0,500.0,176.0,500.0,500.0,194.0,388.0,208.0,326.0,169.0,203.0,9.0,334.0,9.0,500.0,479.0,500.0,500.0,417.0,108.0,348.0,9.0,500.0,500.0,308.0,500.0,500.0,372.0,500.0,93.0,500.0,500.0,182.0,500.0,10.0,500.0,500.0,500.0,500.0,491.0,9.0,198.0,500.0,234.0,500.0,500.0,443.0
868,231.0,27.0,168.0,500.0,500.0,303.0,500.0,500.0,194.0,500.0,384.0,151.0,177.0,198.0,9.0,385.0,9.0,500.0,346.0,500.0,265.0,336.0,109.0,381.0,9.0,500.0,500.0,431.0,500.0,500.0,200.0,500.0,120.0,500.0,500.0,146.0,500.0,10.0,500.0,500.0,500.0,500.0,374.0,9.0,311.0,500.0,239.0,500.0,500.0,418.0
869,264.0,27.0,193.0,500.0,500.0,434.0,500.0,500.0,194.0,500.0,395.0,244.0,184.0,220.0,9.0,255.0,9.0,500.0,464.0,500.0,500.0,394.0,113.0,500.0,9.0,500.0,500.0,316.0,500.0,500.0,342.0,500.0,118.0,500.0,500.0,107.0,500.0,10.0,500.0,500.0,500.0,500.0,373.0,9.0,222.0,500.0,312.0,500.0,500.0,500.0
870,425.0,27.0,199.0,500.0,500.0,232.0,500.0,500.0,194.0,422.0,252.0,218.0,194.0,207.0,9.0,393.0,9.0,500.0,428.0,500.0,500.0,315.0,113.0,500.0,9.0,500.0,500.0,330.0,500.0,500.0,228.0,500.0,121.0,500.0,500.0,113.0,500.0,10.0,500.0,500.0,500.0,500.0,106.0,9.0,204.0,500.0,289.0,500.0,500.0,358.0
871,313.0,27.0,181.0,500.0,500.0,496.0,500.0,500.0,194.0,500.0,500.0,200.0,210.0,222.0,9.0,368.0,9.0,500.0,322.0,500.0,500.0,500.0,116.0,500.0,9.0,500.0,500.0,500.0,500.0,500.0,296.0,500.0,119.0,500.0,500.0,218.0,500.0,10.0,500.0,500.0,500.0,500.0,337.0,9.0,93.0,500.0,328.0,500.0,500.0,432.0
872,300.0,27.0,205.0,500.0,500.0,136.0,500.0,500.0,194.0,500.0,372.0,443.0,234.0,218.0,9.0,371.0,9.0,500.0,358.0,500.0,500.0,500.0,115.0,500.0,9.0,500.0,500.0,500.0,500.0,500.0,500.0,500.0,120.0,500.0,500.0,203.0,400.0,10.0,500.0,500.0,500.0,500.0,335.0,9.0,31.0,500.0,203.0,500.0,500.0,426.0
873,500.0,27.0,142.0,500.0,500.0,351.0,500.0,221.0,194.0,500.0,277.0,284.0,254.0,218.0,9.0,168.0,9.0,148.0,386.0,500.0,500.0,279.0,117.0,500.0,9.0,500.0,500.0,306.0,500.0,500.0,500.0,500.0,100.0,500.0,500.0,230.0,500.0,10.0,500.0,500.0,500.0,500.0,177.0,9.0,157.0,500.0,291.0,500.0,500.0,376.0
874,500.0,27.0,185.0,500.0,500.0,167.0,500.0,500.0,194.0,500.0,140.0,232.0,288.0,234.0,9.0,197.0,9.0,500.0,393.0,500.0,500.0,335.0,126.0,500.0,9.0,500.0,500.0,372.0,500.0,500.0,206.0,500.0,119.0,500.0,500.0,285.0,500.0,10.0,500.0,500.0,500.0,500.0,417.0,9.0,195.0,500.0,293.0,500.0,500.0,421.0
875,304.0,27.0,183.0,500.0,500.0,320.0,500.0,500.0,194.0,500.0,500.0,500.0,296.0,217.0,9.0,264.0,9.0,500.0,389.0,500.0,500.0,365.0,128.0,500.0,9.0,500.0,500.0,302.0,500.0,500.0,327.0,500.0,124.0,500.0,500.0,227.0,500.0,10.0,500.0,500.0,500.0,500.0,197.0,9.0,208.0,500.0,245.0,500.0,500.0,262.0
876,255.0,27.0,175.0,500.0,500.0,252.0,500.0,500.0,194.0,483.0,237.0,439.0,329.0,249.0,9.0,500.0,9.0,500.0,318.0,500.0,500.0,355.0,132.0,500.0,9.0,500.0,500.0,369.0,244.0,500.0,500.0,500.0,127.0,500.0,500.0,272.0,500.0,10.0,500.0,500.0,500.0,500.0,363.0,9.0,96.0,500.0,350.0,500.0,500.0,189.0
877,500.0,27.0,177.0,500.0,500.0,305.0,500.0,500.0,194.0,500.0,335.0,465.0,322.0,225.0,9.0,396.0,9.0,500.0,327.0,500.0,500.0,407.0,138.0,313.0,9.0,500.0,500.0,500.0,500.0,500.0,500.0,500.0,131.0,500.0,500.0,297.0,500.0,10.0,500.0,500.0,500.0,500.0,500.0,9.0,194.0,500.0,333.0,500.0,500.0,300.0
878,500.0,27.0,140.0,500.0,500.0,195.0,500.0,390.0,194.0,500.0,219.0,186.0,291.0,250.0,9.0,349.0,9.0,500.0,337.0,500.0,379.0,282.0,140.0,392.0,9.0,500.0,500.0,303.0,500.0,500.0,500.0,500.0,124.0,500.0,500.0,167.0,500.0,10.0,500.0,500.0,500.0,500.0,447.0,9.0,135.0,500.0,327.0,500.0,500.0,360.0
879,201.0,27.0,138.0,500.0,500.0,408.0,500.0,500.0,194.0,500.0,500.0,301.0,303.0,235.0,9.0,294.0,9.0,500.0,269.0,500.0,500.0,265.0,148.0,500.0,9.0,500.0,500.0,324.0,500.0,500.0,417.0,500.0,127.0,500.0,500.0,283.0,500.0,10.0,500.0,500.0,500.0,500.0,439.0,9.0,48.0,500.0,334.0,500.0,500.0,210.0
880,500.0,27.0,138.0,500.0,500.0,500.0,500.0,500.0,194.0,500.0,281.0,242.0,310.0,218.0,9.0,116.0,9.0,500.0,314.0,500.0,500.0,500.0,149.0,500.0,9.0,500.0,500.0,363.0,500.0,500.0,500.0,500.0,125.0,500.0,500.0,157.0,405.0,10.0,500.0,500.0,500.0,500.0,351.0,9.0,136.0,500.0,412.0,500.0,500.0,251.0
881,310.0,27.0,183.0,500.0,500.0,296.0,500.0,500.0,194.0,500.0,369.0,93.0,325.0,245.0,9.0,286.0,9.0,500.0,322.0,500.0,500.0,500.0,155.0,500.0,9.0,500.0,500.0,139.0,500.0,500.0,371.0,500.0,127.0,500.0,500.0,300.0,437.0,10.0,500.0,500.0,500.0,500.0,500.0,9.0,138.0,500.0,342.0,500.0,500.0,227.0
882,481.0,27.0,170.0,500.0,500.0,217.0,500.0,500.0,194.0,500.0,341.0,456.0,336.0,247.0,9.0,243.0,9.0,500.0,269.0,500.0,500.0,398.0,157.0,500.0,9.0,500.0,500.0,189.0,500.0,500.0,332.0,500.0,127.0,234.0,500.0,180.0,500.0,10.0,500.0,427.0,500.0,500.0,297.0,9.0,202.0,500.0,337.0,500.0,500.0,219.0
883,239.0,27.0,170.0,500.0,500.0,500.0,500.0,500.0,194.0,500.0,437.0,118.0,312.0,240.0,9.0,286.0,9.0,500.0,258.0,500.0,500.0,444.0,168.0,500.0,9.0,500.0,500.0,372.0,500.0,500.0,421.0,500.0,130.0,177.0,500.0,226.0,500.0,10.0,500.0,440.0,500.0,500.0,138.0,9.0,263.0,500.0,421.0,500.0,500.0,234.0
884,500.0,27.0,178.0,500.0,500.0,302.0,500.0,500.0,194.0,500.0,368.0,387.0,285.0,250.0,9.0,123.0,9.0,500.0,305.0,500.0,500.0,113.0,172.0,500.0,9.0,500.0,500.0,373.0,500.0,500.0,119.0,500.0,132.0,500.0,500.0,311.0,500.0,10.0,500.0,500.0,500.0,500.0,237.0,9.0,225.0,500.0,361.0,500.0,500.0,258.0
885,362.0,27.0,188.0,500.0,500.0,212.0,500.0,500.0,194.0,500.0,332.0,390.0,327.0,273.0,9.0,270.0,9.0,500.0,233.0,500.0,500.0,480.0,181.0,411.0,9.0,500.0,500.0,451.0,500.0,500.0,429.0,500.0,127.0,71.0,500.0,277.0,500.0,10.0,500.0,390.0,500.0,500.0,500.0,9.0,321.0,500.0,90.0,500.0,500.0,247.0
886,275.0,27.0,184.0,500.0,500.0,353.0,500.0,500.0,194.0,500.0,441.0,330.0,325.0,234.0,9.0,428.0,9.0,500.0,312.0,500.0,500.0,500.0,187.0,500.0,9.0,500.0,500.0,298.0,500.0,500.0,500.0,500.0,133.0,500.0,500.0,260.0,500.0,10.0,500.0,434.0,500.0,500.0,190.0,9.0,165.0,500.0,377.0,500.0,500.0,281.0
887,318.0,27.0,170.0,500.0,500.0,238.0,500.0,500.0,194.0,500.0,500.0,320.0,406.0,258.0,9.0,189.0,9.0,500.0,201.0,500.0,500.0,460.0,198.0,500.0,9.0,500.0,500.0,500.0,500.0,500.0,254.0,500.0,131.0,500.0,500.0,233.0,391.0,10.0,500.0,451.0,500.0,500.0,500.0,9.0,207.0,500.0,355.0,500.0,500.0,226.0
888,500.0,27.0,189.0,500.0,500.0,350.0,500.0,500.0,194.0,500.0,274.0,247.0,392.0,249.0,9.0,430.0,9.0,500.0,210.0,500.0,500.0,500.0,201.0,500.0,9.0,500.0,500.0,500.0,500.0,500.0,500.0,500.0,134.0,500.0,500.0,103.0,500.0,10.0,500.0,341.0,500.0,500.0,482.0,9.0,173.0,500.0,171.0,500.0,500.0,200.0
889,274.0,27.0,196.0,500.0,500.0,317.0,500.0,500.0,169.0,500.0,407.0,215.0,413.0,215.0,9.0,351.0,9.0,500.0,220.0,500.0,500.0,348.0,214.0,500.0,9.0,500.0,500.0,500.0,500.0,500.0,342.0,500.0,135.0,90.0,500.0,154.0,500.0,10.0,421.0,368.0,500.0,500.0,500.0,9.0,246.0,500.0,415.0,500.0,500.0,222.0
890,237.0,27.0,189.0,500.0,500.0,267.0,500.0,500.0,194.0,500.0,404.0,258.0,398.0,227.0,9.0,202.0,9.0,500.0,219.0,500.0,500.0,500.0,211.0,500.0,9.0,500.0,500.0,500.0,500.0,500.0,500.0,500.0,135.0,500.0,500.0,203.0,500.0,10.0,500.0,376.0,500.0,500.0,334.0,9.0,180.0,500.0,319.0,500.0,500.0,265.0
891,366.0,27.0,184.0,500.0,500.0,440.0,500.0,500.0,194.0,500.0,270.0,137.0,322.0,211.0,9.0,500.0,9.0,500.0,206.0,500.0,500.0,500.0,224.0,500.0,9.0,500.0,500.0,211.0,500.0,500.0,238.0,500.0,130.0,500.0,500.0,500.0,500.0,10.0,500.0,371.0,500.0,500.0,170.0,9.0,202.0,500.0,466.0,500.0,500.0,206.0
892,500.0,27.0,177.0,500.0,500.0,275.0,500.0,500.0,194.0,500.0,361.0,458.0,342.0,235.0,9.0,220.0,9.0,500.0,187.0,500.0,500.0,423.0,231.0,500.0,9.0,500.0,500.0,259.0,500.0,500.0,500.0,500.0,137.0,500.0,500.0,173.0,500.0,10.0,500.0,410.0,500.0,500.0,500.0,9.0,256.0,500.0,393.0,500.0,500.0,219.0
893,139.0,27.0,193.0,500.0,500.0,280.0,500.0,500.0,194.0,500.0,215.0,410.0,323.0,254.0,9.0,338.0,9.0,500.0,203.0,500.0,500.0,379.0,229.0,500.0,9.0,500.0,500.0,238.0,500.0,500.0,118.0,500.0,135.0,500.0,500.0,87.0,500.0,10.0,500.0,500.0,500.0,500.0,500.0,9.0,126.0,500.0,239.0,500.0,500.0,272.0
894,272.0,27.0,178.0,500.0,500.0,419.0,500.0,500.0,192.0,500.0,377.0,350.0,295.0,230.0,9.0,201.0,9.0,500.0,215.0,500.0,500.0,500.0,232.0,500.0,9.0,500.0,500.0,355.0,500.0,500.0,343.0,500.0,136.0,500.0,500.0,173.0,500.0,10.0,500.0,500.0,500.0,500.0,113.0,9.0,169.0,500.0,380.0,500.0,500.0,190.0
895,475.0,27.0,178.0,500.0,500.0,282.0,500.0,500.0,194.0,500.0,384.0,164.0,274.0,226.0,9.0,365.0,9.0,500.0,209.0,500.0,500.0,228.0,228.0,500.0,9.0,500.0,500.0,500.0,500.0,500.0,284.0,500.0,141.0,500.0,500.0,392.0,92.0,10.0,500.0,500.0,500.0,500.0,500.0,9.0,192.0,500.0,242.0,500.0,500.0,207.0
896,208.0,27.0,180.0,500.0,500.0,343.0,500.0,500.0,175.0,500.0,282.0,458.0,247.0,247.0,9.0,305.0,9.0,500.0,175.0,500.0,500.0,500.0,225.0,500.0,9.0,500.0,500.0,322.0,500.0,500.0,446.0,500.0,143.0,500.0,500.0,139.0,285.0,10.0,500.0,500.0,500.0,500.0,234.0,9.0,161.0,500.0,373.0,500.0,500.0,299.0
897,155.0,27.0,191.0,500.0,500.0,437.0,500.0,500.0,194.0,500.0,269.0,239.0,222.0,220.0,9.0,500.0,9.0,500.0,204.0,500.0,500.0,373.0,224.0,500.0,9.0,500.0,500.0,425.0,500.0,500.0,490.0,500.0,145.0,500.0,500.0,153.0,500.0,10.0,500.0,500.0,500.0,500.0,500.0,9.0,58.0,500.0,407.0,500.0,500.0,217.0
898,500.0,27.0,224.0,500.0,500.0,437.0,500.0,500.0,194.0,500.0,366.0,116.0,204.0,276.0,9.0,202.0,9.0,500.0,180.0,500.0,342.0,277.0,224.0,500.0,9.0,500.0,500.0,307.0,486.0,500.0,363.0,500.0,141.0,500.0,500.0,474.0,500.0,10.0,500.0,500.0,500.0,500.0,244.0,9.0,229.0,500.0,427.0,500.0,500.0,235.0
899,393.0,27.0,206.0,500.0,500.0,89.0,500.0,500.0,199.0,500.0,437.0,381.0,188.0,264.0,9.0,214.0,9.0,500.0,165.0,500.0,500.0,237.0,232.0,500.0,9.0,500.0,500.0,168.0,500.0,500.0,430.0,500.0,152.0,500.0,500.0,142.0,500.0,10.0,500.0,500.0,500.0,500.0,167.0,9.0,206.0,500.0,344.0,500.0,500.0,255.0
900,229.0,27.0,223.0,500.0,500.0,410.0,500.0,500.0,175.0,500.0,209.0,314.0,171.0,243.0,9.0,500.0,9.0,500.0,195.0,500.0,500.0,268.0,227.0,500.0,9.0,500.0,500.0,500.0,500.0,500.0,321.0,500.0,211.0,500.0,500.0,202.0,500.0,10.0,500.0,500.0,500.0,500.0,370.0,9.0,193.0,500.0,367.0,500.0,500.0,233.0
901,150.0,27.0,230.0,500.0,500.0,331.0,500.0,500.0,199.0,500.0,304.0,253.0,143.0,278.0,9.0,400.0,9.0,500.0,188.0,500.0,406.0,378.0,229.0,500.0,9.0,500.0,500.0,500.0,500.0,500.0,361.0,500.0,155.0,500.0,500.0,105.0,500.0,10.0,500.0,500.0,500.0,500.0,500.0,9.0,102.0,500.0,366.0,500.0,500.0,275.0
902,146.0,27.0,233.0,500.0,500.0,180.0,500.0,500.0,199.0,500.0,500.0,500.0,124.0,256.0,9.0,257.0,9.0,500.0,181.0,500.0,227.0,167.0,233.0,500.0,9.0,500.0,500.0,487.0,500.0,500.0,490.0,500.0,156.0,500.0,500.0,236.0,500.0,10.0,500.0,500.0,500.0,500.0,225.0,9.0,169.0,500.0,385.0,500.0,500.0,368.0
903,128.0,27.0,235.0,500.0,500.0,183.0,500.0,500.0,194.0,500.0,279.0,217.0,112.0,274.0,9.0,212.0,9.0,500.0,212.0,500.0,500.0,180.0,240.0,500.0,9.0,500.0,500.0,500.0,500.0,500.0,500.0,500.0,161.0,500.0,500.0,313.0,163.0,10.0,500.0,500.0,500.0,500.0,402.0,9.0,215.0,500.0,379.0,500.0,500.0,202.0
904,177.0,27.0,231.0,500.0,500.0,342.0,500.0,500.0,199.0,500.0,288.0,265.0,103.0,255.0,9.0,221.0,9.0,500.0,205.0,500.0,500.0,355.0,244.0,500.0,9.0,500.0,500.0,450.0,500.0,500.0,500.0,500.0,165.0,500.0,500.0,479.0,500.0,10.0,500.0,500.0,500.0,500.0,500.0,9.0,171.0,500.0,500.0,500.0,500.0,244.0
905,235.0,27.0,238.0,500.0,500.0,237.0,500.0,500.0,199.0,500.0,408.0,271.0,102.0,258.0,9.0,362.0,9.0,500.0,182.0,500.0,500.0,231.0,256.0,500.0,9.0,500.0,500.0,281.0,500.0,500.0,344.0,500.0,236.0,500.0,500.0,245.0,500.0,10.0,500.0,500.0,500.0,500.0,295.0,9.0,154.0,500.0,235.0,500.0,500.0,291.0
906,340.0,27.0,266.0,500.0,500.0,500.0,500.0,500.0,199.0,500.0,495.0,139.0,101.0,282.0,9.0,383.0,9.0,500.0,190.0,500.0,500.0,500.0,275.0,500.0,9.0,500.0,500.0,139.0,500.0,500.0,451.0,500.0,170.0,500.0,500.0,298.0,500.0,10.0,500.0,500.0,500.0,500.0,391.0,9.0,158.0,500.0,457.0,500.0,500.0,233.0
907,257.0,27.0,273.0,500.0,500.0,203.0,500.0,500.0,199.0,500.0,259.0,228.0,101.0,257.0,9.0,482.0,9.0,500.0,193.0,500.0,300.0,381.0,288.0,500.0,9.0,500.0,500.0,500.0,143.0,500.0,500.0,500.0,174.0,500.0,500.0,136.0,344.0,10.0,500.0,500.0,500.0,500.0,500.0,9.0,176.0,500.0,492.0,500.0,500.0,268.0
908,406.0,27.0,286.0,500.0,500.0,219.0,497.0,500.0,199.0,500.0,202.0,500.0,96.0,266.0,9.0,215.0,9.0,500.0,152.0,500.0,500.0,175.0,303.0,500.0,9.0,500.0,500.0,226.0,500.0,500.0,500.0,500.0,210.0,500.0,500.0,312.0,500.0,10.0,500.0,500.0,500.0,500.0,500.0,9.0,56.0,500.0,479.0,500.0,500.0,302.0
909,249.0,27.0,324.0,500.0,500.0,222.0,424.0,500.0,199.0,500.0,371.0,341.0,101.0,269.0,9.0,313.0,9.0,500.0,207.0,500.0,500.0,358.0,305.0,500.0,9.0,500.0,500.0,500.0,500.0,500.0,177.0,500.0,171.0,500.0,500.0,228.0,500.0,10.0,500.0,500.0,500.0,500.0,352.0,9.0,150.0,500.0,478.0,500.0,500.0,277.0
910,236.0,27.0,359.0,500.0,500.0,186.0,500.0,500.0,199.0,500.0,376.0,186.0,101.0,267.0,9.0,245.0,9.0,500.0,157.0,500.0,500.0,470.0,297.0,500.0,9.0,500.0,500.0,340.0,500.0,500.0,351.0,500.0,172.0,500.0,500.0,226.0,445.0,10.0,500.0,500.0,500.0,500.0,216.0,9.0,126.0,500.0,484.0,500.0,500.0,270.0
911,204.0,27.0,98.0,500.0,435.0,218.0,500.0,500.0,199.0,500.0,288.0,500.0,104.0,257.0,9.0,210.0,9.0,500.0,218.0,500.0,500.0,334.0,298.0,500.0,9.0,500.0,500.0,206.0,500.0,500.0,500.0,500.0,173.0,500.0,500.0,380.0,79.0,10.0,500.0,500.0,500.0,500.0,500.0,9.0,145.0,500.0,305.0,500.0,500.0,325.0
912,477.0,27.0,95.0,500.0,500.0,375.0,500.0,500.0,199.0,500.0,428.0,293.0,107.0,276.0,9.0,312.0,9.0,500.0,209.0,500.0,500.0,231.0,339.0,500.0,9.0,500.0,500.0,298.0,500.0,500.0,315.0,500.0,186.0,500.0,500.0,377.0,500.0,10.0,500.0,455.0,500.0,500.0,344.0,9.0,77.0,500.0,390.0,500.0,500.0,406.0
913,119.0,27.0,92.0,500.0,500.0,345.0,500.0,500.0,199.0,500.0,263.0,166.0,107.0,297.0,9.0,343.0,9.0,500.0,204.0,500.0,500.0,340.0,324.0,500.0,9.0,500.0,500.0,142.0,500.0,500.0,369.0,500.0,169.0,500.0,500.0,118.0,491.0,10.0,500.0,500.0,500.0,500.0,376.0,9.0,56.0,500.0,500.0,500.0,500.0,359.0
914,306.0,27.0,71.0,500.0,500.0,344.0,500.0,500.0,199.0,500.0,205.0,500.0,106.0,250.0,9.0,500.0,9.0,500.0,226.0,500.0,500.0,498.0,326.0,500.0,9.0,500.0,500.0,412.0,500.0,500.0,282.0,500.0,162.0,500.0,500.0,281.0,500.0,10.0,500.0,500.0,500.0,500.0,473.0,9.0,157.0,500.0,169.0,500.0,500.0,367.0
915,500.0,27.0,71.0,500.0,475.0,357.0,500.0,500.0,199.0,500.0,234.0,386.0,110.0,263.0,9.0,132.0,9.0,468.0,232.0,500.0,500.0,293.0,333.0,500.0,9.0,500.0,500.0,373.0,500.0,500.0,294.0,500.0,165.0,500.0,500.0,214.0,89.0,10.0,500.0,500.0,500.0,500.0,319.0,9.0,205.0,500.0,75.0,500.0,500.0,359.0
916,109.0,27.0,78.0,500.0,500.0,367.0,500.0,500.0,199.0,500.0,234.0,456.0,111.0,251.0,9.0,231.0,9.0,500.0,199.0,500.0,500.0,500.0,397.0,500.0,9.0,500.0,500.0,491.0,500.0,500.0,500.0,500.0,166.0,500.0,500.0,87.0,473.0,10.0,500.0,500.0,500.0,500.0,172.0,9.0,204.0,500.0,378.0,500.0,500.0,359.0
917,145.0,27.0,94.0,500.0,500.0,402.0,412.0,500.0,199.0,500.0,419.0,141.0,111.0,266.0,9.0,415.0,9.0,500.0,198.0,500.0,369.0,359.0,426.0,500.0,9.0,500.0,500.0,290.0,500.0,500.0,500.0,500.0,308.0,500.0,500.0,193.0,395.0,10.0,500.0,500.0,500.0,500.0,257.0,9.0,155.0,500.0,490.0,500.0,500.0,442.0
918,286.0,27.0,98.0,500.0,500.0,371.0,500.0,500.0,199.0,500.0,434.0,274.0,112.0,274.0,9.0,500.0,9.0,500.0,210.0,500.0,500.0,322.0,417.0,500.0,9.0,500.0,500.0,241.0,500.0,500.0,192.0,500.0,161.0,500.0,500.0,157.0,419.0,10.0,500.0,500.0,500.0,500.0,500.0,9.0,56.0,500.0,493.0,500.0,500.0,500.0
919,497.0,27.0,94.0,500.0,500.0,291.0,500.0,500.0,199.0,408.0,309.0,221.0,117.0,256.0,9.0,403.0,9.0,500.0,204.0,500.0,500.0,414.0,357.0,500.0,9.0,500.0,500.0,328.0,500.0,500.0,192.0,500.0,165.0,500.0,500.0,194.0,417.0,10.0,500.0,500.0,500.0,500.0,159.0,9.0,168.0,500.0,500.0,500.0,500.0,452.0
920,500.0,27.0,110.0,500.0,286.0,500.0,500.0,500.0,199.0,374.0,218.0,250.0,115.0,251.0,9.0,209.0,9.0,500.0,191.0,500.0,500.0,500.0,442.0,500.0,9.0,500.0,500.0,121.0,481.0,500.0,500.0,500.0,223.0,500.0,500.0,345.0,403.0,10.0,500.0,500.0,500.0,500.0,500.0,9.0,205.0,500.0,357.0,500.0,500.0,443.0
921,289.0,27.0,123.0,500.0,500.0,276.0,472.0,500.0,199.0,500.0,500.0,230.0,123.0,260.0,9.0,398.0,9.0,500.0,188.0,500.0,500.0,500.0,448.0,500.0,9.0,500.0,500.0,500.0,500.0,500.0,500.0,500.0,164.0,500.0,500.0,136.0,493.0,10.0,500.0,500.0,500.0,500.0,500.0,9.0,166.0,500.0,459.0,500.0,500.0,500.0
922,264.0,27.0,134.0,500.0,500.0,341.0,500.0,500.0,199.0,500.0,401.0,293.0,127.0,265.0,9.0,398.0,9.0,500.0,209.0,500.0,443.0,265.0,491.0,500.0,9.0,500.0,500.0,309.0,500.0,500.0,248.0,500.0,169.0,453.0,500.0,157.0,486.0,10.0,500.0,478.0,500.0,500.0,302.0,9.0,230.0,500.0,491.0,500.0,500.0,500.0
923,500.0,27.0,159.0,500.0,500.0,309.0,500.0,500.0,199.0,500.0,289.0,241.0,126.0,247.0,9.0,340.0,9.0,500.0,164.0,500.0,500.0,345.0,500.0,500.0,9.0,500.0,500.0,496.0,500.0,500.0,500.0,500.0,166.0,420.0,500.0,302.0,455.0,10.0,500.0,500.0,500.0,500.0,500.0,9.0,131.0,500.0,446.0,500.0,500.0,499.0
924,500.0,27.0,477.0,500.0,500.0,460.0,500.0,500.0,199.0,500.0,333.0,270.0,129.0,261.0,9.0,204.0,9.0,500.0,182.0,500.0,500.0,294.0,500.0,500.0,9.0,500.0,500.0,264.0,500.0,500.0,176.0,500.0,169.0,361.0,500.0,301.0,453.0,10.0,500.0,438.0,500.0,500.0,458.0,9.0,154.0,500.0,130.0,500.0,500.0,500.0
925,197.0,27.0,421.0,500.0,500.0,232.0,500.0,500.0,199.0,500.0,216.0,238.0,123.0,228.0,9.0,202.0,9.0,500.0,180.0,500.0,361.0,500.0,500.0,500.0,9.0,500.0,500.0,468.0,500.0,500.0,488.0,500.0,171.0,332.0,500.0,266.0,455.0,10.0,500.0,461.0,500.0,500.0,500.0,9.0,165.0,500.0,500.0,500.0,500.0,500.0
926,476.0,27.0,156.0,500.0,500.0,359.0,500.0,500.0,199.0,436.0,144.0,283.0,131.0,242.0,9.0,143.0,9.0,500.0,168.0,500.0,500.0,328.0,500.0,500.0,9.0,500.0,500.0,259.0,500.0,500.0,500.0,500.0,236.0,282.0,500.0,447.0,499.0,10.0,500.0,450.0,500.0,500.0,338.0,9.0,209.0,500.0,500.0,500.0,500.0,500.0
927,448.0,27.0,166.0,500.0,500.0,159.0,500.0,500.0,199.0,390.0,500.0,152.0,149.0,250.0,9.0,500.0,9.0,500.0,139.0,500.0,404.0,213.0,500.0,500.0,9.0,500.0,500.0,443.0,500.0,500.0,462.0,500.0,186.0,301.0,500.0,264.0,366.0,10.0,500.0,322.0,500.0,500.0,314.0,9.0,157.0,500.0,500.0,500.0,500.0,500.0
928,477.0,27.0,389.0,500.0,500.0,343.0,500.0,500.0,199.0,500.0,480.0,498.0,128.0,229.0,9.0,460.0,9.0,500.0,172.0,500.0,500.0,500.0,500.0,500.0,9.0,500.0,500.0,119.0,500.0,500.0,389.0,500.0,144.0,297.0,500.0,121.0,456.0,10.0,500.0,500.0,500.0,500.0,329.0,9.0,299.0,500.0,466.0,500.0,500.0,500.0
929,303.0,27.0,178.0,500.0,500.0,256.0,500.0,500.0,199.0,380.0,365.0,406.0,156.0,230.0,9.0,500.0,9.0,500.0,172.0,500.0,500.0,370.0,500.0,500.0,9.0,500.0,500.0,307.0,500.0,500.0,500.0,500.0,137.0,302.0,500.0,353.0,363.0,10.0,500.0,500.0,500.0,500.0,304.0,9.0,272.0,500.0,500.0,500.0,500.0,500.0
930,500.0,27.0,399.0,500.0,454.0,200.0,500.0,500.0,199.0,500.0,413.0,126.0,142.0,211.0,9.0,202.0,9.0,500.0,158.0,500.0,500.0,456.0,500.0,500.0,9.0,500.0,500.0,500.0,500.0,500.0,349.0,500.0,132.0,250.0,500.0,165.0,500.0,10.0,500.0,500.0,500.0,500.0,226.0,9.0,97.0,500.0,500.0,500.0,500.0,500.0
931,229.0,27.0,149.0,500.0,500.0,355.0,500.0,500.0,199.0,491.0,431.0,264.0,172.0,240.0,9.0,292.0,9.0,500.0,183.0,500.0,500.0,427.0,500.0,500.0,9.0,500.0,500.0,316.0,500.0,500.0,327.0,500.0,134.0,284.0,500.0,150.0,500.0,10.0,500.0,319.0,500.0,500.0,425.0,9.0,375.0,500.0,454.0,500.0,500.0,500.0
932,500.0,27.0,388.0,500.0,500.0,323.0,500.0,500.0,199.0,325.0,444.0,190.0,186.0,217.0,9.0,191.0,9.0,500.0,162.0,500.0,500.0,363.0,500.0,450.0,9.0,500.0,500.0,500.0,500.0,500.0,178.0,500.0,144.0,244.0,500.0,302.0,500.0,10.0,500.0,500.0,500.0,500.0,349.0,9.0,226.0,500.0,388.0,500.0,500.0,500.0
933,398.0,27.0,354.0,500.0,500.0,406.0,500.0,500.0,199.0,500.0,230.0,113.0,199.0,224.0,9.0,109.0,9.0,500.0,168.0,500.0,500.0,500.0,500.0,500.0,9.0,500.0,500.0,295.0,500.0,500.0,213.0,500.0,119.0,239.0,500.0,136.0,332.0,10.0,500.0,500.0,500.0,500.0,223.0,9.0,43.0,500.0,292.0,500.0,500.0,500.0
934,185.0,27.0,335.0,500.0,500.0,256.0,500.0,500.0,199.0,500.0,417.0,360.0,193.0,213.0,9.0,289.0,9.0,500.0,207.0,500.0,500.0,280.0,500.0,500.0,9.0,500.0,500.0,318.0,500.0,500.0,500.0,500.0,125.0,266.0,500.0,193.0,361.0,10.0,500.0,500.0,500.0,500.0,356.0,9.0,264.0,500.0,457.0,500.0,500.0,500.0
935,451.0,27.0,382.0,500.0,500.0,420.0,500.0,500.0,199.0,500.0,352.0,500.0,201.0,233.0,9.0,249.0,9.0,500.0,166.0,500.0,500.0,439.0,500.0,500.0,9.0,500.0,500.0,500.0,500.0,500.0,394.0,500.0,129.0,342.0,500.0,269.0,379.0,10.0,500.0,400.0,500.0,500.0,364.0,9.0,175.0,500.0,134.0,500.0,500.0,500.0
936,294.0,27.0,354.0,500.0,500.0,500.0,500.0,500.0,199.0,411.0,420.0,271.0,209.0,216.0,9.0,296.0,9.0,500.0,179.0,500.0,500.0,331.0,500.0,500.0,9.0,500.0,500.0,316.0,500.0,500.0,373.0,130.0,124.0,421.0,500.0,119.0,500.0,10.0,500.0,458.0,500.0,500.0,281.0,9.0,62.0,500.0,500.0,500.0,500.0,500.0
937,500.0,27.0,395.0,500.0,500.0,361.0,500.0,500.0,199.0,500.0,288.0,214.0,198.0,210.0,9.0,221.0,9.0,500.0,186.0,500.0,500.0,377.0,500.0,500.0,9.0,500.0,500.0,167.0,500.0,500.0,228.0,500.0,131.0,476.0,500.0,213.0,499.0,10.0,500.0,500.0,500.0,500.0,468.0,9.0,146.0,500.0,173.0,500.0,500.0,500.0
938,429.0,27.0,162.0,500.0,500.0,181.0,500.0,500.0,199.0,500.0,417.0,271.0,194.0,224.0,9.0,303.0,9.0,500.0,190.0,500.0,500.0,210.0,500.0,500.0,9.0,500.0,500.0,212.0,500.0,500.0,489.0,500.0,131.0,500.0,500.0,285.0,500.0,10.0,500.0,469.0,500.0,500.0,400.0,9.0,339.0,500.0,414.0,500.0,500.0,500.0
939,256.0,27.0,212.0,500.0,500.0,500.0,500.0,500.0,199.0,500.0,500.0,151.0,181.0,207.0,9.0,319.0,9.0,500.0,184.0,500.0,500.0,489.0,500.0,500.0,9.0,500.0,500.0,123.0,500.0,500.0,348.0,500.0,135.0,500.0,500.0,280.0,249.0,10.0,500.0,473.0,500.0,500.0,500.0,9.0,159.0,500.0,424.0,500.0,500.0,500.0
940,172.0,27.0,156.0,500.0,500.0,327.0,500.0,500.0,199.0,500.0,500.0,307.0,162.0,212.0,9.0,203.0,9.0,500.0,194.0,500.0,500.0,267.0,500.0,500.0,9.0,500.0,500.0,245.0,500.0,500.0,500.0,500.0,126.0,500.0,500.0,132.0,500.0,10.0,500.0,500.0,500.0,500.0,283.0,9.0,47.0,500.0,286.0,500.0,500.0,500.0
941,427.0,27.0,140.0,500.0,500.0,500.0,500.0,500.0,199.0,500.0,285.0,249.0,134.0,217.0,9.0,275.0,9.0,500.0,194.0,500.0,500.0,260.0,500.0,500.0,9.0,500.0,500.0,301.0,500.0,500.0,500.0,500.0,126.0,500.0,500.0,249.0,500.0,10.0,500.0,500.0,500.0,500.0,197.0,9.0,151.0,500.0,416.0,500.0,500.0,500.0
942,415.0,27.0,104.0,500.0,500.0,362.0,500.0,500.0,199.0,500.0,456.0,183.0,139.0,208.0,9.0,379.0,9.0,500.0,148.0,500.0,500.0,225.0,500.0,500.0,9.0,500.0,500.0,321.0,500.0,500.0,431.0,500.0,165.0,500.0,500.0,114.0,500.0,10.0,500.0,480.0,500.0,500.0,380.0,9.0,18.0,500.0,472.0,500.0,500.0,500.0
943,475.0,27.0,118.0,500.0,500.0,312.0,500.0,500.0,199.0,500.0,344.0,500.0,142.0,212.0,9.0,363.0,9.0,500.0,174.0,500.0,500.0,424.0,500.0,500.0,9.0,500.0,500.0,489.0,500.0,500.0,334.0,500.0,143.0,500.0,500.0,170.0,441.0,10.0,360.0,500.0,500.0,500.0,353.0,9.0,146.0,500.0,387.0,500.0,500.0,500.0
944,500.0,27.0,106.0,500.0,500.0,488.0,500.0,500.0,199.0,500.0,431.0,371.0,129.0,212.0,9.0,383.0,9.0,500.0,198.0,500.0,500.0,500.0,500.0,500.0,9.0,500.0,500.0,205.0,500.0,500.0,500.0,500.0,257.0,500.0,500.0,177.0,480.0,10.0,500.0,500.0,500.0,500.0,500.0,9.0,160.0,500.0,311.0,500.0,500.0,500.0
945,500.0,27.0,106.0,500.0,500.0,468.0,500.0,500.0,199.0,500.0,462.0,339.0,142.0,205.0,9.0,340.0,9.0,500.0,180.0,500.0,500.0,403.0,500.0,500.0,9.0,500.0,500.0,500.0,500.0,500.0,171.0,500.0,137.0,500.0,500.0,173.0,500.0,10.0,500.0,500.0,500.0,500.0,318.0,9.0,267.0,500.0,456.0,500.0,205.0,500.0
946,500.0,27.0,97.0,500.0,500.0,305.0,500.0,500.0,199.0,500.0,500.0,317.0,125.0,209.0,9.0,259.0,9.0,500.0,180.0,500.0,500.0,442.0,500.0,500.0,9.0,500.0,500.0,126.0,500.0,500.0,392.0,500.0,146.0,500.0,500.0,127.0,500.0,10.0,500.0,395.0,500.0,500.0,288.0,9.0,331.0,500.0,433.0,500.0,500.0,500.0
947,483.0,27.0,89.0,500.0,500.0,269.0,500.0,500.0,199.0,500.0,497.0,246.0,123.0,211.0,9.0,431.0,9.0,500.0,196.0,500.0,500.0,416.0,500.0,500.0,9.0,500.0,500.0,500.0,500.0,500.0,171.0,500.0,138.0,500.0,500.0,196.0,500.0,10.0,500.0,500.0,500.0,500.0,373.0,9.0,112.0,500.0,392.0,500.0,500.0,500.0
948,422.0,27.0,75.0,500.0,500.0,369.0,500.0,500.0,199.0,500.0,500.0,134.0,126.0,213.0,9.0,337.0,9.0,500.0,166.0,500.0,500.0,500.0,500.0,500.0,9.0,500.0,500.0,256.0,500.0,500.0,500.0,500.0,155.0,500.0,500.0,342.0,500.0,10.0,500.0,500.0,500.0,500.0,319.0,9.0,115.0,500.0,386.0,500.0,500.0,500.0
949,489.0,27.0,73.0,500.0,500.0,232.0,500.0,500.0,199.0,333.0,500.0,112.0,118.0,205.0,9.0,269.0,9.0,500.0,173.0,500.0,500.0,500.0,500.0,500.0,9.0,500.0,500.0,396.0,500.0,500.0,459.0,500.0,138.0,500.0,500.0,290.0,500.0,10.0,500.0,500.0,500.0,500.0,307.0,9.0,372.0,500.0,428.0,500.0,500.0,500.0
950,473.0,27.0,65.0,500.0,500.0,500.0,500.0,500.0,199.0,500.0,500.0,128.0,120.0,210.0,9.0,500.0,9.0,500.0,165.0,500.0,500.0,347.0,500.0,500.0,9.0,500.0,500.0,236.0,500.0,500.0,500.0,500.0,146.0,500.0,500.0,213.0,500.0,10.0,500.0,500.0,500.0,500.0,237.0,9.0,159.0,500.0,274.0,500.0,500.0,500.0
951,500.0,27.0,60.0,500.0,500.0,385.0,500.0,500.0,199.0,500.0,500.0,245.0,114.0,222.0,9.0,279.0,9.0,500.0,174.0,500.0,500.0,500.0,500.0,500.0,9.0,500.0,500.0,426.0,500.0,500.0,500.0,500.0,131.0,500.0,500.0,50.0,500.0,10.0,500.0,399.0,500.0,500.0,422.0,9.0,236.0,500.0,456.0,500.0,500.0,500.0
952,500.0,27.0,52.0,500.0,500.0,358.0,500.0,500.0,199.0,500.0,343.0,347.0,113.0,216.0,9.0,471.0,9.0,500.0,136.0,500.0,500.0,243.0,500.0,500.0,9.0,500.0,500.0,253.0,500.0,500.0,500.0,500.0,127.0,500.0,500.0,137.0,500.0,10.0,500.0,500.0,500.0,500.0,500.0,9.0,239.0,500.0,483.0,500.0,500.0,500.0
953,211.0,27.0,45.0,91.0,500.0,395.0,500.0,500.0,199.0,500.0,201.0,225.0,106.0,204.0,9.0,338.0,9.0,500.0,161.0,500.0,500.0,500.0,500.0,149.0,9.0,500.0,500.0,252.0,500.0,500.0,364.0,500.0,127.0,500.0,500.0,151.0,308.0,10.0,500.0,500.0,500.0,500.0,451.0,9.0,338.0,500.0,398.0,500.0,500.0,500.0
954,458.0,27.0,37.0,500.0,500.0,251.0,500.0,441.0,199.0,500.0,500.0,207.0,109.0,202.0,9.0,220.0,9.0,500.0,145.0,500.0,500.0,272.0,500.0,500.0,9.0,500.0,500.0,500.0,500.0,500.0,500.0,500.0,147.0,500.0,500.0,227.0,500.0,10.0,500.0,500.0,500.0,500.0,287.0,9.0,245.0,500.0,399.0,500.0,500.0,500.0
955,500.0,27.0,40.0,500.0,500.0,232.0,500.0,500.0,194.0,500.0,500.0,500.0,102.0,184.0,9.0,426.0,9.0,500.0,155.0,500.0,500.0,500.0,500.0,500.0,9.0,500.0,500.0,332.0,500.0,500.0,500.0,500.0,135.0,500.0,500.0,271.0,500.0,10.0,500.0,500.0,500.0,500.0,261.0,9.0,184.0,500.0,325.0,500.0,500.0,500.0
956,165.0,27.0,37.0,93.0,500.0,500.0,500.0,500.0,199.0,500.0,281.0,323.0,103.0,207.0,9.0,500.0,9.0,500.0,135.0,500.0,229.0,500.0,500.0,500.0,9.0,500.0,500.0,236.0,500.0,500.0,500.0,500.0,139.0,500.0,500.0,195.0,500.0,10.0,500.0,500.0,500.0,500.0,453.0,9.0,219.0,500.0,500.0,500.0,500.0,500.0
957,361.0,27.0,37.0,500.0,500.0,407.0,500.0,500.0,199.0,500.0,328.0,313.0,103.0,199.0,9.0,280.0,9.0,500.0,157.0,500.0,500.0,500.0,500.0,500.0,9.0,500.0,500.0,257.0,500.0,500.0,371.0,500.0,146.0,500.0,500.0,341.0,500.0,10.0,500.0,500.0,500.0,500.0,469.0,9.0,286.0,500.0,392.0,500.0,500.0,500.0
958,437.0,27.0,40.0,500.0,500.0,105.0,500.0,500.0,194.0,500.0,421.0,224.0,100.0,177.0,9.0,483.0,9.0,500.0,157.0,500.0,500.0,415.0,500.0,500.0,9.0,500.0,477.0,335.0,500.0,500.0,350.0,500.0,152.0,500.0,500.0,191.0,500.0,10.0,500.0,500.0,500.0,500.0,500.0,9.0,153.0,500.0,272.0,500.0,500.0,500.0
959,329.0,27.0,43.0,500.0,500.0,342.0,500.0,500.0,194.0,500.0,230.0,234.0,101.0,180.0,9.0,296.0,9.0,500.0,168.0,500.0,500.0,500.0,500.0,500.0,9.0,500.0,428.0,218.0,500.0,500.0,363.0,500.0,143.0,500.0,500.0,347.0,500.0,10.0,500.0,500.0,500.0,364.0,145.0,9.0,165.0,500.0,199.0,500.0,500.0,500.0
960,381.0,27.0,43.0,500.0,500.0,500.0,500.0,500.0,194.0,500.0,500.0,170.0,102.0,190.0,9.0,500.0,9.0,500.0,123.0,500.0,500.0,432.0,500.0,500.0,9.0,500.0,435.0,500.0,500.0,500.0,500.0,500.0,178.0,500.0,500.0,128.0,500.0,10.0,500.0,500.0,500.0,500.0,303.0,9.0,192.0,500.0,405.0,500.0,424.0,500.0
961,500.0,27.0,47.0,500.0,500.0,268.0,500.0,500.0,194.0,500.0,500.0,252.0,97.0,205.0,9.0,414.0,9.0,500.0,127.0,500.0,500.0,403.0,500.0,500.0,9.0,500.0,498.0,363.0,500.0,500.0,500.0,500.0,207.0,500.0,500.0,139.0,500.0,10.0,500.0,500.0,500.0,500.0,420.0,9.0,136.0,500.0,450.0,500.0,500.0,500.0
962,386.0,27.0,43.0,500.0,500.0,287.0,500.0,500.0,194.0,500.0,377.0,275.0,95.0,197.0,9.0,121.0,9.0,500.0,123.0,500.0,500.0,329.0,500.0,500.0,9.0,500.0,442.0,315.0,500.0,500.0,344.0,500.0,213.0,500.0,500.0,385.0,274.0,10.0,500.0,500.0,500.0,500.0,264.0,9.0,179.0,500.0,424.0,500.0,500.0,500.0
963,450.0,27.0,49.0,500.0,500.0,254.0,500.0,500.0,194.0,500.0,500.0,183.0,94.0,174.0,9.0,271.0,9.0,500.0,120.0,500.0,500.0,500.0,500.0,500.0,9.0,500.0,500.0,311.0,500.0,500.0,211.0,500.0,165.0,500.0,500.0,386.0,500.0,10.0,500.0,500.0,500.0,500.0,166.0,9.0,247.0,500.0,455.0,500.0,500.0,468.0
964,425.0,27.0,55.0,500.0,500.0,500.0,500.0,500.0,194.0,500.0,182.0,444.0,95.0,197.0,9.0,381.0,9.0,500.0,128.0,500.0,500.0,500.0,500.0,500.0,9.0,500.0,500.0,288.0,500.0,500.0,500.0,500.0,245.0,500.0,500.0,310.0,500.0,10.0,500.0,500.0,500.0,500.0,199.0,9.0,181.0,500.0,406.0,500.0,500.0,500.0
965,500.0,27.0,61.0,500.0,500.0,166.0,500.0,500.0,194.0,500.0,459.0,267.0,35.0,181.0,9.0,442.0,9.0,500.0,114.0,500.0,500.0,259.0,500.0,500.0,9.0,500.0,500.0,500.0,500.0,500.0,500.0,500.0,201.0,500.0,500.0,226.0,500.0,10.0,500.0,500.0,500.0,500.0,428.0,9.0,57.0,500.0,290.0,500.0,500.0,500.0
966,203.0,27.0,66.0,500.0,500.0,177.0,500.0,500.0,194.0,500.0,500.0,333.0,35.0,177.0,9.0,500.0,9.0,500.0,127.0,500.0,500.0,129.0,500.0,500.0,9.0,500.0,500.0,342.0,500.0,500.0,293.0,500.0,266.0,500.0,500.0,169.0,500.0,10.0,500.0,500.0,500.0,500.0,394.0,9.0,177.0,500.0,397.0,500.0,500.0,420.0
967,274.0,27.0,73.0,500.0,500.0,500.0,500.0,500.0,194.0,500.0,204.0,200.0,32.0,200.0,9.0,455.0,9.0,500.0,136.0,500.0,500.0,195.0,500.0,500.0,9.0,500.0,500.0,500.0,500.0,500.0,435.0,500.0,202.0,500.0,500.0,150.0,500.0,10.0,500.0,500.0,500.0,500.0,150.0,9.0,152.0,500.0,375.0,500.0,500.0,321.0
968,238.0,27.0,80.0,500.0,500.0,295.0,500.0,500.0,192.0,500.0,500.0,212.0,94.0,192.0,9.0,324.0,9.0,500.0,117.0,500.0,500.0,294.0,500.0,500.0,9.0,500.0,500.0,495.0,500.0,500.0,500.0,500.0,157.0,500.0,500.0,192.0,500.0,10.0,500.0,500.0,500.0,500.0,241.0,9.0,197.0,500.0,268.0,500.0,500.0,478.0
969,473.0,27.0,88.0,500.0,500.0,324.0,500.0,500.0,194.0,500.0,487.0,229.0,97.0,195.0,9.0,230.0,9.0,500.0,121.0,500.0,500.0,500.0,500.0,500.0,9.0,500.0,500.0,127.0,500.0,500.0,453.0,500.0,202.0,500.0,500.0,232.0,500.0,10.0,500.0,500.0,500.0,500.0,329.0,9.0,142.0,500.0,157.0,500.0,500.0,500.0
970,152.0,27.0,88.0,500.0,500.0,418.0,500.0,500.0,194.0,500.0,500.0,282.0,97.0,181.0,9.0,129.0,9.0,500.0,125.0,500.0,500.0,439.0,500.0,500.0,9.0,500.0,500.0,415.0,500.0,500.0,324.0,500.0,158.0,500.0,500.0,416.0,500.0,10.0,500.0,500.0,500.0,500.0,282.0,9.0,394.0,500.0,485.0,500.0,500.0,448.0
971,500.0,27.0,95.0,500.0,500.0,396.0,500.0,500.0,194.0,500.0,393.0,191.0,97.0,198.0,9.0,139.0,9.0,500.0,123.0,500.0,500.0,415.0,500.0,500.0,9.0,500.0,500.0,427.0,500.0,500.0,398.0,500.0,192.0,500.0,500.0,199.0,500.0,10.0,500.0,500.0,500.0,500.0,500.0,9.0,189.0,500.0,255.0,500.0,500.0,341.0
972,225.0,27.0,108.0,500.0,500.0,365.0,500.0,500.0,192.0,500.0,389.0,500.0,98.0,191.0,9.0,500.0,9.0,500.0,148.0,500.0,500.0,500.0,500.0,500.0,9.0,500.0,390.0,230.0,500.0,500.0,495.0,500.0,367.0,500.0,500.0,183.0,500.0,10.0,500.0,500.0,500.0,500.0,273.0,9.0,275.0,500.0,407.0,500.0,500.0,424.0
973,500.0,27.0,136.0,500.0,500.0,453.0,500.0,500.0,194.0,500.0,500.0,318.0,100.0,197.0,9.0,343.0,9.0,500.0,112.0,500.0,500.0,499.0,500.0,500.0,9.0,500.0,500.0,303.0,500.0,500.0,500.0,500.0,190.0,500.0,500.0,304.0,500.0,10.0,500.0,500.0,500.0,500.0,500.0,9.0,299.0,500.0,398.0,500.0,500.0,491.0
974,376.0,27.0,122.0,500.0,500.0,270.0,500.0,500.0,194.0,500.0,500.0,276.0,95.0,221.0,9.0,229.0,9.0,500.0,136.0,500.0,500.0,480.0,500.0,500.0,9.0,38.0,392.0,283.0,500.0,500.0,144.0,500.0,182.0,500.0,500.0,220.0,500.0,10.0,500.0,500.0,500.0,500.0,142.0,9.0,315.0,500.0,454.0,500.0,500.0,500.0
975,500.0,27.0,158.0,500.0,500.0,407.0,500.0,500.0,192.0,500.0,262.0,246.0,98.0,200.0,9.0,301.0,9.0,500.0,124.0,500.0,500.0,329.0,500.0,500.0,9.0,500.0,459.0,450.0,500.0,500.0,500.0,500.0,177.0,500.0,500.0,177.0,500.0,10.0,500.0,500.0,500.0,500.0,293.0,9.0,330.0,500.0,207.0,500.0,500.0,500.0
976,500.0,27.0,186.0,500.0,500.0,299.0,500.0,500.0,194.0,500.0,379.0,488.0,98.0,181.0,9.0,301.0,9.0,500.0,142.0,500.0,500.0,403.0,500.0,500.0,9.0,500.0,466.0,308.0,500.0,500.0,500.0,500.0,158.0,500.0,500.0,189.0,500.0,10.0,500.0,500.0,500.0,500.0,300.0,9.0,230.0,500.0,500.0,500.0,500.0,500.0
977,500.0,27.0,281.0,500.0,500.0,380.0,500.0,500.0,194.0,500.0,500.0,419.0,95.0,193.0,9.0,483.0,9.0,500.0,126.0,500.0,500.0,372.0,500.0,500.0,9.0,500.0,469.0,271.0,500.0,500.0,500.0,500.0,157.0,500.0,500.0,104.0,500.0,10.0,500.0,500.0,500.0,500.0,393.0,9.0,135.0,500.0,500.0,500.0,500.0,500.0
978,345.0,27.0,152.0,500.0,500.0,180.0,500.0,500.0,194.0,500.0,470.0,111.0,96.0,201.0,9.0,301.0,9.0,500.0,138.0,500.0,500.0,343.0,500.0,500.0,9.0,500.0,468.0,500.0,500.0,500.0,500.0,500.0,152.0,500.0,500.0,240.0,500.0,10.0,500.0,500.0,500.0,500.0,500.0,9.0,208.0,500.0,371.0,500.0,500.0,500.0
979,261.0,27.0,171.0,500.0,452.0,500.0,500.0,500.0,194.0,500.0,423.0,282.0,95.0,198.0,9.0,171.0,9.0,500.0,124.0,500.0,500.0,478.0,500.0,500.0,9.0,500.0,500.0,500.0,500.0,500.0,500.0,500.0,149.0,500.0,500.0,227.0,468.0,10.0,500.0,500.0,500.0,500.0,473.0,9.0,500.0,500.0,378.0,500.0,500.0,500.0
980,385.0,27.0,500.0,500.0,500.0,500.0,500.0,500.0,194.0,500.0,500.0,172.0,98.0,216.0,9.0,413.0,9.0,500.0,122.0,500.0,500.0,500.0,500.0,500.0,9.0,500.0,489.0,368.0,500.0,500.0,357.0,500.0,142.0,500.0,500.0,312.0,500.0,10.0,500.0,500.0,500.0,500.0,500.0,9.0,116.0,500.0,202.0,500.0,500.0,500.0
981,257.0,27.0,499.0,361.0,500.0,349.0,500.0,500.0,194.0,500.0,360.0,279.0,96.0,203.0,9.0,253.0,9.0,500.0,137.0,500.0,500.0,343.0,500.0,500.0,9.0,500.0,500.0,500.0,500.0,500.0,415.0,500.0,137.0,500.0,500.0,93.0,500.0,10.0,500.0,500.0,500.0,500.0,379.0,9.0,137.0,500.0,500.0,500.0,500.0,500.0
982,500.0,27.0,334.0,274.0,500.0,107.0,500.0,500.0,194.0,461.0,449.0,319.0,97.0,219.0,9.0,278.0,9.0,500.0,128.0,500.0,500.0,256.0,500.0,500.0,9.0,500.0,500.0,348.0,500.0,500.0,500.0,500.0,140.0,500.0,500.0,399.0,500.0,10.0,500.0,500.0,500.0,500.0,500.0,9.0,157.0,500.0,500.0,500.0,500.0,500.0
983,500.0,27.0,142.0,193.0,500.0,500.0,500.0,500.0,194.0,337.0,500.0,219.0,97.0,188.0,9.0,500.0,9.0,500.0,129.0,500.0,500.0,243.0,500.0,500.0,9.0,500.0,500.0,470.0,500.0,500.0,500.0,500.0,137.0,500.0,500.0,114.0,100.0,10.0,500.0,500.0,500.0,500.0,500.0,9.0,332.0,500.0,260.0,500.0,500.0,500.0
984,202.0,27.0,128.0,187.0,500.0,464.0,500.0,500.0,194.0,500.0,451.0,360.0,97.0,250.0,9.0,173.0,9.0,500.0,122.0,500.0,356.0,500.0,500.0,460.0,9.0,500.0,499.0,164.0,500.0,500.0,500.0,500.0,139.0,500.0,500.0,500.0,500.0,10.0,500.0,500.0,500.0,500.0,500.0,9.0,195.0,500.0,500.0,500.0,500.0,500.0
985,194.0,27.0,120.0,200.0,500.0,496.0,500.0,500.0,194.0,500.0,500.0,463.0,100.0,226.0,9.0,421.0,9.0,500.0,114.0,500.0,500.0,213.0,500.0,500.0,9.0,500.0,500.0,500.0,500.0,500.0,500.0,500.0,137.0,500.0,500.0,233.0,473.0,10.0,500.0,500.0,500.0,500.0,287.0,9.0,202.0,500.0,299.0,500.0,500.0,500.0
986,211.0,27.0,116.0,370.0,500.0,181.0,500.0,500.0,194.0,500.0,500.0,500.0,98.0,245.0,9.0,500.0,9.0,500.0,116.0,500.0,500.0,500.0,500.0,500.0,9.0,500.0,371.0,324.0,500.0,500.0,500.0,500.0,141.0,500.0,500.0,263.0,500.0,10.0,500.0,500.0,500.0,500.0,500.0,9.0,177.0,500.0,191.0,500.0,500.0,500.0
987,116.0,27.0,114.0,379.0,500.0,197.0,500.0,500.0,194.0,500.0,500.0,260.0,98.0,258.0,9.0,238.0,9.0,500.0,127.0,500.0,193.0,358.0,500.0,500.0,9.0,500.0,377.0,500.0,500.0,500.0,500.0,500.0,139.0,500.0,500.0,258.0,500.0,10.0,500.0,500.0,500.0,500.0,465.0,9.0,210.0,500.0,395.0,500.0,353.0,500.0
988,500.0,27.0,111.0,500.0,500.0,328.0,500.0,500.0,194.0,369.0,500.0,443.0,99.0,289.0,9.0,500.0,9.0,500.0,127.0,500.0,500.0,500.0,500.0,500.0,9.0,500.0,308.0,289.0,500.0,500.0,500.0,500.0,113.0,500.0,500.0,114.0,500.0,10.0,500.0,500.0,500.0,500.0,379.0,9.0,232.0,500.0,500.0,500.0,500.0,500.0
989,192.0,27.0,110.0,500.0,500.0,326.0,500.0,500.0,194.0,500.0,330.0,103.0,97.0,210.0,9.0,375.0,9.0,500.0,121.0,500.0,500.0,500.0,500.0,500.0,9.0,500.0,374.0,500.0,500.0,500.0,500.0,500.0,140.0,500.0,500.0,235.0,500.0,10.0,500.0,500.0,500.0,500.0,294.0,9.0,326.0,500.0,261.0,500.0,500.0,500.0
990,277.0,27.0,111.0,500.0,500.0,500.0,500.0,500.0,194.0,312.0,338.0,197.0,100.0,313.0,9.0,344.0,9.0,500.0,111.0,500.0,500.0,276.0,500.0,500.0,9.0,500.0,377.0,493.0,500.0,500.0,500.0,500.0,113.0,500.0,500.0,387.0,406.0,10.0,500.0,500.0,500.0,500.0,164.0,9.0,135.0,500.0,297.0,500.0,500.0,500.0
991,500.0,27.0,108.0,500.0,500.0,301.0,500.0,500.0,194.0,500.0,500.0,218.0,99.0,431.0,9.0,175.0,9.0,500.0,130.0,500.0,500.0,137.0,500.0,500.0,9.0,500.0,380.0,468.0,500.0,500.0,117.0,500.0,131.0,500.0,500.0,341.0,500.0,10.0,500.0,500.0,500.0,500.0,355.0,9.0,147.0,500.0,119.0,500.0,500.0,500.0
992,312.0,27.0,107.0,500.0,500.0,406.0,500.0,500.0,194.0,500.0,500.0,194.0,100.0,500.0,9.0,407.0,9.0,500.0,119.0,500.0,500.0,500.0,500.0,500.0,9.0,500.0,307.0,197.0,500.0,500.0,296.0,500.0,134.0,500.0,500.0,73.0,175.0,10.0,500.0,500.0,500.0,500.0,500.0,9.0,311.0,500.0,190.0,500.0,500.0,500.0
993,500.0,27.0,105.0,500.0,500.0,333.0,500.0,500.0,194.0,215.0,455.0,335.0,100.0,437.0,9.0,185.0,9.0,500.0,116.0,500.0,500.0,355.0,500.0,500.0,9.0,500.0,379.0,226.0,500.0,500.0,500.0,500.0,133.0,500.0,500.0,318.0,433.0,10.0,500.0,500.0,500.0,500.0,258.0,9.0,156.0,500.0,393.0,500.0,500.0,500.0
994,186.0,27.0,105.0,500.0,500.0,500.0,500.0,500.0,194.0,500.0,500.0,227.0,100.0,500.0,9.0,187.0,9.0,500.0,128.0,500.0,500.0,432.0,500.0,500.0,9.0,500.0,383.0,192.0,500.0,500.0,500.0,500.0,131.0,500.0,500.0,270.0,393.0,10.0,500.0,500.0,500.0,500.0,398.0,9.0,174.0,500.0,247.0,500.0,500.0,500.0
995,211.0,27.0,106.0,500.0,500.0,179.0,500.0,500.0,194.0,500.0,500.0,258.0,100.0,453.0,9.0,500.0,9.0,500.0,86.0,500.0,500.0,353.0,500.0,500.0,9.0,500.0,320.0,434.0,500.0,500.0,403.0,500.0,132.0,500.0,500.0,332.0,500.0,10.0,500.0,500.0,500.0,500.0,185.0,9.0,239.0,500.0,113.0,500.0,500.0,500.0
996,500.0,27.0,63.0,500.0,500.0,350.0,500.0,141.0,194.0,500.0,266.0,81.0,100.0,500.0,9.0,390.0,9.0,500.0,104.0,500.0,500.0,366.0,500.0,500.0,9.0,500.0,319.0,396.0,500.0,500.0,500.0,500.0,102.0,500.0,500.0,225.0,296.0,10.0,500.0,500.0,500.0,500.0,500.0,9.0,219.0,500.0,422.0,500.0,500.0,500.0
997,333.0,27.0,102.0,500.0,500.0,411.0,500.0,500.0,194.0,500.0,500.0,405.0,100.0,500.0,9.0,450.0,9.0,500.0,102.0,500.0,500.0,500.0,500.0,500.0,9.0,500.0,322.0,333.0,500.0,500.0,500.0,500.0,101.0,500.0,500.0,115.0,318.0,10.0,500.0,500.0,500.0,500.0,500.0,9.0,276.0,500.0,197.0,500.0,500.0,500.0
998,282.0,27.0,68.0,500.0,500.0,335.0,500.0,500.0,194.0,296.0,395.0,319.0,100.0,500.0,9.0,360.0,9.0,500.0,86.0,500.0,500.0,388.0,500.0,437.0,9.0,500.0,316.0,375.0,500.0,500.0,500.0,500.0,104.0,500.0,500.0,90.0,343.0,10.0,500.0,500.0,500.0,500.0,162.0,9.0,345.0,500.0,273.0,500.0,500.0,500.0
999,165.0,27.0,105.0,500.0,500.0,475.0,500.0,500.0,194.0,399.0,452.0,500.0,103.0,500.0,9.0,379.0,9.0,500.0,94.0,500.0,500.0,196.0,500.0,500.0,9.0,500.0,403.0,500.0,500.0,500.0,500.0,500.0,128.0,500.0,500.0,219.0,500.0,10.0,500.0,500.0,500.0,500.0,300.0,9.0,228.0,500.0,271.0,500.0,500.0,500.0
1000,261.0,27.0,105.0,500.0,500.0,500.0,500.0,500.0,194.0,500.0,363.0,493.0,104.0,500.0,9.0,180.0,9.0,500.0,86.0,500.0,500.0,103.0,500.0,500.0,9.0,500.0,321.0,500.0,500.0,500.0,218.0,500.0,98.0,500.0,500.0,236.0,500.0,10.0,500.0,500.0,500.0,500.0,500.0,9.0,231.0,500.0,463.0,500.0,500.0,500.0
1001,343.0,27.0,63.0,500.0,500.0,500.0,500.0,500.0,194.0,500.0,500.0,240.0,103.0,500.0,9.0,481.0,9.0,500.0,103.0,500.0,500.0,314.0,500.0,500.0,9.0,500.0,247.0,380.0,500.0,500.0,500.0,500.0,107.0,500.0,500.0,281.0,500.0,10.0,500.0,500.0,500.0,500.0,364.0,9.0,165.0,500.0,455.0,500.0,500.0,500.0
1002,500.0,27.0,63.0,500.0,500.0,279.0,500.0,500.0,194.0,500.0,169.0,163.0,107.0,500.0,9.0,267.0,9.0,500.0,84.0,500.0,500.0,500.0,500.0,500.0,9.0,500.0,246.0,364.0,500.0,500.0,500.0,500.0,101.0,500.0,500.0,414.0,500.0,10.0,500.0,500.0,500.0,500.0,447.0,9.0,242.0,500.0,500.0,500.0,500.0,500.0
1003,445.0,27.0,56.0,500.0,500.0,397.0,500.0,500.0,194.0,500.0,466.0,365.0,106.0,500.0,9.0,263.0,9.0,500.0,86.0,500.0,500.0,500.0,500.0,500.0,9.0,500.0,322.0,232.0,500.0,500.0,482.0,500.0,113.0,500.0,500.0,427.0,500.0,10.0,500.0,500.0,500.0,500.0,370.0,9.0,165.0,500.0,178.0,500.0,500.0,500.0
1004,500.0,27.0,56.0,500.0,500.0,500.0,500.0,500.0,194.0,500.0,500.0,413.0,111.0,500.0,9.0,229.0,9.0,500.0,104.0,500.0,500.0,352.0,500.0,500.0,9.0,500.0,251.0,460.0,500.0,500.0,500.0,500.0,125.0,500.0,500.0,130.0,404.0,10.0,500.0,500.0,500.0,500.0,234.0,9.0,152.0,500.0,204.0,500.0,500.0,500.0
1005,484.0,27.0,52.0,500.0,500.0,134.0,500.0,500.0,194.0,500.0,500.0,135.0,107.0,500.0,9.0,224.0,9.0,500.0,90.0,500.0,500.0,500.0,500.0,500.0,9.0,500.0,261.0,500.0,500.0,500.0,500.0,500.0,100.0,500.0,500.0,153.0,321.0,10.0,315.0,500.0,500.0,500.0,500.0,9.0,352.0,500.0,250.0,500.0,500.0,500.0
1006,174.0,27.0,47.0,500.0,500.0,283.0,500.0,500.0,194.0,500.0,335.0,233.0,108.0,500.0,9.0,222.0,9.0,476.0,87.0,500.0,500.0,458.0,500.0,500.0,9.0,500.0,262.0,340.0,500.0,500.0,123.0,500.0,106.0,500.0,500.0,205.0,463.0,10.0,500.0,500.0,500.0,500.0,500.0,9.0,206.0,500.0,128.0,500.0,500.0,500.0
1007,374.0,27.0,41.0,500.0,500.0,401.0,500.0,500.0,194.0,500.0,500.0,388.0,115.0,500.0,9.0,450.0,9.0,500.0,107.0,500.0,379.0,217.0,500.0,500.0,9.0,500.0,262.0,471.0,500.0,500.0,393.0,500.0,106.0,500.0,500.0,169.0,405.0,10.0,500.0,500.0,500.0,500.0,398.0,9.0,208.0,500.0,500.0,500.0,500.0,500.0
1008,424.0,27.0,39.0,500.0,500.0,500.0,500.0,500.0,194.0,500.0,326.0,317.0,116.0,500.0,9.0,500.0,9.0,500.0,113.0,500.0,500.0,148.0,500.0,500.0,9.0,500.0,259.0,321.0,500.0,500.0,246.0,500.0,138.0,500.0,500.0,211.0,444.0,10.0,500.0,500.0,500.0,500.0,432.0,9.0,141.0,500.0,263.0,500.0,500.0,500.0
1009,237.0,27.0,35.0,500.0,500.0,500.0,500.0,500.0,192.0,482.0,500.0,500.0,114.0,500.0,9.0,273.0,9.0,500.0,104.0,500.0,500.0,371.0,500.0,500.0,9.0,500.0,261.0,200.0,500.0,500.0,500.0,500.0,110.0,500.0,500.0,165.0,449.0,10.0,500.0,500.0,500.0,500.0,494.0,9.0,236.0,500.0,392.0,500.0,500.0,500.0
1010,332.0,27.0,37.0,500.0,500.0,281.0,500.0,500.0,194.0,500.0,458.0,500.0,116.0,500.0,9.0,500.0,9.0,500.0,96.0,500.0,329.0,500.0,500.0,500.0,9.0,500.0,260.0,195.0,500.0,500.0,273.0,500.0,115.0,500.0,500.0,406.0,500.0,10.0,500.0,500.0,500.0,500.0,388.0,9.0,203.0,500.0,186.0,500.0,500.0,500.0
1011,265.0,27.0,39.0,500.0,500.0,213.0,483.0,500.0,194.0,430.0,245.0,290.0,116.0,500.0,9.0,426.0,9.0,500.0,110.0,500.0,500.0,500.0,500.0,500.0,9.0,500.0,263.0,251.0,500.0,500.0,500.0,500.0,141.0,500.0,500.0,479.0,248.0,10.0,500.0,500.0,500.0,500.0,497.0,9.0,241.0,500.0,500.0,500.0,500.0,500.0
1012,356.0,27.0,39.0,500.0,500.0,412.0,500.0,500.0,194.0,500.0,500.0,265.0,116.0,500.0,9.0,214.0,9.0,500.0,118.0,500.0,500.0,500.0,500.0,500.0,9.0,500.0,265.0,419.0,500.0,500.0,173.0,500.0,138.0,500.0,500.0,244.0,343.0,10.0,500.0,500.0,500.0,500.0,500.0,9.0,225.0,500.0,500.0,500.0,500.0,500.0
1013,272.0,27.0,39.0,500.0,500.0,260.0,500.0,500.0,194.0,500.0,333.0,165.0,122.0,500.0,9.0,220.0,9.0,500.0,103.0,500.0,500.0,500.0,500.0,500.0,9.0,500.0,266.0,300.0,500.0,500.0,398.0,500.0,141.0,500.0,500.0,278.0,396.0,10.0,500.0,500.0,500.0,500.0,368.0,9.0,177.0,500.0,271.0,500.0,500.0,500.0
1014,175.0,27.0,44.0,500.0,500.0,371.0,500.0,500.0,194.0,500.0,474.0,349.0,125.0,500.0,9.0,296.0,9.0,500.0,116.0,500.0,500.0,404.0,500.0,500.0,9.0,500.0,266.0,500.0,500.0,500.0,500.0,500.0,146.0,500.0,500.0,261.0,186.0,10.0,233.0,500.0,500.0,500.0,103.0,9.0,147.0,500.0,299.0,500.0,500.0,500.0
1015,278.0,27.0,44.0,500.0,500.0,500.0,500.0,500.0,194.0,489.0,404.0,231.0,126.0,500.0,9.0,500.0,9.0,500.0,101.0,500.0,500.0,498.0,500.0,500.0,9.0,500.0,268.0,149.0,500.0,500.0,500.0,500.0,146.0,500.0,500.0,149.0,500.0,10.0,500.0,500.0,500.0,500.0,500.0,9.0,316.0,500.0,500.0,500.0,500.0,500.0
1016,500.0,27.0,46.0,500.0,500.0,500.0,500.0,500.0,194.0,362.0,222.0,500.0,127.0,500.0,9.0,155.0,9.0,500.0,124.0,500.0,472.0,500.0,500.0,500.0,9.0,500.0,266.0,500.0,500.0,500.0,456.0,500.0,141.0,500.0,500.0,240.0,500.0,10.0,500.0,500.0,500.0,500.0,195.0,9.0,186.0,500.0,114.0,500.0,500.0,500.0
1017,500.0,27.0,46.0,500.0,500.0,500.0,500.0,500.0,194.0,500.0,292.0,302.0,124.0,500.0,9.0,444.0,9.0,500.0,116.0,500.0,500.0,388.0,500.0,500.0,9.0,500.0,267.0,500.0,500.0,500.0,500.0,500.0,145.0,500.0,493.0,124.0,500.0,10.0,500.0,500.0,500.0,500.0,500.0,9.0,104.0,500.0,500.0,500.0,500.0,500.0
1018,260.0,27.0,51.0,500.0,500.0,373.0,500.0,500.0,194.0,485.0,270.0,344.0,127.0,500.0,9.0,338.0,9.0,500.0,107.0,500.0,500.0,396.0,500.0,500.0,9.0,500.0,264.0,125.0,500.0,500.0,500.0,500.0,149.0,500.0,500.0,72.0,500.0,10.0,494.0,500.0,500.0,500.0,500.0,9.0,193.0,500.0,500.0,500.0,500.0,500.0
1019,318.0,27.0,51.0,500.0,500.0,500.0,500.0,500.0,194.0,234.0,500.0,191.0,154.0,500.0,9.0,500.0,9.0,500.0,129.0,500.0,500.0,500.0,500.0,500.0,9.0,500.0,265.0,253.0,500.0,500.0,500.0,500.0,146.0,500.0,492.0,235.0,500.0,10.0,500.0,500.0,500.0,500.0,411.0,9.0,185.0,500.0,274.0,500.0,500.0,500.0
1020,220.0,27.0,58.0,500.0,500.0,191.0,500.0,500.0,194.0,500.0,500.0,341.0,142.0,500.0,9.0,500.0,9.0,500.0,134.0,500.0,389.0,329.0,500.0,500.0,9.0,500.0,203.0,500.0,500.0,500.0,500.0,500.0,151.0,500.0,500.0,263.0,500.0,10.0,500.0,500.0,500.0,500.0,103.0,9.0,134.0,500.0,104.0,500.0,500.0,500.0
1021,324.0,27.0,61.0,500.0,500.0,500.0,500.0,500.0,194.0,436.0,295.0,227.0,146.0,500.0,9.0,172.0,9.0,500.0,148.0,500.0,500.0,289.0,500.0,500.0,9.0,500.0,202.0,369.0,500.0,500.0,500.0,500.0,147.0,500.0,500.0,343.0,500.0,10.0,473.0,500.0,500.0,500.0,500.0,9.0,155.0,500.0,350.0,500.0,500.0,500.0
1022,182.0,27.0,63.0,500.0,500.0,455.0,500.0,500.0,194.0,270.0,432.0,476.0,146.0,500.0,9.0,357.0,9.0,500.0,108.0,500.0,500.0,359.0,500.0,500.0,9.0,500.0,194.0,500.0,500.0,500.0,337.0,500.0,151.0,500.0,500.0,189.0,500.0,10.0,500.0,500.0,500.0,500.0,230.0,9.0,216.0,500.0,216.0,500.0,500.0,500.0
1023,500.0,27.0,100.0,500.0,500.0,500.0,500.0,500.0,194.0,248.0,500.0,247.0,159.0,500.0,9.0,500.0,9.0,500.0,134.0,500.0,500.0,500.0,500.0,500.0,9.0,500.0,190.0,500.0,500.0,500.0,371.0,500.0,151.0,500.0,500.0,164.0,500.0,10.0,500.0,500.0,500.0,500.0,274.0,9.0,190.0,500.0,265.0,500.0,500.0,500.0
1024,500.0,27.0,100.0,500.0,500.0,417.0,500.0,477.0,194.0,500.0,500.0,500.0,151.0,500.0,9.0,255.0,9.0,500.0,143.0,500.0,500.0,500.0,500.0,500.0,9.0,500.0,187.0,182.0,500.0,500.0,456.0,500.0,154.0,500.0,500.0,500.0,500.0,10.0,271.0,500.0,500.0,500.0,216.0,9.0,207.0,500.0,500.0,500.0,500.0,500.0
1025,305.0,27.0,100.0,500.0,500.0,116.0,500.0,500.0,194.0,294.0,294.0,393.0,190.0,500.0,9.0,384.0,9.0,500.0,131.0,500.0,422.0,500.0,500.0,465.0,9.0,500.0,177.0,275.0,500.0,500.0,500.0,500.0,151.0,500.0,500.0,277.0,500.0,10.0,500.0,500.0,500.0,500.0,399.0,9.0,172.0,500.0,500.0,500.0,500.0,500.0
1026,250.0,27.0,100.0,500.0,500.0,469.0,500.0,500.0,194.0,452.0,225.0,484.0,206.0,500.0,9.0,419.0,9.0,500.0,145.0,500.0,500.0,359.0,500.0,500.0,9.0,500.0,176.0,500.0,500.0,500.0,500.0,500.0,151.0,500.0,500.0,232.0,500.0,10.0,500.0,500.0,500.0,500.0,319.0,9.0,186.0,500.0,500.0,500.0,500.0,500.0
1027,500.0,27.0,102.0,500.0,500.0,434.0,500.0,500.0,194.0,286.0,317.0,500.0,215.0,500.0,9.0,500.0,9.0,500.0,143.0,500.0,500.0,468.0,500.0,500.0,9.0,500.0,174.0,337.0,500.0,500.0,500.0,500.0,154.0,500.0,500.0,176.0,500.0,10.0,500.0,500.0,500.0,500.0,500.0,9.0,128.0,500.0,342.0,500.0,500.0,500.0
1028,201.0,27.0,102.0,500.0,500.0,373.0,500.0,500.0,194.0,237.0,366.0,229.0,216.0,500.0,9.0,500.0,9.0,500.0,145.0,500.0,500.0,500.0,500.0,500.0,9.0,485.0,115.0,224.0,500.0,500.0,500.0,500.0,159.0,500.0,500.0,209.0,500.0,10.0,228.0,500.0,500.0,500.0,201.0,9.0,186.0,500.0,500.0,500.0,500.0,500.0
1029,500.0,27.0,102.0,500.0,500.0,284.0,500.0,500.0,194.0,500.0,500.0,143.0,248.0,500.0,9.0,305.0,9.0,500.0,149.0,500.0,500.0,500.0,500.0,500.0,9.0,434.0,112.0,333.0,500.0,500.0,173.0,500.0,152.0,500.0,500.0,396.0,500.0,10.0,500.0,500.0,500.0,500.0,417.0,9.0,123.0,500.0,477.0,500.0,500.0,500.0
1030,500.0,27.0,102.0,500.0,500.0,310.0,500.0,500.0,194.0,500.0,500.0,399.0,251.0,500.0,9.0,500.0,9.0,500.0,166.0,500.0,500.0,382.0,500.0,500.0,9.0,482.0,115.0,285.0,500.0,500.0,500.0,500.0,153.0,500.0,500.0,124.0,500.0,10.0,500.0,500.0,500.0,500.0,318.0,9.0,174.0,500.0,105.0,500.0,500.0,500.0
1031,124.0,27.0,102.0,500.0,500.0,249.0,500.0,500.0,194.0,500.0,493.0,228.0,301.0,500.0,9.0,485.0,9.0,500.0,176.0,500.0,420.0,500.0,500.0,348.0,9.0,500.0,110.0,191.0,500.0,500.0,225.0,500.0,158.0,500.0,500.0,115.0,255.0,10.0,500.0,500.0,500.0,500.0,180.0,9.0,151.0,500.0,141.0,500.0,500.0,500.0
1032,365.0,27.0,104.0,500.0,500.0,333.0,500.0,500.0,194.0,446.0,389.0,149.0,321.0,500.0,9.0,500.0,9.0,500.0,153.0,500.0,149.0,500.0,500.0,500.0,9.0,500.0,108.0,146.0,500.0,500.0,500.0,500.0,158.0,500.0,500.0,150.0,458.0,10.0,500.0,500.0,500.0,500.0,360.0,9.0,309.0,500.0,500.0,500.0,500.0,500.0
1033,365.0,27.0,104.0,500.0,500.0,500.0,500.0,500.0,194.0,267.0,327.0,500.0,382.0,500.0,9.0,500.0,9.0,500.0,178.0,500.0,500.0,395.0,500.0,500.0,9.0,500.0,113.0,500.0,500.0,500.0,277.0,500.0,161.0,500.0,500.0,162.0,500.0,10.0,500.0,500.0,500.0,500.0,349.0,9.0,274.0,500.0,500.0,500.0,500.0,500.0
1034,314.0,27.0,104.0,500.0,500.0,289.0,500.0,500.0,194.0,297.0,400.0,500.0,378.0,500.0,9.0,500.0,9.0,500.0,200.0,500.0,346.0,378.0,500.0,500.0,9.0,500.0,110.0,131.0,500.0,500.0,487.0,500.0,164.0,500.0,500.0,335.0,500.0,10.0,456.0,500.0,500.0,500.0,340.0,9.0,145.0,500.0,251.0,500.0,500.0,500.0
1035,500.0,27.0,104.0,500.0,500.0,464.0,500.0,500.0,194.0,500.0,500.0,130.0,500.0,500.0,9.0,500.0,9.0,500.0,190.0,500.0,500.0,500.0,500.0,476.0,9.0,500.0,113.0,500.0,500.0,500.0,500.0,500.0,158.0,500.0,500.0,98.0,500.0,10.0,500.0,500.0,500.0,500.0,500.0,9.0,284.0,500.0,500.0,500.0,500.0,500.0
1036,500.0,27.0,104.0,500.0,500.0,279.0,500.0,500.0,194.0,500.0,500.0,241.0,342.0,500.0,9.0,500.0,9.0,500.0,244.0,500.0,500.0,391.0,500.0,500.0,9.0,500.0,110.0,500.0,500.0,500.0,500.0,500.0,159.0,500.0,500.0,353.0,500.0,10.0,500.0,500.0,500.0,500.0,431.0,9.0,143.0,500.0,124.0,500.0,500.0,500.0
1037,500.0,27.0,104.0,500.0,500.0,203.0,500.0,500.0,194.0,457.0,385.0,198.0,358.0,500.0,9.0,424.0,9.0,500.0,189.0,500.0,163.0,418.0,500.0,500.0,9.0,500.0,105.0,252.0,500.0,500.0,500.0,500.0,162.0,500.0,500.0,285.0,417.0,10.0,208.0,500.0,500.0,500.0,384.0,9.0,196.0,500.0,185.0,500.0,500.0,500.0
1038,146.0,27.0,104.0,500.0,500.0,500.0,500.0,500.0,194.0,500.0,383.0,500.0,331.0,500.0,9.0,500.0,9.0,500.0,221.0,500.0,500.0,500.0,500.0,437.0,9.0,500.0,115.0,260.0,500.0,500.0,500.0,500.0,161.0,500.0,500.0,221.0,500.0,10.0,500.0,500.0,500.0,500.0,281.0,9.0,182.0,500.0,500.0,500.0,500.0,500.0
1039,500.0,27.0,104.0,500.0,500.0,500.0,500.0,500.0,194.0,461.0,500.0,173.0,280.0,500.0,9.0,500.0,9.0,500.0,210.0,500.0,500.0,369.0,500.0,500.0,9.0,500.0,114.0,350.0,500.0,500.0,154.0,500.0,160.0,500.0,500.0,149.0,500.0,10.0,500.0,500.0,500.0,500.0,251.0,9.0,239.0,500.0,500.0,500.0,500.0,500.0
1040,369.0,27.0,104.0,500.0,500.0,500.0,500.0,500.0,194.0,500.0,500.0,168.0,351.0,500.0,9.0,470.0,9.0,500.0,224.0,500.0,180.0,283.0,14.0,500.0,9.0,500.0,106.0,366.0,500.0,500.0,500.0,500.0,160.0,500.0,500.0,253.0,500.0,10.0,449.0,500.0,500.0,500.0,167.0,9.0,73.0,500.0,500.0,500.0,500.0,353.0
1041,500.0,27.0,104.0,500.0,500.0,500.0,500.0,500.0,194.0,291.0,353.0,355.0,346.0,500.0,9.0,444.0,9.0,500.0,260.0,500.0,500.0,500.0,12.0,500.0,9.0,500.0,111.0,239.0,500.0,500.0,500.0,500.0,166.0,500.0,500.0,240.0,500.0,10.0,345.0,500.0,500.0,500.0,134.0,9.0,66.0,500.0,409.0,500.0,500.0,500.0
1042,500.0,27.0,104.0,500.0,500.0,276.0,500.0,500.0,194.0,476.0,229.0,137.0,307.0,500.0,9.0,500.0,9.0,500.0,241.0,500.0,235.0,500.0,11.0,500.0,9.0,500.0,113.0,378.0,500.0,500.0,400.0,500.0,170.0,500.0,500.0,190.0,500.0,10.0,500.0,500.0,500.0,467.0,278.0,9.0,241.0,500.0,403.0,500.0,500.0,500.0
1043,500.0,27.0,104.0,500.0,500.0,500.0,500.0,500.0,194.0,500.0,500.0,344.0,292.0,500.0,9.0,380.0,9.0,500.0,276.0,500.0,201.0,148.0,11.0,500.0,9.0,500.0,114.0,500.0,500.0,500.0,500.0,500.0,166.0,500.0,500.0,258.0,179.0,10.0,500.0,500.0,500.0,500.0,204.0,9.0,171.0,500.0,384.0,500.0,500.0,500.0
1044,500.0,27.0,104.0,500.0,500.0,366.0,500.0,500.0,194.0,500.0,500.0,276.0,312.0,500.0,9.0,357.0,9.0,500.0,229.0,500.0,415.0,433.0,11.0,500.0,9.0,500.0,114.0,208.0,500.0,500.0,165.0,500.0,166.0,500.0,500.0,106.0,500.0,10.0,500.0,500.0,500.0,500.0,312.0,9.0,215.0,500.0,249.0,500.0,500.0,500.0
1045,455.0,27.0,104.0,500.0,500.0,267.0,500.0,500.0,194.0,500.0,500.0,163.0,325.0,500.0,9.0,460.0,9.0,500.0,261.0,500.0,500.0,292.0,500.0,500.0,9.0,500.0,114.0,276.0,500.0,500.0,500.0,500.0,171.0,500.0,500.0,500.0,500.0,10.0,500.0,500.0,500.0,500.0,165.0,9.0,246.0,500.0,500.0,500.0,500.0,448.0
1046,286.0,27.0,104.0,500.0,500.0,500.0,500.0,500.0,194.0,500.0,500.0,370.0,255.0,500.0,9.0,141.0,9.0,500.0,309.0,500.0,500.0,500.0,500.0,500.0,9.0,500.0,108.0,260.0,500.0,500.0,500.0,500.0,174.0,500.0,500.0,290.0,500.0,10.0,500.0,500.0,500.0,500.0,143.0,9.0,383.0,500.0,500.0,500.0,500.0,500.0
1047,376.0,27.0,104.0,500.0,500.0,422.0,500.0,500.0,194.0,500.0,500.0,337.0,255.0,500.0,9.0,500.0,9.0,500.0,210.0,500.0,500.0,367.0,500.0,500.0,9.0,500.0,116.0,230.0,500.0,500.0,451.0,500.0,165.0,500.0,500.0,104.0,500.0,10.0,500.0,500.0,500.0,500.0,268.0,9.0,315.0,500.0,500.0,500.0,500.0,500.0
1048,158.0,27.0,104.0,500.0,500.0,500.0,500.0,500.0,194.0,500.0,500.0,200.0,266.0,500.0,9.0,500.0,9.0,500.0,272.0,500.0,500.0,306.0,500.0,500.0,9.0,500.0,115.0,500.0,500.0,500.0,500.0,500.0,168.0,500.0,500.0,129.0,500.0,10.0,500.0,500.0,500.0,473.0,500.0,9.0,240.0,500.0,292.0,500.0,500.0,500.0
1049,445.0,27.0,104.0,500.0,500.0,280.0,500.0,500.0,194.0,310.0,319.0,150.0,255.0,500.0,9.0,358.0,9.0,500.0,274.0,500.0,500.0,342.0,500.0,500.0,9.0,500.0,115.0,361.0,500.0,500.0,500.0,500.0,166.0,500.0,500.0,199.0,500.0,10.0,500.0,500.0,500.0,450.0,453.0,9.0,125.0,500.0,414.0,500.0,500.0,491.0
1050,406.0,27.0,104.0,500.0,500.0,500.0,500.0,500.0,194.0,500.0,500.0,282.0,239.0,500.0,9.0,500.0,9.0,500.0,257.0,500.0,500.0,498.0,500.0,500.0,9.0,500.0,110.0,200.0,500.0,500.0,500.0,500.0,170.0,500.0,500.0,147.0,500.0,10.0,500.0,500.0,500.0,494.0,500.0,9.0,190.0,500.0,500.0,500.0,500.0,444.0
1051,421.0,27.0,104.0,500.0,500.0,366.0,500.0,500.0,194.0,500.0,500.0,500.0,281.0,500.0,9.0,111.0,9.0,500.0,222.0,500.0,500.0,227.0,500.0,500.0,9.0,500.0,110.0,500.0,500.0,500.0,263.0,500.0,163.0,500.0,500.0,53.0,500.0,10.0,500.0,500.0,500.0,452.0,427.0,9.0,263.0,500.0,305.0,500.0,500.0,500.0
1052,290.0,27.0,105.0,500.0,500.0,500.0,500.0,500.0,194.0,500.0,500.0,187.0,304.0,500.0,9.0,223.0,9.0,500.0,323.0,500.0,500.0,500.0,500.0,500.0,9.0,500.0,112.0,343.0,500.0,500.0,500.0,500.0,172.0,500.0,500.0,226.0,500.0,10.0,500.0,500.0,500.0,500.0,203.0,9.0,129.0,500.0,473.0,500.0,500.0,454.0
1053,304.0,27.0,104.0,500.0,500.0,500.0,500.0,429.0,194.0,500.0,500.0,195.0,432.0,500.0,9.0,323.0,9.0,500.0,366.0,500.0,500.0,500.0,500.0,500.0,9.0,500.0,112.0,500.0,500.0,500.0,322.0,500.0,174.0,500.0,500.0,500.0,500.0,10.0,411.0,500.0,500.0,492.0,500.0,9.0,346.0,500.0,443.0,500.0,500.0,500.0
1054,376.0,27.0,104.0,500.0,500.0,284.0,500.0,500.0,194.0,500.0,426.0,221.0,272.0,500.0,9.0,316.0,9.0,500.0,333.0,500.0,432.0,483.0,500.0,500.0,9.0,500.0,113.0,303.0,500.0,500.0,500.0,500.0,173.0,500.0,500.0,144.0,500.0,10.0,500.0,500.0,500.0,500.0,181.0,9.0,196.0,500.0,249.0,500.0,500.0,408.0
1055,500.0,27.0,104.0,500.0,500.0,500.0,500.0,499.0,194.0,464.0,441.0,275.0,442.0,500.0,9.0,160.0,9.0,500.0,308.0,500.0,193.0,500.0,500.0,500.0,9.0,500.0,113.0,500.0,500.0,500.0,290.0,500.0,175.0,500.0,500.0,224.0,500.0,10.0,500.0,500.0,500.0,500.0,497.0,9.0,123.0,500.0,392.0,500.0,500.0,492.0
1056,422.0,27.0,105.0,500.0,500.0,261.0,500.0,488.0,194.0,500.0,500.0,149.0,500.0,500.0,9.0,185.0,9.0,500.0,270.0,500.0,500.0,419.0,500.0,500.0,9.0,500.0,115.0,255.0,500.0,500.0,222.0,500.0,169.0,500.0,500.0,201.0,500.0,10.0,500.0,500.0,500.0,500.0,360.0,9.0,131.0,500.0,500.0,500.0,500.0,500.0
1057,362.0,27.0,104.0,500.0,500.0,102.0,500.0,500.0,192.0,500.0,500.0,373.0,397.0,500.0,9.0,278.0,9.0,500.0,332.0,500.0,438.0,500.0,500.0,500.0,9.0,500.0,115.0,408.0,500.0,500.0,500.0,500.0,172.0,500.0,500.0,150.0,500.0,10.0,500.0,500.0,500.0,453.0,230.0,9.0,104.0,500.0,419.0,500.0,500.0,500.0
1058,145.0,27.0,104.0,500.0,500.0,500.0,500.0,500.0,194.0,394.0,500.0,125.0,500.0,500.0,9.0,359.0,9.0,500.0,357.0,500.0,500.0,500.0,500.0,500.0,9.0,500.0,116.0,289.0,500.0,500.0,418.0,500.0,171.0,500.0,500.0,255.0,500.0,10.0,500.0,500.0,500.0,445.0,198.0,9.0,102.0,500.0,450.0,500.0,500.0,500.0
1059,415.0,27.0,105.0,500.0,500.0,500.0,500.0,500.0,194.0,500.0,456.0,231.0,500.0,500.0,9.0,260.0,9.0,500.0,348.0,500.0,500.0,500.0,500.0,500.0,9.0,500.0,119.0,225.0,500.0,500.0,437.0,500.0,172.0,500.0,500.0,131.0,500.0,10.0,500.0,500.0,500.0,500.0,368.0,9.0,247.0,500.0,121.0,500.0,500.0,418.0
1060,500.0,27.0,105.0,500.0,500.0,245.0,500.0,500.0,194.0,500.0,500.0,308.0,445.0,500.0,9.0,380.0,9.0,500.0,378.0,500.0,500.0,310.0,500.0,500.0,9.0,500.0,116.0,321.0,500.0,500.0,500.0,500.0,172.0,500.0,500.0,77.0,500.0,10.0,372.0,500.0,500.0,500.0,389.0,9.0,157.0,500.0,500.0,500.0,500.0,500.0
1061,148.0,27.0,105.0,500.0,500.0,340.0,500.0,500.0,194.0,500.0,500.0,316.0,500.0,500.0,9.0,342.0,9.0,128.0,384.0,500.0,399.0,500.0,500.0,500.0,9.0,500.0,116.0,185.0,500.0,500.0,500.0,500.0,178.0,500.0,500.0,259.0,500.0,10.0,500.0,500.0,500.0,500.0,375.0,9.0,111.0,500.0,292.0,500.0,500.0,500.0
1062,472.0,27.0,104.0,500.0,500.0,179.0,151.0,500.0,194.0,411.0,500.0,334.0,500.0,500.0,9.0,500.0,9.0,500.0,500.0,500.0,500.0,500.0,500.0,500.0,9.0,500.0,116.0,207.0,500.0,500.0,87.0,500.0,172.0,500.0,500.0,246.0,500.0,10.0,500.0,500.0,500.0,500.0,239.0,9.0,140.0,500.0,500.0,500.0,500.0,372.0
1063,464.0,27.0,105.0,500.0,500.0,444.0,500.0,500.0,194.0,500.0,500.0,236.0,500.0,500.0,9.0,375.0,9.0,500.0,435.0,500.0,500.0,358.0,500.0,194.0,9.0,500.0,116.0,337.0,500.0,500.0,297.0,500.0,178.0,500.0,500.0,323.0,500.0,10.0,500.0,500.0,500.0,500.0,500.0,9.0,221.0,500.0,500.0,500.0,500.0,500.0
1064,394.0,27.0,104.0,500.0,453.0,500.0,500.0,500.0,194.0,384.0,243.0,175.0,500.0,500.0,9.0,465.0,9.0,500.0,500.0,500.0,500.0,401.0,500.0,378.0,9.0,500.0,116.0,106.0,500.0,500.0,500.0,500.0,181.0,500.0,500.0,170.0,500.0,10.0,500.0,500.0,500.0,500.0,316.0,9.0,133.0,500.0,441.0,500.0,500.0,441.0
1065,500.0,27.0,105.0,500.0,500.0,500.0,500.0,500.0,194.0,500.0,500.0,232.0,500.0,500.0,9.0,306.0,9.0,500.0,500.0,500.0,500.0,500.0,500.0,500.0,9.0,500.0,116.0,349.0,500.0,13.0,500.0,500.0,185.0,500.0,500.0,281.0,500.0,10.0,500.0,500.0,500.0,500.0,499.0,9.0,185.0,500.0,422.0,500.0,500.0,500.0
1066,252.0,27.0,105.0,500.0,500.0,500.0,500.0,500.0,194.0,388.0,500.0,321.0,500.0,500.0,9.0,500.0,9.0,500.0,374.0,500.0,500.0,345.0,500.0,461.0,9.0,500.0,116.0,369.0,116.0,500.0,326.0,500.0,183.0,500.0,500.0,116.0,500.0,10.0,500.0,500.0,500.0,500.0,500.0,9.0,160.0,500.0,463.0,500.0,500.0,500.0
1067,500.0,27.0,105.0,500.0,413.0,500.0,500.0,500.0,194.0,500.0,500.0,304.0,500.0,500.0,9.0,322.0,9.0,500.0,500.0,500.0,500.0,377.0,500.0,436.0,9.0,500.0,116.0,463.0,500.0,500.0,412.0,500.0,183.0,500.0,500.0,302.0,500.0,10.0,500.0,500.0,500.0,500.0,220.0,9.0,182.0,500.0,381.0,500.0,500.0,500.0
1068,233.0,27.0,106.0,500.0,500.0,244.0,500.0,500.0,194.0,500.0,225.0,142.0,500.0,500.0,9.0,500.0,9.0,500.0,500.0,500.0,500.0,500.0,500.0,427.0,9.0,500.0,119.0,373.0,500.0,500.0,303.0,500.0,202.0,500.0,500.0,188.0,500.0,10.0,500.0,500.0,500.0,500.0,142.0,9.0,387.0,500.0,404.0,500.0,500.0,500.0
1069,220.0,27.0,106.0,500.0,500.0,379.0,500.0,500.0,194.0,500.0,452.0,177.0,500.0,500.0,9.0,500.0,9.0,500.0,500.0,500.0,500.0,500.0,500.0,421.0,9.0,500.0,117.0,453.0,500.0,500.0,500.0,500.0,187.0,500.0,500.0,229.0,500.0,10.0,500.0,500.0,500.0,500.0,368.0,9.0,151.0,500.0,289.0,500.0,500.0,331.0
1070,500.0,27.0,105.0,500.0,500.0,365.0,500.0,500.0,194.0,500.0,332.0,220.0,500.0,500.0,9.0,431.0,9.0,500.0,500.0,500.0,500.0,500.0,500.0,311.0,9.0,500.0,119.0,500.0,500.0,500.0,500.0,500.0,189.0,500.0,500.0,129.0,500.0,10.0,500.0,500.0,500.0,430.0,308.0,9.0,491.0,500.0,421.0,500.0,500.0,500.0
1071,482.0,27.0,106.0,500.0,500.0,500.0,500.0,500.0,194.0,500.0,328.0,209.0,500.0,409.0,9.0,446.0,9.0,500.0,500.0,500.0,376.0,323.0,500.0,408.0,9.0,500.0,119.0,302.0,500.0,500.0,436.0,500.0,203.0,500.0,500.0,119.0,500.0,10.0,500.0,500.0,500.0,500.0,308.0,9.0,134.0,500.0,447.0,500.0,500.0,500.0
1072,499.0,27.0,106.0,500.0,500.0,462.0,500.0,500.0,194.0,500.0,439.0,113.0,500.0,409.0,9.0,500.0,9.0,500.0,500.0,500.0,500.0,331.0,500.0,371.0,9.0,500.0,116.0,500.0,500.0,500.0,388.0,500.0,211.0,500.0,500.0,189.0,500.0,10.0,500.0,500.0,500.0,500.0,500.0,9.0,162.0,500.0,360.0,500.0,500.0,500.0
1073,430.0,27.0,106.0,500.0,500.0,358.0,500.0,500.0,194.0,500.0,386.0,334.0,500.0,417.0,9.0,335.0,9.0,500.0,500.0,500.0,500.0,500.0,500.0,451.0,9.0,500.0,118.0,500.0,500.0,500.0,500.0,500.0,191.0,500.0,500.0,187.0,500.0,10.0,500.0,500.0,500.0,500.0,500.0,9.0,314.0,500.0,392.0,500.0,500.0,500.0
1074,500.0,27.0,106.0,500.0,500.0,500.0,500.0,500.0,194.0,500.0,421.0,162.0,500.0,407.0,9.0,338.0,9.0,500.0,500.0,500.0,500.0,393.0,500.0,500.0,9.0,500.0,116.0,500.0,500.0,500.0,500.0,500.0,207.0,500.0,500.0,271.0,500.0,10.0,500.0,500.0,500.0,169.0,500.0,9.0,373.0,500.0,500.0,500.0,500.0,454.0
1075,404.0,27.0,108.0,500.0,390.0,500.0,500.0,500.0,194.0,500.0,253.0,193.0,500.0,329.0,9.0,429.0,9.0,500.0,500.0,500.0,500.0,312.0,500.0,235.0,9.0,500.0,118.0,500.0,500.0,500.0,500.0,500.0,215.0,500.0,452.0,193.0,407.0,10.0,500.0,500.0,500.0,500.0,500.0,9.0,219.0,500.0,433.0,500.0,500.0,500.0
1076,168.0,27.0,106.0,500.0,500.0,500.0,500.0,500.0,194.0,500.0,215.0,259.0,500.0,298.0,9.0,249.0,9.0,500.0,500.0,500.0,500.0,379.0,500.0,238.0,9.0,500.0,116.0,500.0,500.0,500.0,500.0,500.0,218.0,500.0,415.0,156.0,500.0,10.0,500.0,500.0,500.0,500.0,263.0,9.0,134.0,500.0,458.0,500.0,500.0,500.0
1077,373.0,27.0,106.0,500.0,500.0,332.0,500.0,500.0,194.0,500.0,500.0,336.0,500.0,325.0,9.0,230.0,9.0,500.0,500.0,500.0,500.0,149.0,500.0,400.0,9.0,500.0,116.0,352.0,500.0,500.0,500.0,500.0,212.0,500.0,384.0,118.0,500.0,10.0,500.0,500.0,500.0,500.0,354.0,9.0,179.0,500.0,485.0,500.0,455.0,500.0
1078,499.0,27.0,108.0,500.0,500.0,500.0,500.0,500.0,194.0,500.0,419.0,267.0,500.0,500.0,9.0,500.0,9.0,500.0,500.0,500.0,500.0,500.0,500.0,336.0,9.0,500.0,116.0,342.0,500.0,500.0,500.0,500.0,198.0,500.0,343.0,267.0,500.0,10.0,500.0,500.0,500.0,500.0,436.0,9.0,216.0,500.0,500.0,500.0,500.0,500.0
1079,223.0,27.0,108.0,500.0,500.0,500.0,500.0,500.0,194.0,500.0,333.0,177.0,500.0,419.0,9.0,500.0,9.0,500.0,500.0,500.0,500.0,421.0,500.0,500.0,9.0,500.0,116.0,388.0,494.0,500.0,500.0,500.0,193.0,500.0,323.0,181.0,500.0,10.0,500.0,500.0,500.0,500.0,447.0,9.0,400.0,500.0,300.0,500.0,500.0,500.0
1080,500.0,27.0,108.0,500.0,500.0,491.0,500.0,500.0,194.0,500.0,324.0,496.0,500.0,500.0,9.0,202.0,9.0,500.0,500.0,500.0,261.0,500.0,500.0,370.0,9.0,500.0,117.0,259.0,500.0,500.0,500.0,500.0,201.0,500.0,314.0,440.0,500.0,10.0,500.0,500.0,500.0,500.0,342.0,9.0,140.0,500.0,500.0,500.0,411.0,269.0
1081,446.0,27.0,108.0,500.0,500.0,500.0,500.0,500.0,194.0,500.0,319.0,238.0,500.0,399.0,9.0,359.0,9.0,500.0,500.0,500.0,500.0,307.0,500.0,490.0,9.0,500.0,116.0,276.0,500.0,500.0,500.0,500.0,187.0,500.0,305.0,239.0,500.0,10.0,500.0,500.0,500.0,500.0,500.0,9.0,188.0,500.0,451.0,500.0,498.0,500.0
1082,482.0,27.0,108.0,500.0,500.0,260.0,500.0,500.0,194.0,500.0,500.0,237.0,500.0,500.0,9.0,500.0,9.0,500.0,500.0,500.0,500.0,319.0,500.0,500.0,9.0,500.0,117.0,395.0,500.0,500.0,500.0,500.0,200.0,500.0,296.0,168.0,500.0,10.0,500.0,500.0,500.0,500.0,408.0,9.0,317.0,500.0,283.0,500.0,500.0,423.0
1083,459.0,27.0,108.0,500.0,500.0,500.0,500.0,500.0,194.0,435.0,306.0,124.0,500.0,500.0,9.0,500.0,9.0,500.0,500.0,500.0,413.0,445.0,500.0,500.0,9.0,500.0,119.0,246.0,500.0,500.0,500.0,500.0,203.0,500.0,302.0,135.0,500.0,10.0,500.0,500.0,500.0,500.0,500.0,9.0,46.0,500.0,500.0,500.0,438.0,500.0
1084,202.0,27.0,108.0,500.0,500.0,500.0,500.0,500.0,194.0,500.0,500.0,147.0,500.0,500.0,9.0,500.0,9.0,500.0,500.0,500.0,500.0,500.0,500.0,500.0,9.0,500.0,119.0,390.0,500.0,480.0,500.0,500.0,189.0,500.0,295.0,196.0,500.0,10.0,500.0,500.0,500.0,500.0,349.0,9.0,275.0,500.0,500.0,500.0,478.0,359.0
1085,338.0,27.0,108.0,500.0,283.0,500.0,500.0,500.0,194.0,500.0,240.0,500.0,500.0,500.0,9.0,500.0,9.0,500.0,500.0,500.0,500.0,500.0,500.0,500.0,9.0,500.0,116.0,451.0,500.0,484.0,500.0,500.0,185.0,500.0,294.0,141.0,500.0,10.0,500.0,500.0,500.0,500.0,500.0,9.0,328.0,500.0,217.0,500.0,492.0,500.0
1086,500.0,27.0,108.0,500.0,341.0,381.0,500.0,500.0,194.0,500.0,500.0,238.0,500.0,500.0,9.0,475.0,9.0,500.0,500.0,500.0,500.0,387.0,500.0,500.0,9.0,500.0,116.0,215.0,500.0,482.0,485.0,500.0,181.0,500.0,291.0,213.0,500.0,10.0,500.0,500.0,500.0,500.0,500.0,9.0,318.0,500.0,330.0,500.0,446.0,500.0
1087,500.0,27.0,108.0,500.0,500.0,322.0,500.0,500.0,194.0,500.0,500.0,153.0,500.0,500.0,9.0,233.0,9.0,500.0,500.0,500.0,426.0,500.0,500.0,500.0,9.0,500.0,118.0,406.0,500.0,458.0,205.0,500.0,184.0,500.0,292.0,160.0,500.0,10.0,500.0,500.0,500.0,500.0,390.0,9.0,355.0,500.0,220.0,500.0,500.0,500.0
1088,500.0,27.0,108.0,500.0,500.0,342.0,500.0,500.0,194.0,500.0,500.0,357.0,500.0,500.0,9.0,500.0,9.0,500.0,500.0,500.0,500.0,415.0,500.0,500.0,9.0,500.0,119.0,400.0,500.0,445.0,147.0,500.0,175.0,500.0,296.0,177.0,500.0,10.0,500.0,500.0,500.0,500.0,426.0,9.0,466.0,500.0,500.0,500.0,500.0,500.0
1089,500.0,27.0,108.0,500.0,500.0,234.0,500.0,500.0,194.0,449.0,500.0,247.0,500.0,500.0,9.0,306.0,9.0,500.0,500.0,500.0,500.0,137.0,500.0,500.0,9.0,500.0,116.0,347.0,500.0,453.0,500.0,500.0,181.0,500.0,291.0,239.0,500.0,10.0,500.0,500.0,500.0,500.0,182.0,9.0,152.0,500.0,380.0,500.0,500.0,500.0
1090,500.0,27.0,108.0,500.0,500.0,265.0,316.0,500.0,194.0,500.0,500.0,201.0,500.0,500.0,9.0,261.0,9.0,500.0,500.0,500.0,500.0,252.0,500.0,500.0,9.0,500.0,116.0,401.0,500.0,443.0,500.0,500.0,172.0,500.0,302.0,341.0,500.0,10.0,500.0,500.0,500.0,500.0,500.0,9.0,284.0,500.0,497.0,500.0,500.0,500.0
1091,362.0,27.0,108.0,500.0,500.0,500.0,500.0,500.0,194.0,500.0,500.0,190.0,500.0,500.0,9.0,232.0,9.0,500.0,500.0,500.0,500.0,296.0,500.0,500.0,9.0,500.0,118.0,500.0,500.0,453.0,500.0,500.0,175.0,500.0,304.0,313.0,500.0,10.0,500.0,500.0,500.0,500.0,500.0,9.0,435.0,500.0,319.0,500.0,500.0,500.0
1092,390.0,27.0,108.0,500.0,500.0,364.0,475.0,500.0,194.0,500.0,500.0,220.0,500.0,500.0,9.0,137.0,9.0,500.0,500.0,500.0,500.0,292.0,500.0,500.0,9.0,500.0,119.0,386.0,500.0,472.0,500.0,500.0,169.0,500.0,304.0,261.0,435.0,10.0,500.0,500.0,500.0,500.0,207.0,9.0,264.0,500.0,442.0,500.0,500.0,500.0
1093,468.0,27.0,108.0,500.0,500.0,367.0,500.0,500.0,194.0,500.0,500.0,256.0,500.0,500.0,9.0,317.0,9.0,500.0,500.0,500.0,500.0,319.0,500.0,500.0,9.0,500.0,115.0,332.0,500.0,488.0,254.0,500.0,170.0,500.0,305.0,164.0,500.0,10.0,500.0,494.0,500.0,500.0,500.0,9.0,288.0,500.0,160.0,500.0,500.0,423.0
1094,500.0,27.0,108.0,500.0,500.0,500.0,500.0,500.0,194.0,500.0,500.0,386.0,500.0,500.0,9.0,500.0,9.0,500.0,500.0,500.0,500.0,305.0,500.0,500.0,9.0,500.0,117.0,153.0,500.0,489.0,500.0,500.0,168.0,500.0,308.0,238.0,500.0,10.0,63.0,296.0,500.0,500.0,500.0,9.0,226.0,500.0,304.0,500.0,500.0,500.0
1095,500.0,27.0,108.0,500.0,500.0,500.0,500.0,500.0,194.0,500.0,500.0,347.0,500.0,500.0,9.0,500.0,9.0,500.0,500.0,500.0,449.0,389.0,500.0,500.0,9.0,500.0,117.0,500.0,500.0,500.0,318.0,500.0,166.0,500.0,315.0,237.0,497.0,10.0,500.0,137.0,500.0,500.0,167.0,9.0,380.0,500.0,152.0,500.0,500.0,500.0
1096,211.0,27.0,108.0,500.0,500.0,386.0,500.0,500.0,194.0,500.0,500.0,156.0,500.0,500.0,9.0,125.0,9.0,500.0,500.0,500.0,500.0,377.0,500.0,500.0,9.0,500.0,115.0,457.0,500.0,500.0,346.0,500.0,173.0,500.0,304.0,155.0,500.0,10.0,500.0,237.0,500.0,500.0,203.0,9.0,145.0,500.0,272.0,500.0,500.0,500.0
1097,500.0,27.0,108.0,500.0,500.0,462.0,500.0,500.0,194.0,500.0,500.0,462.0,500.0,500.0,9.0,239.0,9.0,500.0,500.0,500.0,500.0,403.0,500.0,500.0,9.0,500.0,114.0,451.0,500.0,500.0,500.0,500.0,169.0,500.0,312.0,500.0,500.0,10.0,500.0,204.0,500.0,500.0,500.0,9.0,500.0,500.0,301.0,500.0,500.0,500.0
1098,158.0,27.0,108.0,500.0,500.0,434.0,500.0,500.0,194.0,500.0,500.0,267.0,500.0,500.0,9.0,242.0,9.0,500.0,500.0,500.0,483.0,239.0,500.0,500.0,9.0,500.0,114.0,171.0,500.0,500.0,500.0,500.0,166.0,500.0,310.0,152.0,500.0,10.0,500.0,229.0,500.0,500.0,500.0,9.0,270.0,500.0,244.0,500.0,500.0,500.0
1099,500.0,27.0,108.0,500.0,500.0,500.0,500.0,500.0,194.0,500.0,500.0,500.0,500.0,500.0,9.0,294.0,9.0,500.0,500.0,500.0,421.0,163.0,500.0,500.0,9.0,500.0,114.0,227.0,500.0,500.0,500.0,500.0,156.0,500.0,312.0,121.0,500.0,10.0,500.0,196.0,500.0,500.0,374.0,9.0,169.0,500.0,276.0,500.0,500.0,500.0
1100,500.0,27.0,108.0,500.0,500.0,272.0,500.0,500.0,194.0,500.0,500.0,299.0,500.0,500.0,9.0,366.0,9.0,500.0,500.0,500.0,500.0,350.0,500.0,500.0,9.0,500.0,114.0,251.0,500.0,500.0,500.0,500.0,167.0,500.0,311.0,163.0,478.0,10.0,500.0,200.0,500.0,500.0,324.0,9.0,500.0,500.0,314.0,500.0,500.0,500.0
1101,147.0,27.0,108.0,500.0,500.0,335.0,500.0,500.0,194.0,500.0,500.0,180.0,500.0,500.0,9.0,340.0,9.0,500.0,500.0,500.0,403.0,500.0,500.0,500.0,9.0,500.0,112.0,221.0,500.0,500.0,500.0,500.0,169.0,500.0,312.0,111.0,310.0,10.0,500.0,151.0,500.0,500.0,348.0,9.0,312.0,500.0,137.0,500.0,500.0,500.0
1102,435.0,27.0,108.0,500.0,500.0,500.0,500.0,500.0,194.0,500.0,434.0,313.0,500.0,500.0,9.0,394.0,9.0,500.0,500.0,500.0,500.0,500.0,500.0,500.0,9.0,500.0,112.0,273.0,500.0,500.0,500.0,500.0,166.0,500.0,320.0,165.0,500.0,10.0,500.0,142.0,500.0,500.0,434.0,9.0,287.0,500.0,245.0,500.0,500.0,500.0
1103,500.0,27.0,108.0,500.0,500.0,500.0,500.0,500.0,194.0,500.0,305.0,240.0,500.0,500.0,9.0,157.0,9.0,500.0,500.0,500.0,152.0,500.0,500.0,500.0,9.0,500.0,112.0,500.0,500.0,500.0,500.0,500.0,167.0,500.0,320.0,234.0,330.0,10.0,500.0,177.0,500.0,500.0,500.0,9.0,468.0,500.0,297.0,500.0,500.0,500.0
1104,233.0,27.0,108.0,500.0,500.0,250.0,500.0,500.0,194.0,500.0,353.0,186.0,500.0,500.0,9.0,363.0,9.0,500.0,500.0,500.0,500.0,241.0,500.0,500.0,9.0,500.0,113.0,231.0,500.0,500.0,500.0,500.0,166.0,500.0,328.0,125.0,495.0,10.0,500.0,162.0,500.0,500.0,391.0,9.0,281.0,500.0,248.0,500.0,500.0,500.0
1105,118.0,27.0,108.0,500.0,500.0,500.0,500.0,500.0,194.0,500.0,338.0,257.0,500.0,500.0,9.0,149.0,9.0,500.0,500.0,500.0,500.0,500.0,500.0,500.0,9.0,500.0,112.0,359.0,500.0,500.0,500.0,500.0,167.0,500.0,324.0,114.0,436.0,10.0,500.0,143.0,500.0,500.0,403.0,9.0,142.0,500.0,271.0,500.0,500.0,500.0
1106,500.0,27.0,108.0,500.0,500.0,500.0,500.0,500.0,194.0,500.0,310.0,394.0,500.0,500.0,9.0,189.0,9.0,500.0,500.0,500.0,172.0,440.0,500.0,500.0,9.0,500.0,112.0,500.0,500.0,500.0,500.0,500.0,168.0,500.0,327.0,170.0,341.0,10.0,500.0,153.0,500.0,500.0,500.0,9.0,116.0,500.0,246.0,500.0,500.0,500.0
1107,372.0,27.0,108.0,500.0,500.0,500.0,500.0,500.0,194.0,500.0,314.0,306.0,500.0,500.0,9.0,140.0,9.0,500.0,500.0,500.0,500.0,500.0,500.0,500.0,9.0,500.0,112.0,372.0,500.0,500.0,283.0,500.0,161.0,500.0,323.0,163.0,451.0,10.0,500.0,152.0,500.0,500.0,144.0,9.0,323.0,500.0,289.0,500.0,500.0,500.0
1108,301.0,27.0,108.0,500.0,500.0,500.0,500.0,500.0,194.0,500.0,371.0,496.0,500.0,500.0,9.0,153.0,9.0,500.0,500.0,500.0,500.0,274.0,500.0,500.0,9.0,500.0,112.0,483.0,500.0,500.0,216.0,500.0,165.0,500.0,328.0,152.0,327.0,10.0,500.0,157.0,500.0,500.0,328.0,9.0,114.0,500.0,247.0,500.0,500.0,500.0
1109,500.0,27.0,108.0,500.0,500.0,500.0,500.0,500.0,194.0,500.0,500.0,500.0,500.0,500.0,9.0,221.0,9.0,500.0,500.0,500.0,500.0,284.0,500.0,500.0,9.0,500.0,110.0,500.0,500.0,475.0,338.0,500.0,155.0,500.0,319.0,116.0,440.0,10.0,500.0,192.0,500.0,500.0,399.0,9.0,344.0,500.0,298.0,500.0,500.0,500.0
1110,148.0,27.0,108.0,500.0,500.0,323.0,500.0,500.0,194.0,500.0,500.0,500.0,500.0,500.0,9.0,331.0,9.0,500.0,500.0,500.0,387.0,409.0,500.0,500.0,9.0,500.0,112.0,361.0,500.0,453.0,275.0,500.0,151.0,500.0,318.0,186.0,398.0,10.0,500.0,171.0,500.0,500.0,500.0,9.0,254.0,500.0,230.0,500.0,500.0,500.0
1111,500.0,27.0,108.0,500.0,500.0,376.0,500.0,500.0,199.0,500.0,500.0,500.0,500.0,500.0,9.0,236.0,9.0,500.0,500.0,500.0,500.0,356.0,500.0,500.0,9.0,500.0,110.0,313.0,500.0,447.0,500.0,500.0,165.0,500.0,323.0,500.0,382.0,10.0,500.0,152.0,500.0,500.0,500.0,9.0,210.0,500.0,348.0,500.0,500.0,500.0
1112,199.0,27.0,108.0,500.0,500.0,452.0,500.0,500.0,199.0,500.0,500.0,290.0,500.0,500.0,9.0,493.0,9.0,500.0,500.0,500.0,500.0,210.0,500.0,500.0,9.0,500.0,113.0,432.0,500.0,457.0,500.0,500.0,165.0,500.0,314.0,263.0,420.0,10.0,500.0,154.0,500.0,500.0,500.0,9.0,122.0,500.0,313.0,500.0,500.0,500.0
1113,500.0,27.0,108.0,500.0,500.0,210.0,500.0,500.0,199.0,500.0,500.0,495.0,500.0,500.0,9.0,411.0,9.0,500.0,500.0,500.0,500.0,269.0,500.0,500.0,9.0,500.0,112.0,500.0,500.0,458.0,500.0,500.0,160.0,500.0,323.0,160.0,293.0,10.0,500.0,169.0,500.0,500.0,500.0,9.0,207.0,500.0,257.0,500.0,500.0,500.0
1114,272.0,27.0,108.0,500.0,500.0,304.0,500.0,500.0,199.0,500.0,500.0,500.0,500.0,500.0,9.0,328.0,9.0,500.0,500.0,500.0,500.0,309.0,500.0,500.0,9.0,500.0,112.0,244.0,500.0,445.0,500.0,500.0,135.0,500.0,317.0,300.0,254.0,10.0,500.0,177.0,500.0,500.0,364.0,9.0,180.0,500.0,268.0,500.0,500.0,500.0
1115,500.0,27.0,108.0,500.0,500.0,471.0,500.0,500.0,194.0,500.0,500.0,291.0,500.0,500.0,9.0,485.0,9.0,500.0,500.0,500.0,500.0,500.0,500.0,500.0,9.0,500.0,110.0,256.0,500.0,448.0,500.0,500.0,132.0,500.0,303.0,140.0,271.0,10.0,500.0,183.0,500.0,500.0,500.0,9.0,222.0,500.0,281.0,500.0,500.0,500.0
1116,268.0,27.0,108.0,500.0,500.0,500.0,500.0,500.0,199.0,500.0,500.0,500.0,500.0,500.0,9.0,360.0,9.0,500.0,500.0,500.0,500.0,237.0,500.0,500.0,9.0,500.0,110.0,318.0,500.0,451.0,500.0,500.0,160.0,500.0,307.0,164.0,348.0,10.0,500.0,172.0,500.0,500.0,500.0,9.0,227.0,500.0,153.0,500.0,500.0,500.0
1117,202.0,27.0,108.0,500.0,500.0,500.0,500.0,500.0,199.0,500.0,500.0,500.0,500.0,500.0,9.0,331.0,9.0,500.0,500.0,500.0,500.0,318.0,500.0,500.0,9.0,500.0,112.0,500.0,500.0,437.0,371.0,500.0,157.0,500.0,313.0,135.0,319.0,10.0,500.0,181.0,500.0,500.0,500.0,9.0,111.0,500.0,275.0,500.0,500.0,500.0
1118,467.0,27.0,110.0,500.0,500.0,293.0,500.0,500.0,199.0,500.0,500.0,500.0,500.0,500.0,9.0,395.0,9.0,500.0,500.0,500.0,500.0,500.0,500.0,500.0,9.0,500.0,112.0,362.0,500.0,399.0,500.0,500.0,153.0,500.0,316.0,174.0,228.0,10.0,500.0,192.0,500.0,500.0,401.0,9.0,169.0,500.0,337.0,500.0,500.0,500.0
1119,200.0,27.0,108.0,500.0,491.0,500.0,500.0,500.0,199.0,500.0,500.0,440.0,500.0,500.0,9.0,482.0,9.0,500.0,500.0,500.0,500.0,452.0,500.0,500.0,9.0,500.0,112.0,394.0,500.0,373.0,500.0,500.0,154.0,500.0,317.0,202.0,319.0,10.0,500.0,180.0,500.0,500.0,322.0,9.0,248.0,500.0,296.0,500.0,500.0,500.0
1120,231.0,27.0,108.0,500.0,500.0,500.0,500.0,389.0,199.0,500.0,500.0,500.0,500.0,500.0,9.0,500.0,9.0,500.0,500.0,500.0,500.0,440.0,500.0,500.0,9.0,500.0,112.0,472.0,500.0,346.0,500.0,500.0,152.0,500.0,334.0,169.0,303.0,10.0,500.0,196.0,500.0,500.0,138.0,9.0,144.0,500.0,314.0,500.0,500.0,500.0
1121,395.0,27.0,110.0,500.0,500.0,500.0,115.0,444.0,199.0,500.0,500.0,104.0,500.0,500.0,9.0,253.0,9.0,500.0,500.0,500.0,500.0,311.0,500.0,500.0,9.0,500.0,112.0,202.0,500.0,338.0,500.0,500.0,133.0,500.0,328.0,183.0,301.0,10.0,500.0,164.0,500.0,500.0,228.0,9.0,321.0,500.0,270.0,500.0,500.0,500.0
1122,92.0,27.0,108.0,500.0,500.0,133.0,500.0,465.0,199.0,500.0,500.0,450.0,500.0,500.0,9.0,500.0,9.0,500.0,500.0,500.0,500.0,344.0,500.0,500.0,9.0,500.0,113.0,391.0,500.0,325.0,271.0,500.0,120.0,500.0,342.0,139.0,270.0,10.0,500.0,183.0,500.0,500.0,431.0,9.0,169.0,500.0,306.0,500.0,500.0,500.0
1123,231.0,27.0,110.0,500.0,500.0,500.0,500.0,370.0,199.0,500.0,500.0,445.0,500.0,500.0,9.0,480.0,9.0,500.0,500.0,500.0,500.0,148.0,500.0,500.0,9.0,500.0,112.0,428.0,500.0,307.0,500.0,500.0,116.0,500.0,330.0,191.0,269.0,10.0,500.0,229.0,500.0,500.0,364.0,9.0,268.0,500.0,351.0,500.0,500.0,500.0
1124,500.0,27.0,110.0,500.0,500.0,141.0,500.0,430.0,199.0,500.0,500.0,429.0,500.0,500.0,9.0,447.0,9.0,500.0,500.0,500.0,500.0,418.0,500.0,500.0,9.0,500.0,112.0,500.0,500.0,286.0,500.0,500.0,134.0,500.0,342.0,149.0,204.0,10.0,500.0,185.0,500.0,500.0,223.0,9.0,131.0,500.0,284.0,500.0,500.0,500.0
1125,193.0,27.0,110.0,500.0,500.0,340.0,500.0,448.0,199.0,500.0,500.0,236.0,500.0,500.0,9.0,491.0,9.0,500.0,500.0,498.0,500.0,331.0,500.0,500.0,9.0,500.0,113.0,300.0,500.0,273.0,500.0,500.0,129.0,500.0,349.0,215.0,254.0,10.0,500.0,204.0,500.0,500.0,500.0,9.0,132.0,500.0,500.0,500.0,500.0,500.0
1126,341.0,27.0,110.0,500.0,500.0,500.0,154.0,500.0,199.0,500.0,500.0,362.0,500.0,500.0,9.0,338.0,9.0,500.0,500.0,500.0,500.0,500.0,500.0,500.0,9.0,500.0,112.0,247.0,500.0,263.0,370.0,500.0,113.0,500.0,353.0,188.0,191.0,10.0,500.0,171.0,500.0,500.0,500.0,9.0,260.0,500.0,328.0,500.0,500.0,500.0
1127,181.0,27.0,110.0,500.0,500.0,178.0,306.0,500.0,199.0,499.0,500.0,500.0,500.0,500.0,9.0,493.0,9.0,500.0,500.0,500.0,500.0,371.0,500.0,500.0,9.0,500.0,112.0,152.0,500.0,248.0,212.0,500.0,110.0,500.0,355.0,273.0,363.0,10.0,500.0,269.0,500.0,500.0,485.0,9.0,114.0,500.0,267.0,500.0,500.0,500.0
1128,304.0,27.0,110.0,500.0,445.0,500.0,500.0,464.0,199.0,500.0,500.0,204.0,500.0,500.0,9.0,500.0,9.0,500.0,500.0,500.0,500.0,500.0,500.0,500.0,9.0,500.0,113.0,360.0,500.0,241.0,500.0,500.0,107.0,500.0,360.0,202.0,235.0,10.0,500.0,245.0,500.0,500.0,365.0,9.0,500.0,500.0,124.0,500.0,500.0,500.0
1129,168.0,27.0,110.0,500.0,499.0,500.0,476.0,469.0,199.0,500.0,500.0,406.0,500.0,500.0,9.0,242.0,9.0,500.0,500.0,468.0,500.0,331.0,500.0,500.0,9.0,500.0,114.0,403.0,500.0,230.0,500.0,500.0,100.0,500.0,350.0,148.0,264.0,10.0,500.0,236.0,500.0,500.0,317.0,9.0,162.0,500.0,477.0,500.0,500.0,500.0
1130,500.0,27.0,110.0,500.0,471.0,414.0,500.0,500.0,199.0,500.0,473.0,388.0,500.0,500.0,9.0,274.0,9.0,500.0,500.0,370.0,500.0,500.0,500.0,500.0,9.0,500.0,112.0,500.0,500.0,219.0,459.0,500.0,106.0,500.0,351.0,221.0,244.0,10.0,500.0,239.0,500.0,500.0,371.0,9.0,202.0,500.0,500.0,500.0,500.0,500.0
1131,244.0,27.0,110.0,500.0,383.0,232.0,500.0,431.0,199.0,500.0,312.0,311.0,500.0,500.0,9.0,500.0,10.0,500.0,500.0,338.0,500.0,500.0,500.0,500.0,9.0,500.0,113.0,500.0,500.0,213.0,245.0,500.0,99.0,500.0,352.0,120.0,208.0,10.0,500.0,275.0,500.0,500.0,500.0,9.0,166.0,500.0,500.0,500.0,500.0,500.0
1132,167.0,27.0,110.0,500.0,345.0,500.0,500.0,500.0,199.0,500.0,300.0,500.0,500.0,500.0,9.0,422.0,9.0,500.0,500.0,500.0,500.0,354.0,500.0,500.0,9.0,500.0,112.0,500.0,500.0,209.0,293.0,500.0,97.0,500.0,352.0,131.0,222.0,10.0,500.0,200.0,500.0,500.0,397.0,9.0,208.0,500.0,129.0,500.0,500.0,500.0
1133,500.0,27.0,111.0,500.0,485.0,500.0,500.0,500.0,199.0,500.0,298.0,500.0,500.0,500.0,9.0,410.0,9.0,500.0,500.0,453.0,500.0,270.0,500.0,500.0,9.0,500.0,114.0,500.0,500.0,205.0,500.0,500.0,101.0,500.0,352.0,137.0,309.0,10.0,500.0,254.0,500.0,500.0,330.0,9.0,311.0,500.0,441.0,500.0,500.0,500.0
1134,280.0,27.0,111.0,500.0,438.0,405.0,500.0,500.0,199.0,500.0,269.0,493.0,500.0,500.0,9.0,347.0,9.0,500.0,500.0,500.0,500.0,329.0,500.0,500.0,9.0,500.0,114.0,146.0,500.0,201.0,500.0,500.0,91.0,500.0,347.0,206.0,280.0,10.0,500.0,234.0,500.0,500.0,500.0,9.0,114.0,500.0,302.0,500.0,500.0,500.0
1135,319.0,27.0,111.0,500.0,500.0,500.0,500.0,500.0,199.0,500.0,226.0,185.0,500.0,500.0,9.0,500.0,9.0,500.0,500.0,500.0,500.0,500.0,500.0,500.0,9.0,500.0,112.0,425.0,500.0,195.0,500.0,500.0,91.0,500.0,350.0,104.0,165.0,10.0,500.0,427.0,500.0,500.0,500.0,9.0,100.0,500.0,195.0,500.0,500.0,500.0
1136,311.0,27.0,111.0,500.0,500.0,472.0,500.0,370.0,199.0,500.0,238.0,311.0,500.0,500.0,9.0,500.0,9.0,500.0,500.0,500.0,500.0,203.0,500.0,500.0,9.0,500.0,114.0,138.0,500.0,186.0,500.0,500.0,99.0,500.0,350.0,203.0,251.0,10.0,500.0,279.0,500.0,500.0,500.0,9.0,134.0,500.0,295.0,500.0,500.0,500.0
1137,500.0,27.0,112.0,500.0,366.0,500.0,500.0,402.0,199.0,500.0,202.0,255.0,500.0,500.0,9.0,443.0,9.0,500.0,500.0,500.0,500.0,282.0,500.0,500.0,9.0,500.0,115.0,500.0,500.0,182.0,500.0,500.0,93.0,500.0,354.0,244.0,218.0,10.0,500.0,249.0,500.0,500.0,232.0,9.0,152.0,500.0,282.0,500.0,500.0,500.0
1138,443.0,27.0,111.0,500.0,446.0,335.0,500.0,500.0,199.0,500.0,205.0,441.0,500.0,500.0,9.0,274.0,9.0,500.0,500.0,500.0,500.0,500.0,500.0,500.0,9.0,500.0,114.0,500.0,500.0,180.0,500.0,500.0,95.0,500.0,345.0,123.0,183.0,10.0,500.0,332.0,500.0,500.0,137.0,9.0,402.0,500.0,123.0,500.0,500.0,500.0
1139,335.0,27.0,115.0,500.0,210.0,286.0,500.0,500.0,199.0,411.0,177.0,192.0,500.0,500.0,9.0,318.0,9.0,500.0,500.0,500.0,500.0,345.0,500.0,500.0,9.0,500.0,114.0,422.0,500.0,176.0,284.0,500.0,93.0,500.0,353.0,242.0,196.0,10.0,500.0,356.0,500.0,500.0,495.0,9.0,110.0,500.0,131.0,500.0,500.0,500.0
1140,500.0,27.0,115.0,500.0,500.0,500.0,500.0,500.0,199.0,500.0,190.0,150.0,500.0,500.0,9.0,238.0,9.0,500.0,500.0,500.0,500.0,250.0,500.0,500.0,9.0,500.0,116.0,500.0,500.0,174.0,418.0,500.0,93.0,500.0,350.0,154.0,209.0,10.0,500.0,383.0,500.0,500.0,450.0,9.0,331.0,500.0,327.0,500.0,500.0,500.0
1141,500.0,27.0,115.0,500.0,500.0,500.0,500.0,500.0,199.0,500.0,189.0,500.0,500.0,500.0,9.0,210.0,9.0,500.0,500.0,500.0,500.0,390.0,500.0,500.0,9.0,500.0,114.0,249.0,500.0,170.0,474.0,500.0,91.0,500.0,362.0,203.0,211.0,10.0,500.0,429.0,500.0,500.0,500.0,9.0,130.0,500.0,216.0,500.0,500.0,446.0
1142,148.0,27.0,116.0,500.0,500.0,335.0,500.0,500.0,199.0,500.0,163.0,235.0,500.0,500.0,9.0,268.0,9.0,500.0,500.0,500.0,500.0,314.0,500.0,500.0,9.0,500.0,113.0,467.0,500.0,168.0,485.0,500.0,93.0,500.0,354.0,120.0,245.0,10.0,500.0,273.0,500.0,500.0,500.0,9.0,192.0,500.0,500.0,500.0,500.0,476.0
1143,202.0,27.0,116.0,395.0,336.0,338.0,500.0,500.0,199.0,500.0,171.0,363.0,500.0,500.0,9.0,425.0,9.0,500.0,500.0,500.0,407.0,500.0,500.0,500.0,9.0,500.0,112.0,500.0,500.0,167.0,500.0,500.0,95.0,500.0,358.0,211.0,326.0,10.0,500.0,369.0,500.0,500.0,223.0,9.0,112.0,500.0,139.0,500.0,500.0,500.0
1144,500.0,27.0,116.0,500.0,345.0,500.0,500.0,500.0,199.0,500.0,162.0,380.0,500.0,500.0,9.0,396.0,9.0,500.0,500.0,500.0,500.0,500.0,500.0,500.0,9.0,500.0,112.0,426.0,500.0,165.0,500.0,60.0,97.0,500.0,368.0,463.0,194.0,10.0,500.0,389.0,500.0,500.0,400.0,9.0,40.0,500.0,315.0,500.0,500.0,242.0
1145,500.0,27.0,116.0,500.0,469.0,233.0,500.0,500.0,199.0,500.0,164.0,500.0,500.0,500.0,9.0,189.0,9.0,500.0,500.0,500.0,390.0,380.0,500.0,500.0,9.0,500.0,116.0,500.0,500.0,163.0,500.0,500.0,97.0,500.0,351.0,178.0,181.0,10.0,500.0,500.0,500.0,500.0,335.0,9.0,105.0,500.0,500.0,500.0,500.0,500.0
1146,500.0,27.0,116.0,500.0,437.0,151.0,500.0,500.0,199.0,500.0,170.0,452.0,500.0,500.0,9.0,215.0,9.0,500.0,500.0,500.0,500.0,500.0,500.0,500.0,9.0,500.0,116.0,237.0,500.0,161.0,500.0,500.0,95.0,500.0,363.0,148.0,229.0,10.0,500.0,301.0,500.0,500.0,500.0,9.0,149.0,500.0,500.0,500.0,500.0,311.0
1147,478.0,27.0,116.0,500.0,376.0,500.0,500.0,500.0,199.0,500.0,171.0,258.0,500.0,500.0,9.0,432.0,9.0,500.0,500.0,500.0,262.0,343.0,500.0,500.0,9.0,500.0,116.0,146.0,500.0,161.0,500.0,500.0,94.0,500.0,350.0,138.0,195.0,10.0,500.0,468.0,500.0,500.0,500.0,9.0,168.0,500.0,413.0,500.0,500.0,496.0
1148,462.0,27.0,116.0,500.0,500.0,412.0,500.0,500.0,199.0,500.0,171.0,315.0,500.0,500.0,9.0,500.0,9.0,500.0,500.0,500.0,162.0,500.0,500.0,500.0,9.0,500.0,116.0,251.0,500.0,159.0,258.0,500.0,94.0,500.0,374.0,144.0,215.0,10.0,500.0,361.0,500.0,500.0,470.0,9.0,134.0,500.0,500.0,500.0,500.0,500.0
1149,458.0,27.0,116.0,500.0,500.0,500.0,500.0,500.0,199.0,500.0,145.0,470.0,500.0,500.0,9.0,435.0,9.0,500.0,500.0,500.0,258.0,500.0,500.0,500.0,9.0,500.0,114.0,383.0,500.0,157.0,268.0,500.0,98.0,500.0,373.0,155.0,178.0,10.0,500.0,388.0,500.0,500.0,371.0,9.0,152.0,500.0,500.0,500.0,500.0,301.0
1150,500.0,27.0,116.0,500.0,500.0,332.0,500.0,500.0,199.0,171.0,183.0,500.0,500.0,500.0,9.0,484.0,9.0,500.0,500.0,500.0,158.0,481.0,500.0,500.0,9.0,500.0,117.0,318.0,500.0,155.0,500.0,500.0,108.0,500.0,374.0,279.0,186.0,10.0,500.0,466.0,500.0,500.0,119.0,9.0,155.0,500.0,500.0,500.0,500.0,387.0
1151,414.0,27.0,116.0,500.0,218.0,466.0,500.0,500.0,199.0,500.0,176.0,500.0,500.0,500.0,9.0,500.0,9.0,500.0,500.0,500.0,500.0,500.0,500.0,500.0,9.0,500.0,117.0,129.0,500.0,155.0,500.0,500.0,103.0,500.0,374.0,163.0,192.0,10.0,500.0,325.0,500.0,500.0,445.0,9.0,500.0,500.0,309.0,500.0,500.0,500.0
1152,500.0,27.0,116.0,500.0,500.0,500.0,500.0,500.0,199.0,490.0,163.0,205.0,500.0,500.0,9.0,197.0,9.0,500.0,500.0,500.0,446.0,500.0,500.0,500.0,9.0,500.0,117.0,328.0,500.0,157.0,215.0,500.0,103.0,500.0,376.0,111.0,196.0,10.0,500.0,500.0,500.0,500.0,240.0,9.0,187.0,500.0,303.0,500.0,500.0,468.0
1153,495.0,27.0,116.0,500.0,500.0,293.0,500.0,500.0,199.0,500.0,183.0,500.0,500.0,500.0,9.0,312.0,9.0,500.0,500.0,500.0,446.0,500.0,500.0,500.0,9.0,500.0,116.0,500.0,252.0,155.0,337.0,500.0,107.0,500.0,382.0,176.0,172.0,10.0,500.0,500.0,500.0,500.0,302.0,9.0,211.0,500.0,436.0,500.0,500.0,473.0
1154,357.0,27.0,116.0,500.0,500.0,270.0,500.0,500.0,199.0,500.0,169.0,285.0,500.0,500.0,9.0,289.0,9.0,500.0,500.0,500.0,404.0,500.0,500.0,500.0,9.0,500.0,116.0,500.0,500.0,150.0,499.0,500.0,103.0,500.0,376.0,141.0,181.0,10.0,500.0,500.0,500.0,500.0,500.0,9.0,186.0,500.0,500.0,500.0,500.0,397.0
1155,500.0,27.0,116.0,500.0,500.0,115.0,500.0,500.0,199.0,500.0,165.0,289.0,500.0,500.0,9.0,297.0,9.0,500.0,500.0,500.0,287.0,500.0,500.0,500.0,9.0,500.0,116.0,424.0,500.0,153.0,500.0,500.0,133.0,500.0,361.0,94.0,167.0,10.0,500.0,345.0,500.0,500.0,368.0,9.0,289.0,500.0,315.0,500.0,500.0,380.0
1156,270.0,27.0,116.0,500.0,447.0,351.0,500.0,500.0,199.0,500.0,203.0,397.0,500.0,500.0,9.0,425.0,9.0,500.0,500.0,500.0,500.0,275.0,500.0,500.0,9.0,500.0,114.0,455.0,500.0,148.0,165.0,500.0,132.0,500.0,378.0,181.0,192.0,10.0,500.0,443.0,500.0,500.0,500.0,9.0,334.0,500.0,299.0,500.0,500.0,500.0
1157,500.0,27.0,116.0,500.0,500.0,500.0,500.0,500.0,199.0,151.0,186.0,294.0,500.0,500.0,9.0,334.0,9.0,500.0,500.0,500.0,500.0,244.0,500.0,500.0,9.0,500.0,114.0,264.0,500.0,147.0,439.0,500.0,131.0,500.0,383.0,152.0,210.0,10.0,500.0,400.0,500.0,500.0,190.0,9.0,123.0,500.0,336.0,500.0,500.0,500.0
1158,182.0,27.0,116.0,500.0,399.0,270.0,500.0,500.0,199.0,500.0,159.0,500.0,500.0,500.0,9.0,139.0,9.0,500.0,500.0,500.0,412.0,280.0,500.0,500.0,9.0,500.0,116.0,201.0,500.0,147.0,480.0,500.0,111.0,500.0,374.0,372.0,187.0,10.0,500.0,430.0,500.0,500.0,412.0,9.0,187.0,500.0,500.0,500.0,500.0,500.0
1159,460.0,27.0,116.0,500.0,500.0,343.0,500.0,500.0,206.0,500.0,193.0,490.0,500.0,500.0,9.0,500.0,9.0,500.0,500.0,500.0,500.0,497.0,500.0,500.0,9.0,500.0,117.0,153.0,500.0,145.0,276.0,500.0,137.0,500.0,374.0,426.0,147.0,10.0,500.0,440.0,500.0,500.0,325.0,9.0,290.0,500.0,219.0,500.0,500.0,500.0
1160,469.0,27.0,116.0,500.0,498.0,469.0,500.0,500.0,199.0,186.0,187.0,500.0,500.0,500.0,9.0,450.0,9.0,500.0,500.0,500.0,500.0,500.0,500.0,500.0,9.0,500.0,117.0,144.0,500.0,149.0,500.0,500.0,143.0,500.0,379.0,339.0,169.0,10.0,500.0,499.0,500.0,500.0,485.0,9.0,500.0,500.0,275.0,500.0,500.0,500.0
1161,214.0,27.0,116.0,500.0,393.0,500.0,500.0,500.0,199.0,461.0,178.0,472.0,500.0,500.0,9.0,361.0,9.0,500.0,500.0,500.0,500.0,271.0,500.0,500.0,9.0,500.0,117.0,500.0,500.0,146.0,450.0,500.0,113.0,500.0,379.0,116.0,164.0,10.0,500.0,500.0,500.0,500.0,500.0,9.0,138.0,500.0,500.0,500.0,500.0,388.0
1162,421.0,27.0,116.0,500.0,320.0,388.0,500.0,500.0,199.0,373.0,205.0,361.0,500.0,500.0,9.0,312.0,9.0,500.0,500.0,500.0,500.0,500.0,500.0,500.0,9.0,500.0,116.0,500.0,363.0,144.0,271.0,500.0,119.0,500.0,395.0,328.0,177.0,10.0,500.0,500.0,500.0,500.0,500.0,9.0,253.0,500.0,352.0,500.0,500.0,363.0
1163,500.0,27.0,116.0,500.0,267.0,500.0,500.0,492.0,199.0,500.0,154.0,307.0,500.0,500.0,9.0,482.0,9.0,500.0,500.0,500.0,309.0,284.0,500.0,500.0,9.0,500.0,117.0,344.0,500.0,144.0,326.0,500.0,140.0,500.0,385.0,344.0,183.0,10.0,500.0,472.0,500.0,500.0,213.0,9.0,264.0,500.0,345.0,500.0,500.0,290.0
1164,433.0,27.0,116.0,495.0,277.0,500.0,500.0,475.0,199.0,500.0,179.0,261.0,500.0,500.0,9.0,324.0,9.0,500.0,500.0,500.0,500.0,350.0,500.0,500.0,9.0,500.0,117.0,500.0,500.0,144.0,340.0,500.0,141.0,500.0,390.0,355.0,173.0,10.0,500.0,500.0,500.0,500.0,345.0,9.0,222.0,500.0,318.0,500.0,500.0,500.0
1165,352.0,27.0,116.0,500.0,500.0,500.0,500.0,500.0,199.0,500.0,183.0,368.0,500.0,500.0,9.0,209.0,9.0,500.0,500.0,500.0,288.0,410.0,500.0,500.0,9.0,500.0,116.0,153.0,500.0,143.0,84.0,500.0,113.0,500.0,406.0,214.0,200.0,10.0,500.0,432.0,500.0,500.0,500.0,9.0,198.0,500.0,372.0,500.0,500.0,287.0
1166,500.0,27.0,116.0,500.0,500.0,500.0,500.0,500.0,199.0,500.0,165.0,399.0,500.0,500.0,9.0,370.0,9.0,500.0,500.0,500.0,498.0,369.0,500.0,500.0,9.0,500.0,118.0,190.0,500.0,142.0,500.0,500.0,138.0,500.0,403.0,124.0,165.0,10.0,500.0,500.0,500.0,500.0,500.0,9.0,205.0,500.0,413.0,500.0,500.0,500.0
1167,500.0,27.0,116.0,500.0,500.0,500.0,500.0,486.0,199.0,276.0,186.0,332.0,500.0,500.0,9.0,306.0,9.0,500.0,500.0,500.0,431.0,430.0,500.0,500.0,9.0,500.0,116.0,329.0,500.0,143.0,477.0,500.0,144.0,500.0,407.0,198.0,179.0,10.0,500.0,500.0,500.0,500.0,428.0,9.0,291.0,500.0,500.0,500.0,500.0,446.0
1168,372.0,27.0,116.0,500.0,500.0,400.0,500.0,366.0,199.0,500.0,185.0,500.0,500.0,500.0,9.0,126.0,9.0,500.0,500.0,500.0,500.0,266.0,500.0,500.0,9.0,500.0,116.0,273.0,500.0,142.0,381.0,500.0,139.0,500.0,426.0,262.0,142.0,10.0,500.0,500.0,500.0,500.0,500.0,9.0,222.0,500.0,160.0,500.0,500.0,500.0
1169,199.0,27.0,116.0,467.0,500.0,390.0,500.0,450.0,199.0,500.0,183.0,490.0,500.0,500.0,9.0,500.0,9.0,500.0,500.0,500.0,409.0,348.0,500.0,500.0,9.0,500.0,114.0,356.0,500.0,143.0,310.0,500.0,140.0,500.0,418.0,206.0,150.0,10.0,500.0,500.0,500.0,500.0,267.0,9.0,75.0,500.0,451.0,500.0,500.0,500.0
1170,189.0,27.0,116.0,500.0,500.0,500.0,500.0,409.0,199.0,500.0,175.0,322.0,500.0,500.0,9.0,500.0,9.0,500.0,500.0,500.0,500.0,500.0,500.0,500.0,9.0,500.0,118.0,231.0,500.0,145.0,500.0,500.0,143.0,500.0,434.0,111.0,168.0,10.0,500.0,459.0,500.0,500.0,351.0,9.0,264.0,500.0,180.0,500.0,500.0,467.0
1171,368.0,27.0,116.0,500.0,500.0,155.0,500.0,352.0,199.0,500.0,169.0,449.0,500.0,500.0,9.0,301.0,9.0,500.0,500.0,500.0,396.0,500.0,500.0,500.0,9.0,500.0,118.0,407.0,500.0,144.0,500.0,500.0,114.0,500.0,424.0,126.0,143.0,10.0,500.0,500.0,500.0,500.0,500.0,9.0,223.0,500.0,500.0,500.0,500.0,198.0
1172,468.0,27.0,116.0,500.0,500.0,396.0,500.0,368.0,199.0,500.0,171.0,429.0,500.0,500.0,9.0,349.0,9.0,500.0,500.0,500.0,281.0,326.0,500.0,500.0,9.0,500.0,114.0,323.0,500.0,144.0,262.0,500.0,140.0,500.0,447.0,144.0,166.0,10.0,500.0,500.0,500.0,500.0,269.0,9.0,203.0,500.0,235.0,500.0,500.0,500.0
1173,500.0,27.0,116.0,500.0,500.0,363.0,500.0,377.0,199.0,500.0,168.0,405.0,500.0,500.0,9.0,426.0,9.0,500.0,500.0,500.0,500.0,500.0,500.0,500.0,9.0,500.0,115.0,500.0,500.0,145.0,500.0,500.0,143.0,500.0,459.0,212.0,184.0,10.0,500.0,500.0,500.0,500.0,423.0,9.0,259.0,500.0,253.0,500.0,500.0,500.0
1174,243.0,27.0,116.0,500.0,500.0,357.0,500.0,391.0,199.0,500.0,173.0,339.0,500.0,500.0,9.0,388.0,9.0,500.0,500.0,500.0,494.0,500.0,500.0,500.0,9.0,500.0,118.0,500.0,389.0,150.0,500.0,500.0,143.0,500.0,458.0,137.0,160.0,10.0,500.0,500.0,500.0,500.0,500.0,9.0,239.0,500.0,268.0,500.0,500.0,423.0
1175,500.0,27.0,116.0,500.0,500.0,500.0,500.0,456.0,199.0,500.0,183.0,396.0,500.0,500.0,9.0,82.0,9.0,500.0,500.0,500.0,500.0,500.0,500.0,500.0,9.0,500.0,114.0,203.0,500.0,148.0,303.0,500.0,143.0,500.0,458.0,170.0,181.0,10.0,500.0,500.0,500.0,500.0,500.0,9.0,242.0,500.0,381.0,500.0,500.0,500.0
1176,500.0,27.0,116.0,500.0,500.0,500.0,500.0,437.0,199.0,500.0,177.0,155.0,500.0,500.0,9.0,470.0,9.0,500.0,500.0,500.0,500.0,500.0,500.0,500.0,9.0,500.0,112.0,287.0,500.0,150.0,371.0,500.0,147.0,500.0,473.0,137.0,187.0,10.0,500.0,500.0,500.0,500.0,290.0,9.0,237.0,500.0,146.0,500.0,500.0,500.0
1177,306.0,27.0,116.0,500.0,500.0,436.0,500.0,372.0,199.0,500.0,169.0,500.0,500.0,500.0,9.0,201.0,9.0,500.0,500.0,500.0,425.0,297.0,500.0,500.0,9.0,500.0,118.0,500.0,500.0,152.0,163.0,500.0,123.0,500.0,477.0,234.0,173.0,10.0,500.0,500.0,500.0,500.0,347.0,9.0,133.0,500.0,167.0,500.0,500.0,427.0
1178,380.0,27.0,116.0,500.0,500.0,235.0,500.0,450.0,199.0,500.0,172.0,363.0,500.0,500.0,9.0,347.0,9.0,500.0,500.0,500.0,283.0,441.0,500.0,500.0,9.0,500.0,114.0,500.0,500.0,151.0,319.0,500.0,139.0,500.0,487.0,491.0,199.0,10.0,500.0,500.0,500.0,500.0,243.0,9.0,270.0,500.0,331.0,500.0,500.0,500.0
1179,500.0,27.0,116.0,500.0,500.0,174.0,500.0,500.0,199.0,500.0,158.0,196.0,500.0,500.0,9.0,306.0,9.0,500.0,500.0,500.0,280.0,500.0,500.0,500.0,9.0,500.0,114.0,436.0,500.0,153.0,500.0,500.0,146.0,500.0,490.0,413.0,150.0,10.0,500.0,500.0,500.0,500.0,372.0,9.0,200.0,500.0,270.0,500.0,500.0,363.0
1180,298.0,27.0,116.0,500.0,500.0,500.0,500.0,394.0,199.0,500.0,178.0,396.0,500.0,500.0,9.0,398.0,9.0,500.0,500.0,500.0,482.0,500.0,500.0,500.0,9.0,500.0,116.0,500.0,500.0,153.0,222.0,500.0,150.0,500.0,484.0,344.0,155.0,10.0,500.0,478.0,500.0,500.0,425.0,9.0,223.0,500.0,153.0,500.0,500.0,426.0
1181,150.0,27.0,116.0,500.0,500.0,500.0,500.0,451.0,199.0,500.0,150.0,340.0,500.0,492.0,9.0,500.0,9.0,500.0,500.0,500.0,500.0,500.0,500.0,500.0,9.0,500.0,116.0,453.0,500.0,154.0,500.0,500.0,149.0,500.0,489.0,289.0,163.0,10.0,500.0,500.0,500.0,500.0,414.0,9.0,337.0,500.0,264.0,500.0,500.0,371.0
1182,500.0,27.0,116.0,500.0,500.0,500.0,500.0,500.0,199.0,500.0,170.0,241.0,500.0,395.0,9.0,422.0,9.0,500.0,500.0,500.0,500.0,500.0,500.0,500.0,9.0,500.0,118.0,447.0,500.0,153.0,219.0,500.0,151.0,500.0,482.0,182.0,179.0,10.0,500.0,500.0,500.0,500.0,274.0,9.0,424.0,500.0,207.0,500.0,500.0,436.0
1183,500.0,27.0,116.0,500.0,500.0,289.0,500.0,500.0,199.0,500.0,152.0,500.0,500.0,451.0,9.0,500.0,9.0,500.0,500.0,500.0,202.0,254.0,500.0,500.0,9.0,500.0,116.0,500.0,500.0,151.0,500.0,500.0,131.0,500.0,499.0,231.0,157.0,10.0,500.0,500.0,500.0,500.0,331.0,9.0,334.0,500.0,183.0,500.0,500.0,500.0
1184,500.0,27.0,116.0,500.0,500.0,258.0,500.0,500.0,199.0,455.0,184.0,224.0,500.0,325.0,9.0,500.0,9.0,500.0,500.0,500.0,500.0,306.0,500.0,500.0,9.0,500.0,119.0,484.0,500.0,155.0,420.0,500.0,157.0,500.0,479.0,292.0,192.0,10.0,500.0,443.0,500.0,500.0,500.0,9.0,151.0,500.0,500.0,500.0,500.0,500.0
1185,500.0,27.0,116.0,500.0,500.0,262.0,403.0,500.0,199.0,500.0,141.0,409.0,500.0,399.0,9.0,251.0,9.0,500.0,500.0,500.0,500.0,500.0,500.0,500.0,9.0,500.0,117.0,345.0,500.0,156.0,306.0,500.0,157.0,500.0,475.0,123.0,192.0,10.0,500.0,500.0,500.0,500.0,481.0,9.0,121.0,500.0,500.0,438.0,500.0,370.0
1186,500.0,27.0,116.0,500.0,500.0,378.0,455.0,500.0,199.0,500.0,155.0,291.0,500.0,428.0,9.0,104.0,9.0,500.0,500.0,500.0,500.0,500.0,500.0,500.0,9.0,500.0,116.0,500.0,500.0,156.0,500.0,500.0,149.0,500.0,487.0,246.0,177.0,10.0,500.0,500.0,500.0,500.0,500.0,9.0,126.0,500.0,271.0,500.0,500.0,500.0
1187,200.0,27.0,116.0,500.0,500.0,500.0,500.0,500.0,199.0,500.0,165.0,500.0,500.0,327.0,9.0,167.0,9.0,500.0,500.0,500.0,500.0,257.0,500.0,500.0,9.0,500.0,113.0,210.0,500.0,159.0,277.0,500.0,162.0,500.0,482.0,123.0,189.0,10.0,500.0,491.0,500.0,500.0,500.0,9.0,223.0,500.0,500.0,500.0,500.0,500.0
1188,132.0,27.0,116.0,500.0,500.0,163.0,500.0,500.0,199.0,500.0,169.0,500.0,500.0,459.0,9.0,500.0,9.0,500.0,500.0,500.0,500.0,500.0,500.0,500.0,9.0,500.0,111.0,500.0,500.0,159.0,162.0,500.0,152.0,500.0,474.0,98.0,169.0,10.0,500.0,481.0,500.0,500.0,446.0,9.0,135.0,500.0,500.0,302.0,500.0,382.0
1189,500.0,27.0,116.0,500.0,500.0,500.0,500.0,500.0,199.0,500.0,166.0,500.0,500.0,418.0,9.0,346.0,9.0,500.0,500.0,500.0,442.0,500.0,500.0,500.0,9.0,500.0,113.0,500.0,500.0,161.0,456.0,500.0,164.0,500.0,475.0,68.0,173.0,10.0,500.0,500.0,500.0,500.0,306.0,9.0,343.0,500.0,312.0,493.0,500.0,369.0
1190,500.0,27.0,116.0,500.0,500.0,500.0,500.0,500.0,199.0,500.0,153.0,500.0,500.0,385.0,9.0,500.0,9.0,500.0,500.0,500.0,207.0,463.0,500.0,500.0,9.0,500.0,113.0,440.0,500.0,162.0,406.0,500.0,162.0,500.0,492.0,264.0,235.0,10.0,500.0,500.0,500.0,500.0,395.0,9.0,161.0,500.0,122.0,500.0,500.0,500.0
1191,500.0,27.0,116.0,500.0,500.0,241.0,500.0,500.0,199.0,500.0,151.0,254.0,500.0,436.0,9.0,500.0,9.0,500.0,500.0,500.0,498.0,489.0,500.0,500.0,9.0,500.0,113.0,244.0,500.0,162.0,500.0,500.0,168.0,500.0,482.0,111.0,162.0,10.0,500.0,408.0,500.0,500.0,411.0,9.0,119.0,500.0,306.0,472.0,500.0,500.0
1192,289.0,27.0,116.0,500.0,500.0,256.0,500.0,500.0,199.0,333.0,163.0,155.0,500.0,362.0,9.0,173.0,9.0,500.0,500.0,500.0,500.0,500.0,500.0,500.0,9.0,500.0,113.0,143.0,500.0,164.0,500.0,500.0,174.0,500.0,479.0,289.0,153.0,10.0,500.0,383.0,500.0,500.0,357.0,9.0,84.0,500.0,377.0,372.0,500.0,500.0
1193,193.0,27.0,116.0,500.0,500.0,295.0,500.0,500.0,199.0,500.0,165.0,500.0,500.0,330.0,9.0,257.0,9.0,500.0,500.0,500.0,500.0,369.0,500.0,470.0,9.0,500.0,115.0,182.0,204.0,166.0,488.0,500.0,166.0,500.0,495.0,286.0,193.0,10.0,500.0,401.0,500.0,500.0,500.0,9.0,215.0,500.0,145.0,274.0,500.0,500.0
1194,500.0,27.0,116.0,500.0,500.0,500.0,500.0,500.0,199.0,380.0,175.0,500.0,500.0,483.0,9.0,500.0,9.0,500.0,500.0,500.0,500.0,290.0,500.0,500.0,9.0,500.0,113.0,500.0,500.0,165.0,500.0,500.0,172.0,500.0,486.0,119.0,185.0,10.0,500.0,358.0,500.0,500.0,337.0,9.0,205.0,500.0,500.0,369.0,500.0,500.0
1195,405.0,27.0,116.0,500.0,500.0,500.0,500.0,500.0,199.0,500.0,170.0,266.0,500.0,375.0,9.0,392.0,9.0,500.0,500.0,500.0,358.0,500.0,500.0,500.0,9.0,500.0,116.0,500.0,500.0,167.0,500.0,500.0,171.0,500.0,481.0,187.0,158.0,10.0,500.0,425.0,500.0,500.0,449.0,9.0,346.0,500.0,383.0,407.0,500.0,441.0
1196,338.0,27.0,116.0,500.0,500.0,315.0,500.0,500.0,199.0,500.0,164.0,171.0,500.0,402.0,9.0,500.0,9.0,500.0,500.0,500.0,496.0,235.0,500.0,500.0,9.0,500.0,113.0,500.0,500.0,167.0,500.0,500.0,178.0,500.0,500.0,145.0,157.0,10.0,500.0,382.0,500.0,500.0,354.0,9.0,217.0,500.0,312.0,500.0,500.0,500.0
1197,500.0,27.0,116.0,500.0,500.0,208.0,500.0,500.0,199.0,500.0,165.0,339.0,500.0,500.0,9.0,464.0,9.0,500.0,500.0,500.0,500.0,500.0,500.0,500.0,9.0,500.0,116.0,233.0,500.0,167.0,500.0,500.0,182.0,500.0,500.0,365.0,178.0,10.0,500.0,500.0,500.0,500.0,340.0,9.0,245.0,500.0,254.0,386.0,500.0,500.0
1198,500.0,27.0,116.0,500.0,500.0,500.0,500.0,500.0,199.0,273.0,161.0,448.0,500.0,405.0,9.0,480.0,9.0,500.0,500.0,500.0,443.0,349.0,500.0,500.0,9.0,500.0,116.0,434.0,500.0,167.0,371.0,500.0,188.0,500.0,500.0,194.0,152.0,10.0,500.0,456.0,500.0,500.0,399.0,9.0,288.0,500.0,416.0,500.0,500.0,500.0
1199,184.0,27.0,116.0,500.0,500.0,500.0,500.0,500.0,199.0,500.0,154.0,212.0,500.0,500.0,9.0,358.0,9.0,500.0,500.0,500.0,456.0,353.0,500.0,500.0,9.0,500.0,116.0,345.0,500.0,169.0,500.0,500.0,195.0,500.0,500.0,293.0,190.0,10.0,500.0,335.0,500.0,500.0,500.0,9.0,394.0,500.0,500.0,500.0,500.0,500.0
1200,500.0,27.0,116.0,500.0,500.0,500.0,500.0,500.0,199.0,484.0,170.0,297.0,500.0,500.0,9.0,320.0,9.0,500.0,500.0,500.0,500.0,276.0,500.0,500.0,9.0,500.0,116.0,217.0,500.0,169.0,500.0,500.0,206.0,500.0,500.0,171.0,168.0,10.0,500.0,500.0,500.0,500.0,500.0,9.0,406.0,500.0,161.0,500.0,500.0,465.0
1201,299.0,27.0,116.0,500.0,500.0,340.0,500.0,500.0,199.0,500.0,167.0,229.0,500.0,500.0,9.0,380.0,9.0,500.0,500.0,500.0,232.0,238.0,500.0,500.0,9.0,500.0,118.0,350.0,500.0,169.0,500.0,500.0,206.0,500.0,500.0,117.0,165.0,10.0,500.0,500.0,500.0,500.0,500.0,9.0,109.0,500.0,129.0,500.0,500.0,500.0
1202,500.0,27.0,116.0,500.0,500.0,232.0,500.0,500.0,194.0,500.0,152.0,174.0,500.0,500.0,9.0,181.0,9.0,500.0,500.0,500.0,500.0,500.0,500.0,233.0,9.0,500.0,118.0,455.0,500.0,171.0,500.0,500.0,202.0,500.0,500.0,81.0,169.0,10.0,500.0,487.0,500.0,500.0,408.0,9.0,156.0,500.0,500.0,500.0,500.0,266.0
1203,500.0,27.0,116.0,500.0,500.0,500.0,500.0,500.0,199.0,316.0,164.0,500.0,500.0,500.0,9.0,301.0,9.0,332.0,500.0,500.0,500.0,367.0,500.0,500.0,9.0,500.0,118.0,500.0,500.0,170.0,500.0,500.0,199.0,500.0,500.0,124.0,184.0,10.0,500.0,313.0,500.0,500.0,480.0,9.0,222.0,500.0,500.0,500.0,500.0,389.0
1204,424.0,27.0,116.0,500.0,500.0,278.0,500.0,500.0,194.0,500.0,146.0,433.0,500.0,500.0,9.0,188.0,9.0,500.0,500.0,500.0,500.0,500.0,500.0,500.0,9.0,500.0,117.0,378.0,500.0,171.0,500.0,500.0,222.0,500.0,500.0,262.0,199.0,10.0,500.0,385.0,500.0,500.0,369.0,9.0,118.0,500.0,353.0,500.0,500.0,500.0
1205,115.0,27.0,116.0,500.0,500.0,500.0,500.0,500.0,194.0,500.0,178.0,348.0,500.0,500.0,9.0,349.0,9.0,500.0,500.0,500.0,454.0,202.0,425.0,500.0,9.0,500.0,117.0,500.0,500.0,170.0,500.0,500.0,196.0,500.0,500.0,272.0,170.0,10.0,500.0,443.0,500.0,500.0,500.0,9.0,146.0,500.0,373.0,500.0,500.0,500.0
1206,500.0,27.0,116.0,500.0,500.0,500.0,500.0,500.0,194.0,500.0,162.0,339.0,500.0,500.0,9.0,186.0,9.0,500.0,500.0,500.0,477.0,500.0,418.0,500.0,9.0,500.0,115.0,365.0,500.0,174.0,500.0,500.0,205.0,500.0,500.0,234.0,138.0,10.0,500.0,500.0,500.0,500.0,400.0,9.0,289.0,500.0,500.0,500.0,500.0,500.0
1207,461.0,27.0,116.0,500.0,500.0,411.0,500.0,500.0,194.0,500.0,154.0,469.0,500.0,500.0,9.0,325.0,9.0,500.0,500.0,500.0,500.0,500.0,481.0,500.0,9.0,500.0,115.0,500.0,500.0,173.0,500.0,500.0,202.0,500.0,500.0,107.0,171.0,10.0,500.0,325.0,500.0,500.0,222.0,9.0,296.0,500.0,364.0,500.0,500.0,500.0
1208,415.0,27.0,116.0,500.0,500.0,472.0,500.0,500.0,194.0,500.0,148.0,500.0,500.0,500.0,9.0,455.0,9.0,500.0,500.0,500.0,500.0,214.0,500.0,500.0,9.0,500.0,121.0,500.0,500.0,173.0,500.0,500.0,210.0,500.0,500.0,102.0,152.0,10.0,500.0,436.0,500.0,500.0,500.0,9.0,217.0,500.0,336.0,500.0,500.0,500.0
1209,500.0,27.0,116.0,500.0,500.0,500.0,500.0,500.0,194.0,500.0,187.0,364.0,500.0,500.0,9.0,242.0,9.0,500.0,500.0,500.0,500.0,371.0,483.0,500.0,9.0,500.0,119.0,207.0,500.0,174.0,500.0,500.0,207.0,500.0,500.0,147.0,170.0,10.0,500.0,377.0,500.0,500.0,377.0,9.0,281.0,500.0,355.0,500.0,500.0,500.0
1210,466.0,27.0,116.0,500.0,500.0,500.0,500.0,500.0,194.0,500.0,162.0,476.0,500.0,500.0,9.0,326.0,9.0,500.0,500.0,500.0,500.0,390.0,500.0,500.0,9.0,500.0,118.0,242.0,500.0,174.0,500.0,500.0,201.0,500.0,500.0,233.0,165.0,10.0,500.0,490.0,500.0,500.0,500.0,9.0,191.0,500.0,298.0,500.0,500.0,298.0
1211,486.0,27.0,116.0,500.0,500.0,500.0,500.0,500.0,194.0,406.0,157.0,174.0,500.0,500.0,9.0,314.0,9.0,500.0,500.0,110.0,388.0,500.0,500.0,500.0,9.0,500.0,116.0,500.0,500.0,174.0,419.0,500.0,197.0,500.0,500.0,162.0,209.0,10.0,500.0,354.0,500.0,500.0,500.0,9.0,337.0,500.0,164.0,500.0,500.0,500.0
1212,500.0,27.0,116.0,500.0,500.0,371.0,500.0,500.0,194.0,191.0,159.0,290.0,500.0,500.0,9.0,500.0,9.0,500.0,500.0,197.0,500.0,500.0,500.0,500.0,9.0,500.0,117.0,435.0,500.0,173.0,500.0,500.0,189.0,500.0,500.0,282.0,164.0,10.0,500.0,500.0,500.0,500.0,500.0,9.0,211.0,500.0,361.0,500.0,500.0,500.0
1213,500.0,27.0,116.0,500.0,500.0,500.0,500.0,259.0,194.0,500.0,152.0,500.0,500.0,500.0,9.0,277.0,9.0,500.0,500.0,500.0,500.0,500.0,500.0,447.0,9.0,500.0,118.0,405.0,500.0,173.0,500.0,500.0,188.0,500.0,500.0,104.0,152.0,10.0,500.0,500.0,500.0,500.0,374.0,9.0,221.0,500.0,339.0,500.0,500.0,500.0
1214,249.0,27.0,116.0,500.0,500.0,224.0,500.0,500.0,271.0,500.0,162.0,500.0,500.0,500.0,9.0,279.0,9.0,500.0,500.0,500.0,500.0,473.0,454.0,500.0,9.0,500.0,116.0,500.0,500.0,175.0,500.0,500.0,191.0,500.0,500.0,154.0,183.0,10.0,500.0,500.0,500.0,500.0,500.0,9.0,170.0,500.0,494.0,500.0,500.0,500.0
1215,500.0,27.0,116.0,500.0,500.0,424.0,500.0,500.0,194.0,290.0,161.0,114.0,500.0,500.0,9.0,274.0,9.0,500.0,500.0,500.0,500.0,138.0,393.0,500.0,9.0,500.0,116.0,374.0,500.0,175.0,500.0,500.0,172.0,500.0,500.0,213.0,217.0,10.0,500.0,464.0,500.0,500.0,449.0,9.0,258.0,500.0,370.0,500.0,372.0,500.0
1216,500.0,27.0,116.0,500.0,500.0,500.0,500.0,500.0,253.0,392.0,160.0,369.0,500.0,500.0,9.0,500.0,9.0,500.0,500.0,500.0,500.0,280.0,500.0,500.0,9.0,500.0,116.0,500.0,500.0,175.0,500.0,500.0,198.0,500.0,500.0,500.0,192.0,10.0,500.0,394.0,500.0,500.0,500.0,9.0,186.0,500.0,275.0,500.0,500.0,500.0
1217,500.0,27.0,116.0,500.0,500.0,346.0,500.0,483.0,177.0,420.0,167.0,128.0,500.0,500.0,9.0,134.0,9.0,500.0,500.0,500.0,500.0,500.0,500.0,500.0,9.0,500.0,118.0,339.0,298.0,174.0,500.0,500.0,182.0,500.0,500.0,160.0,158.0,10.0,500.0,500.0,500.0,500.0,365.0,9.0,126.0,500.0,414.0,500.0,500.0,500.0
1218,500.0,27.0,116.0,500.0,500.0,500.0,500.0,500.0,175.0,500.0,180.0,500.0,500.0,500.0,9.0,202.0,9.0,500.0,500.0,500.0,500.0,500.0,411.0,500.0,9.0,500.0,116.0,500.0,500.0,176.0,500.0,500.0,188.0,500.0,500.0,63.0,180.0,10.0,500.0,500.0,500.0,500.0,236.0,9.0,431.0,500.0,403.0,500.0,500.0,500.0
1219,500.0,27.0,116.0,500.0,500.0,500.0,500.0,500.0,176.0,337.0,176.0,293.0,500.0,500.0,9.0,500.0,9.0,500.0,500.0,500.0,500.0,341.0,453.0,500.0,9.0,500.0,117.0,184.0,500.0,174.0,500.0,500.0,199.0,500.0,500.0,156.0,196.0,10.0,500.0,500.0,500.0,500.0,500.0,9.0,137.0,500.0,280.0,500.0,500.0,500.0
1220,340.0,27.0,116.0,500.0,500.0,420.0,500.0,500.0,237.0,234.0,160.0,439.0,500.0,500.0,9.0,186.0,9.0,500.0,500.0,500.0,500.0,376.0,500.0,500.0,9.0,500.0,117.0,500.0,500.0,176.0,399.0,500.0,186.0,500.0,500.0,119.0,149.0,10.0,500.0,500.0,500.0,500.0,500.0,9.0,453.0,500.0,291.0,500.0,500.0,500.0
1221,500.0,27.0,116.0,500.0,500.0,500.0,500.0,500.0,165.0,214.0,173.0,353.0,500.0,500.0,9.0,213.0,9.0,500.0,500.0,500.0,500.0,400.0,500.0,500.0,9.0,500.0,117.0,320.0,500.0,175.0,500.0,500.0,176.0,500.0,500.0,430.0,194.0,10.0,500.0,391.0,500.0,500.0,300.0,9.0,197.0,500.0,176.0,500.0,500.0,500.0
1222,295.0,27.0,116.0,500.0,500.0,500.0,500.0,500.0,154.0,323.0,159.0,338.0,500.0,500.0,9.0,500.0,9.0,500.0,500.0,500.0,500.0,500.0,500.0,500.0,9.0,500.0,117.0,273.0,500.0,176.0,223.0,500.0,192.0,500.0,500.0,172.0,190.0,10.0,500.0,500.0,500.0,500.0,500.0,9.0,267.0,500.0,374.0,500.0,500.0,500.0
1223,500.0,27.0,116.0,500.0,500.0,175.0,500.0,500.0,139.0,183.0,177.0,417.0,500.0,500.0,9.0,500.0,9.0,500.0,500.0,500.0,500.0,348.0,400.0,500.0,9.0,500.0,117.0,424.0,500.0,175.0,316.0,500.0,187.0,500.0,500.0,126.0,168.0,10.0,500.0,492.0,500.0,500.0,500.0,9.0,178.0,500.0,150.0,500.0,500.0,500.0
1224,500.0,27.0,116.0,500.0,500.0,500.0,500.0,500.0,155.0,311.0,187.0,183.0,500.0,500.0,9.0,369.0,9.0,500.0,500.0,500.0,500.0,500.0,432.0,500.0,9.0,500.0,117.0,367.0,500.0,175.0,500.0,500.0,195.0,500.0,500.0,209.0,167.0,10.0,500.0,500.0,500.0,500.0,304.0,9.0,162.0,500.0,255.0,500.0,500.0,500.0
1225,500.0,27.0,116.0,500.0,500.0,500.0,500.0,500.0,153.0,167.0,160.0,331.0,500.0,500.0,9.0,500.0,9.0,500.0,500.0,500.0,500.0,341.0,500.0,500.0,9.0,500.0,116.0,500.0,500.0,172.0,247.0,500.0,176.0,500.0,500.0,120.0,193.0,10.0,500.0,420.0,500.0,500.0,500.0,9.0,156.0,500.0,170.0,500.0,500.0,500.0
1226,374.0,27.0,116.0,500.0,500.0,500.0,500.0,500.0,149.0,500.0,186.0,376.0,500.0,500.0,9.0,378.0,9.0,500.0,500.0,500.0,500.0,321.0,500.0,500.0,9.0,500.0,117.0,500.0,374.0,172.0,500.0,500.0,188.0,500.0,500.0,282.0,193.0,10.0,500.0,468.0,500.0,500.0,341.0,9.0,245.0,500.0,413.0,500.0,500.0,500.0
1227,500.0,27.0,116.0,500.0,500.0,500.0,500.0,500.0,121.0,500.0,181.0,347.0,500.0,500.0,9.0,344.0,9.0,500.0,500.0,500.0,500.0,391.0,493.0,500.0,9.0,500.0,117.0,473.0,500.0,172.0,500.0,500.0,192.0,500.0,500.0,262.0,196.0,10.0,500.0,485.0,500.0,500.0,500.0,9.0,173.0,500.0,305.0,500.0,500.0,500.0
1228,465.0,27.0,116.0,500.0,500.0,500.0,500.0,322.0,113.0,500.0,182.0,305.0,500.0,500.0,9.0,500.0,9.0,500.0,500.0,500.0,500.0,340.0,492.0,500.0,9.0,500.0,115.0,500.0,500.0,172.0,391.0,500.0,190.0,500.0,500.0,215.0,210.0,10.0,500.0,446.0,500.0,500.0,343.0,9.0,207.0,500.0,153.0,500.0,500.0,500.0
1229,500.0,27.0,116.0,500.0,500.0,500.0,500.0,500.0,117.0,500.0,188.0,260.0,500.0,500.0,9.0,251.0,9.0,500.0,500.0,500.0,500.0,257.0,422.0,500.0,9.0,500.0,116.0,500.0,500.0,170.0,497.0,500.0,183.0,500.0,500.0,208.0,173.0,10.0,500.0,393.0,500.0,500.0,412.0,9.0,179.0,500.0,148.0,500.0,500.0,500.0
1230,489.0,27.0,116.0,500.0,500.0,489.0,500.0,500.0,106.0,174.0,173.0,186.0,500.0,500.0,9.0,384.0,9.0,500.0,500.0,500.0,500.0,500.0,500.0,500.0,9.0,500.0,117.0,223.0,500.0,171.0,500.0,500.0,194.0,500.0,500.0,117.0,164.0,10.0,500.0,345.0,500.0,500.0,451.0,9.0,247.0,500.0,188.0,500.0,500.0,500.0
1231,500.0,27.0,116.0,500.0,500.0,500.0,500.0,500.0,104.0,500.0,183.0,285.0,500.0,500.0,9.0,325.0,9.0,500.0,451.0,500.0,500.0,344.0,350.0,500.0,9.0,500.0,117.0,425.0,500.0,171.0,446.0,500.0,172.0,500.0,500.0,127.0,177.0,10.0,500.0,380.0,500.0,500.0,500.0,9.0,447.0,500.0,260.0,500.0,500.0,500.0
1232,500.0,27.0,116.0,500.0,500.0,176.0,500.0,500.0,105.0,500.0,179.0,386.0,500.0,500.0,9.0,358.0,9.0,500.0,447.0,500.0,500.0,500.0,428.0,500.0,9.0,500.0,117.0,197.0,500.0,172.0,500.0,500.0,188.0,500.0,500.0,273.0,226.0,10.0,500.0,324.0,500.0,500.0,500.0,9.0,253.0,500.0,164.0,500.0,500.0,500.0
1233,500.0,27.0,116.0,500.0,500.0,500.0,500.0,399.0,109.0,500.0,182.0,283.0,500.0,500.0,9.0,343.0,9.0,500.0,463.0,500.0,500.0,427.0,487.0,500.0,9.0,500.0,117.0,499.0,500.0,172.0,500.0,500.0,194.0,500.0,500.0,160.0,185.0,10.0,500.0,387.0,500.0,500.0,483.0,9.0,240.0,500.0,248.0,500.0,500.0,500.0
1234,315.0,27.0,116.0,500.0,500.0,375.0,500.0,500.0,102.0,500.0,175.0,173.0,500.0,500.0,9.0,500.0,9.0,500.0,413.0,500.0,500.0,473.0,425.0,500.0,9.0,500.0,115.0,500.0,500.0,172.0,500.0,500.0,200.0,500.0,500.0,199.0,183.0,10.0,500.0,500.0,500.0,500.0,426.0,9.0,176.0,500.0,205.0,500.0,500.0,500.0
1235,500.0,27.0,116.0,500.0,500.0,500.0,500.0,321.0,100.0,500.0,202.0,167.0,500.0,500.0,9.0,257.0,9.0,500.0,440.0,500.0,500.0,246.0,500.0,500.0,9.0,500.0,117.0,485.0,500.0,175.0,339.0,500.0,179.0,500.0,500.0,136.0,184.0,10.0,500.0,500.0,500.0,500.0,500.0,9.0,278.0,500.0,139.0,500.0,500.0,500.0
1236,349.0,27.0,116.0,500.0,500.0,240.0,500.0,500.0,102.0,500.0,167.0,402.0,500.0,500.0,9.0,471.0,9.0,500.0,362.0,485.0,500.0,500.0,471.0,500.0,9.0,500.0,117.0,500.0,500.0,175.0,500.0,500.0,204.0,500.0,500.0,209.0,159.0,10.0,500.0,374.0,500.0,500.0,500.0,9.0,426.0,500.0,240.0,500.0,500.0,500.0
1237,500.0,27.0,116.0,500.0,500.0,435.0,500.0,500.0,93.0,500.0,182.0,500.0,500.0,500.0,9.0,500.0,9.0,500.0,406.0,500.0,500.0,500.0,409.0,500.0,9.0,500.0,117.0,495.0,500.0,174.0,500.0,500.0,197.0,500.0,500.0,150.0,202.0,10.0,500.0,365.0,500.0,500.0,276.0,9.0,500.0,500.0,258.0,500.0,500.0,500.0
1238,367.0,27.0,116.0,500.0,500.0,500.0,500.0,500.0,93.0,500.0,181.0,398.0,500.0,500.0,9.0,317.0,9.0,500.0,394.0,500.0,500.0,413.0,482.0,500.0,9.0,500.0,117.0,500.0,500.0,175.0,500.0,500.0,201.0,500.0,500.0,500.0,217.0,10.0,500.0,357.0,500.0,500.0,500.0,9.0,215.0,500.0,146.0,500.0,500.0,500.0
1239,500.0,27.0,116.0,500.0,500.0,500.0,500.0,500.0,96.0,462.0,185.0,296.0,500.0,500.0,9.0,151.0,9.0,500.0,339.0,500.0,500.0,500.0,475.0,500.0,9.0,500.0,117.0,205.0,500.0,173.0,500.0,500.0,212.0,500.0,500.0,193.0,191.0,10.0,500.0,328.0,500.0,500.0,369.0,9.0,160.0,500.0,138.0,500.0,500.0,500.0
1240,500.0,27.0,116.0,500.0,500.0,170.0,500.0,285.0,93.0,500.0,176.0,250.0,500.0,500.0,9.0,500.0,9.0,500.0,433.0,500.0,500.0,410.0,500.0,500.0,9.0,500.0,117.0,500.0,500.0,175.0,500.0,500.0,210.0,500.0,500.0,178.0,196.0,10.0,500.0,425.0,500.0,500.0,425.0,9.0,387.0,500.0,167.0,500.0,500.0,500.0
1241,500.0,27.0,116.0,500.0,500.0,500.0,500.0,500.0,96.0,500.0,188.0,500.0,500.0,393.0,9.0,347.0,9.0,500.0,322.0,500.0,500.0,412.0,500.0,500.0,9.0,500.0,117.0,500.0,291.0,174.0,500.0,500.0,217.0,500.0,500.0,163.0,233.0,10.0,500.0,335.0,500.0,500.0,454.0,9.0,204.0,500.0,305.0,500.0,500.0,500.0
1242,500.0,27.0,116.0,500.0,500.0,500.0,500.0,500.0,102.0,196.0,184.0,370.0,500.0,500.0,9.0,365.0,9.0,379.0,334.0,500.0,500.0,229.0,412.0,500.0,9.0,500.0,117.0,500.0,500.0,173.0,500.0,500.0,231.0,500.0,500.0,376.0,224.0,10.0,500.0,455.0,500.0,500.0,500.0,9.0,272.0,500.0,164.0,500.0,500.0,500.0
1243,470.0,27.0,116.0,500.0,500.0,348.0,500.0,500.0,102.0,500.0,177.0,265.0,500.0,428.0,9.0,161.0,9.0,500.0,356.0,500.0,500.0,500.0,500.0,500.0,9.0,500.0,117.0,373.0,500.0,176.0,500.0,500.0,220.0,500.0,500.0,126.0,261.0,10.0,500.0,441.0,500.0,500.0,325.0,9.0,205.0,500.0,171.0,500.0,500.0,500.0
1244,500.0,27.0,116.0,500.0,500.0,500.0,500.0,500.0,100.0,500.0,177.0,350.0,500.0,476.0,9.0,286.0,9.0,500.0,319.0,500.0,500.0,500.0,500.0,500.0,9.0,500.0,117.0,500.0,500.0,175.0,500.0,500.0,273.0,500.0,500.0,187.0,220.0,10.0,500.0,439.0,500.0,500.0,273.0,9.0,201.0,500.0,179.0,500.0,500.0,500.0
1245,348.0,27.0,116.0,500.0,500.0,500.0,500.0,500.0,101.0,500.0,198.0,500.0,500.0,483.0,9.0,227.0,9.0,500.0,318.0,500.0,500.0,500.0,500.0,500.0,9.0,500.0,117.0,500.0,500.0,176.0,500.0,500.0,244.0,500.0,500.0,225.0,164.0,10.0,500.0,350.0,500.0,500.0,500.0,9.0,240.0,500.0,151.0,500.0,500.0,500.0
1246,500.0,27.0,116.0,500.0,500.0,245.0,500.0,500.0,101.0,500.0,203.0,466.0,500.0,481.0,9.0,206.0,9.0,500.0,323.0,500.0,500.0,500.0,500.0,500.0,9.0,500.0,117.0,500.0,500.0,175.0,495.0,500.0,239.0,500.0,500.0,104.0,160.0,10.0,500.0,385.0,500.0,500.0,500.0,9.0,228.0,500.0,162.0,500.0,500.0,500.0
1247,326.0,27.0,116.0,500.0,500.0,500.0,500.0,500.0,106.0,500.0,191.0,313.0,500.0,500.0,9.0,165.0,9.0,500.0,299.0,500.0,500.0,500.0,488.0,500.0,9.0,500.0,117.0,381.0,500.0,175.0,500.0,500.0,242.0,500.0,500.0,417.0,211.0,10.0,500.0,434.0,500.0,500.0,500.0,9.0,305.0,500.0,232.0,500.0,500.0,500.0
1248,500.0,27.0,116.0,500.0,500.0,500.0,500.0,500.0,117.0,500.0,203.0,221.0,500.0,500.0,9.0,289.0,9.0,500.0,249.0,500.0,500.0,349.0,500.0,500.0,9.0,500.0,116.0,395.0,500.0,175.0,500.0,500.0,253.0,500.0,500.0,185.0,156.0,10.0,500.0,500.0,500.0,500.0,500.0,9.0,222.0,500.0,294.0,500.0,500.0,500.0
1249,342.0,27.0,116.0,500.0,500.0,326.0,500.0,500.0,128.0,500.0,182.0,376.0,500.0,383.0,9.0,429.0,9.0,500.0,291.0,500.0,500.0,500.0,500.0,500.0,9.0,500.0,117.0,467.0,500.0,176.0,500.0,500.0,255.0,500.0,500.0,395.0,182.0,10.0,500.0,367.0,500.0,500.0,288.0,9.0,258.0,500.0,178.0,500.0,500.0,500.0
1250,250.0,27.0,116.0,500.0,500.0,500.0,500.0,500.0,132.0,500.0,185.0,500.0,500.0,379.0,9.0,317.0,9.0,500.0,292.0,500.0,500.0,500.0,500.0,500.0,9.0,500.0,117.0,500.0,500.0,176.0,500.0,500.0,250.0,500.0,500.0,130.0,167.0,10.0,500.0,482.0,500.0,500.0,500.0,9.0,347.0,500.0,125.0,500.0,500.0,500.0
1251,274.0,27.0,116.0,500.0,500.0,500.0,500.0,500.0,139.0,500.0,192.0,500.0,500.0,361.0,9.0,333.0,9.0,500.0,270.0,500.0,500.0,500.0,494.0,500.0,9.0,500.0,117.0,500.0,294.0,178.0,500.0,500.0,253.0,500.0,500.0,173.0,199.0,10.0,500.0,370.0,500.0,500.0,179.0,9.0,193.0,500.0,284.0,500.0,500.0,500.0
1252,500.0,27.0,116.0,500.0,500.0,329.0,500.0,356.0,132.0,500.0,220.0,270.0,500.0,314.0,9.0,500.0,9.0,500.0,322.0,500.0,500.0,500.0,500.0,500.0,9.0,500.0,117.0,500.0,500.0,177.0,500.0,500.0,259.0,500.0,500.0,116.0,201.0,10.0,500.0,469.0,500.0,500.0,359.0,9.0,287.0,500.0,269.0,500.0,500.0,500.0
1253,500.0,27.0,116.0,500.0,500.0,500.0,500.0,500.0,125.0,500.0,187.0,158.0,500.0,300.0,9.0,148.0,9.0,500.0,286.0,500.0,500.0,327.0,500.0,500.0,9.0,500.0,117.0,500.0,500.0,175.0,485.0,500.0,321.0,500.0,500.0,285.0,200.0,10.0,500.0,500.0,500.0,500.0,500.0,9.0,346.0,500.0,259.0,500.0,500.0,500.0
1254,500.0,27.0,116.0,500.0,500.0,96.0,500.0,500.0,123.0,500.0,187.0,500.0,500.0,256.0,9.0,426.0,9.0,500.0,302.0,500.0,500.0,500.0,500.0,500.0,9.0,500.0,117.0,500.0,500.0,175.0,372.0,500.0,261.0,500.0,500.0,90.0,146.0,10.0,500.0,472.0,500.0,500.0,500.0,9.0,289.0,500.0,134.0,500.0,500.0,500.0
1255,500.0,27.0,116.0,500.0,500.0,500.0,500.0,372.0,123.0,500.0,208.0,500.0,500.0,244.0,9.0,200.0,9.0,500.0,334.0,500.0,500.0,283.0,500.0,500.0,9.0,500.0,117.0,500.0,500.0,175.0,500.0,500.0,268.0,500.0,500.0,109.0,180.0,10.0,500.0,423.0,500.0,500.0,500.0,9.0,241.0,500.0,151.0,500.0,500.0,500.0
1256,500.0,27.0,116.0,500.0,500.0,500.0,500.0,500.0,139.0,500.0,224.0,463.0,500.0,227.0,9.0,358.0,9.0,500.0,270.0,500.0,500.0,500.0,500.0,500.0,9.0,500.0,117.0,500.0,500.0,176.0,500.0,500.0,263.0,500.0,500.0,159.0,192.0,10.0,500.0,387.0,500.0,500.0,219.0,9.0,325.0,500.0,165.0,500.0,500.0,500.0
1257,500.0,27.0,116.0,500.0,500.0,500.0,500.0,500.0,137.0,500.0,212.0,473.0,500.0,239.0,9.0,305.0,9.0,500.0,259.0,500.0,500.0,500.0,500.0,500.0,9.0,500.0,116.0,500.0,500.0,174.0,500.0,500.0,279.0,500.0,500.0,163.0,211.0,10.0,500.0,479.0,500.0,500.0,500.0,9.0,366.0,500.0,162.0,500.0,500.0,500.0
1258,500.0,27.0,116.0,500.0,500.0,500.0,500.0,500.0,137.0,500.0,194.0,229.0,500.0,230.0,9.0,500.0,9.0,500.0,289.0,500.0,500.0,500.0,500.0,500.0,9.0,500.0,117.0,500.0,500.0,173.0,500.0,500.0,273.0,500.0,500.0,143.0,191.0,10.0,500.0,477.0,500.0,500.0,218.0,9.0,191.0,500.0,172.0,500.0,500.0,500.0
1259,423.0,27.0,116.0,500.0,500.0,500.0,500.0,500.0,128.0,500.0,198.0,170.0,500.0,246.0,9.0,265.0,9.0,500.0,300.0,500.0,500.0,404.0,500.0,500.0,9.0,500.0,117.0,500.0,500.0,174.0,500.0,500.0,349.0,500.0,500.0,261.0,204.0,10.0,500.0,458.0,500.0,500.0,500.0,9.0,130.0,500.0,306.0,500.0,500.0,500.0
1260,165.0,27.0,116.0,500.0,500.0,265.0,500.0,500.0,128.0,500.0,212.0,500.0,500.0,246.0,9.0,387.0,9.0,500.0,248.0,500.0,500.0,500.0,500.0,500.0,9.0,500.0,119.0,500.0,500.0,174.0,372.0,500.0,340.0,500.0,500.0,235.0,204.0,10.0,500.0,500.0,500.0,500.0,500.0,9.0,500.0,500.0,262.0,500.0,500.0,500.0
1261,151.0,27.0,116.0,500.0,500.0,500.0,500.0,500.0,119.0,500.0,210.0,148.0,500.0,256.0,9.0,240.0,9.0,500.0,285.0,500.0,500.0,361.0,500.0,500.0,9.0,500.0,115.0,337.0,500.0,174.0,500.0,500.0,342.0,500.0,500.0,131.0,189.0,10.0,500.0,497.0,500.0,500.0,243.0,9.0,336.0,500.0,150.0,500.0,500.0,500.0
1262,453.0,27.0,116.0,500.0,500.0,496.0,500.0,500.0,132.0,500.0,238.0,289.0,500.0,238.0,9.0,309.0,9.0,500.0,291.0,500.0,500.0,225.0,500.0,500.0,9.0,500.0,118.0,398.0,500.0,174.0,500.0,500.0,290.0,500.0,500.0,178.0,162.0,10.0,500.0,500.0,500.0,500.0,315.0,9.0,236.0,500.0,179.0,500.0,500.0,500.0
1263,352.0,27.0,116.0,500.0,500.0,500.0,500.0,500.0,119.0,500.0,220.0,492.0,500.0,242.0,9.0,298.0,9.0,500.0,274.0,500.0,500.0,418.0,500.0,500.0,9.0,500.0,116.0,500.0,500.0,171.0,500.0,500.0,375.0,500.0,500.0,179.0,243.0,10.0,500.0,500.0,500.0,500.0,500.0,9.0,144.0,500.0,156.0,500.0,500.0,500.0
1264,277.0,27.0,116.0,500.0,500.0,278.0,500.0,500.0,121.0,500.0,191.0,387.0,500.0,279.0,9.0,297.0,9.0,500.0,311.0,500.0,500.0,406.0,500.0,500.0,9.0,500.0,117.0,264.0,500.0,172.0,500.0,500.0,301.0,500.0,500.0,460.0,197.0,10.0,500.0,500.0,500.0,500.0,500.0,9.0,164.0,500.0,302.0,500.0,500.0,500.0
1265,451.0,27.0,116.0,500.0,500.0,260.0,500.0,500.0,118.0,500.0,270.0,448.0,500.0,280.0,9.0,364.0,9.0,500.0,303.0,392.0,500.0,328.0,500.0,500.0,9.0,500.0,116.0,500.0,268.0,175.0,500.0,500.0,312.0,500.0,500.0,240.0,173.0,10.0,500.0,500.0,500.0,500.0,500.0,9.0,162.0,500.0,285.0,500.0,465.0,500.0
1266,284.0,27.0,116.0,500.0,500.0,500.0,500.0,500.0,114.0,500.0,239.0,500.0,500.0,271.0,9.0,339.0,9.0,500.0,288.0,500.0,500.0,229.0,500.0,500.0,9.0,500.0,118.0,412.0,500.0,174.0,313.0,500.0,500.0,500.0,500.0,262.0,166.0,10.0,500.0,500.0,500.0,500.0,500.0,9.0,225.0,500.0,324.0,500.0,500.0,500.0
1267,192.0,27.0,116.0,500.0,500.0,257.0,500.0,500.0,110.0,500.0,220.0,241.0,500.0,298.0,9.0,294.0,9.0,500.0,303.0,500.0,500.0,500.0,500.0,500.0,9.0,500.0,121.0,442.0,500.0,176.0,500.0,500.0,346.0,500.0,500.0,286.0,216.0,10.0,500.0,500.0,500.0,500.0,500.0,9.0,500.0,500.0,293.0,500.0,500.0,500.0
1268,348.0,27.0,116.0,500.0,500.0,500.0,500.0,500.0,104.0,500.0,189.0,187.0,500.0,308.0,9.0,166.0,9.0,500.0,261.0,500.0,500.0,319.0,500.0,500.0,9.0,500.0,116.0,260.0,500.0,175.0,456.0,500.0,385.0,500.0,500.0,153.0,213.0,10.0,500.0,500.0,500.0,500.0,302.0,9.0,273.0,500.0,300.0,500.0,256.0,500.0
1269,500.0,27.0,116.0,500.0,500.0,384.0,500.0,500.0,102.0,500.0,226.0,500.0,500.0,280.0,9.0,206.0,9.0,500.0,318.0,500.0,500.0,413.0,500.0,500.0,9.0,500.0,119.0,500.0,500.0,176.0,500.0,500.0,500.0,500.0,500.0,250.0,201.0,10.0,500.0,500.0,500.0,500.0,384.0,9.0,127.0,500.0,407.0,500.0,500.0,500.0
1270,181.0,27.0,116.0,500.0,500.0,500.0,500.0,500.0,101.0,500.0,242.0,459.0,500.0,266.0,9.0,305.0,9.0,500.0,271.0,500.0,500.0,282.0,500.0,500.0,9.0,500.0,122.0,210.0,500.0,176.0,500.0,500.0,475.0,500.0,500.0,230.0,210.0,10.0,500.0,500.0,500.0,500.0,500.0,9.0,282.0,500.0,147.0,500.0,500.0,500.0
1271,210.0,27.0,116.0,500.0,500.0,500.0,500.0,500.0,104.0,500.0,240.0,425.0,500.0,270.0,9.0,356.0,9.0,500.0,301.0,500.0,500.0,480.0,500.0,500.0,9.0,500.0,116.0,500.0,500.0,178.0,500.0,500.0,386.0,500.0,500.0,270.0,255.0,10.0,500.0,500.0,500.0,500.0,79.0,9.0,158.0,500.0,144.0,500.0,500.0,500.0
1272,500.0,27.0,116.0,500.0,500.0,172.0,500.0,500.0,104.0,500.0,244.0,500.0,500.0,262.0,9.0,500.0,9.0,500.0,266.0,500.0,500.0,290.0,500.0,500.0,9.0,500.0,116.0,500.0,500.0,178.0,500.0,500.0,382.0,500.0,500.0,376.0,230.0,10.0,500.0,500.0,500.0,500.0,500.0,9.0,295.0,500.0,288.0,500.0,500.0,500.0
1273,500.0,27.0,116.0,500.0,500.0,338.0,500.0,373.0,92.0,500.0,223.0,296.0,500.0,276.0,9.0,244.0,9.0,500.0,305.0,500.0,500.0,464.0,500.0,500.0,9.0,500.0,121.0,500.0,500.0,180.0,500.0,500.0,406.0,500.0,500.0,159.0,186.0,10.0,500.0,500.0,500.0,500.0,500.0,9.0,500.0,500.0,163.0,500.0,500.0,500.0
1274,500.0,27.0,116.0,500.0,500.0,500.0,500.0,500.0,97.0,500.0,217.0,500.0,500.0,288.0,9.0,500.0,9.0,500.0,296.0,500.0,500.0,336.0,500.0,500.0,9.0,500.0,120.0,500.0,500.0,181.0,469.0,500.0,385.0,500.0,500.0,432.0,209.0,10.0,500.0,500.0,500.0,500.0,403.0,9.0,420.0,500.0,149.0,500.0,500.0,500.0
1275,500.0,27.0,116.0,500.0,500.0,372.0,500.0,500.0,94.0,500.0,230.0,365.0,500.0,256.0,9.0,500.0,9.0,500.0,330.0,500.0,500.0,390.0,500.0,500.0,9.0,500.0,120.0,380.0,500.0,180.0,500.0,500.0,450.0,500.0,500.0,316.0,173.0,10.0,500.0,500.0,500.0,500.0,358.0,9.0,184.0,500.0,224.0,500.0,500.0,500.0
1276,393.0,27.0,116.0,500.0,500.0,500.0,500.0,500.0,94.0,500.0,250.0,135.0,500.0,259.0,9.0,223.0,9.0,500.0,302.0,500.0,500.0,500.0,500.0,500.0,9.0,500.0,120.0,478.0,500.0,182.0,500.0,500.0,500.0,500.0,500.0,181.0,292.0,10.0,500.0,500.0,500.0,500.0,500.0,9.0,282.0,500.0,150.0,500.0,500.0,500.0
1277,499.0,27.0,116.0,500.0,500.0,185.0,500.0,500.0,94.0,500.0,246.0,500.0,500.0,252.0,9.0,500.0,9.0,500.0,319.0,500.0,500.0,396.0,500.0,500.0,9.0,500.0,123.0,250.0,500.0,182.0,465.0,500.0,483.0,500.0,500.0,362.0,221.0,10.0,500.0,500.0,500.0,500.0,500.0,9.0,289.0,500.0,148.0,500.0,500.0,500.0
1278,500.0,27.0,116.0,500.0,500.0,349.0,500.0,500.0,97.0,500.0,228.0,218.0,500.0,270.0,9.0,273.0,9.0,500.0,347.0,500.0,500.0,248.0,500.0,500.0,9.0,500.0,123.0,500.0,500.0,184.0,500.0,500.0,446.0,500.0,500.0,191.0,218.0,10.0,500.0,500.0,500.0,500.0,500.0,9.0,212.0,500.0,142.0,500.0,500.0,500.0
1279,354.0,27.0,116.0,500.0,500.0,500.0,500.0,500.0,94.0,500.0,221.0,350.0,500.0,248.0,9.0,428.0,9.0,500.0,300.0,500.0,500.0,403.0,500.0,500.0,9.0,500.0,119.0,500.0,500.0,186.0,500.0,500.0,433.0,500.0,500.0,337.0,218.0,10.0,500.0,500.0,500.0,500.0,443.0,9.0,220.0,500.0,156.0,500.0,500.0,500.0
1280,281.0,27.0,116.0,500.0,500.0,500.0,500.0,500.0,94.0,500.0,239.0,230.0,500.0,245.0,9.0,500.0,9.0,500.0,328.0,500.0,500.0,500.0,500.0,500.0,9.0,500.0,123.0,500.0,500.0,184.0,500.0,500.0,449.0,500.0,500.0,201.0,251.0,10.0,500.0,500.0,500.0,500.0,416.0,9.0,500.0,500.0,339.0,500.0,500.0,500.0
1281,303.0,27.0,116.0,500.0,500.0,408.0,500.0,500.0,94.0,500.0,239.0,356.0,500.0,232.0,9.0,251.0,9.0,500.0,319.0,500.0,500.0,500.0,500.0,500.0,9.0,500.0,119.0,391.0,500.0,186.0,500.0,500.0,465.0,500.0,500.0,233.0,226.0,10.0,500.0,500.0,500.0,500.0,489.0,9.0,500.0,500.0,152.0,500.0,500.0,500.0
1282,425.0,27.0,116.0,500.0,500.0,466.0,500.0,500.0,94.0,500.0,230.0,173.0,500.0,223.0,9.0,493.0,9.0,500.0,340.0,500.0,500.0,500.0,500.0,500.0,9.0,500.0,119.0,269.0,500.0,185.0,500.0,500.0,458.0,500.0,500.0,256.0,231.0,10.0,500.0,500.0,500.0,500.0,361.0,9.0,274.0,500.0,177.0,500.0,500.0,500.0
1283,464.0,27.0,116.0,500.0,500.0,500.0,500.0,500.0,104.0,500.0,204.0,431.0,500.0,229.0,9.0,500.0,9.0,500.0,296.0,500.0,500.0,441.0,500.0,500.0,9.0,500.0,123.0,500.0,500.0,185.0,500.0,500.0,371.0,500.0,500.0,222.0,244.0,10.0,500.0,500.0,500.0,500.0,218.0,9.0,115.0,500.0,184.0,500.0,500.0,500.0
1284,472.0,27.0,116.0,500.0,500.0,500.0,500.0,500.0,101.0,500.0,238.0,355.0,500.0,210.0,9.0,354.0,9.0,500.0,347.0,500.0,500.0,500.0,500.0,500.0,9.0,500.0,123.0,491.0,500.0,186.0,500.0,500.0,388.0,500.0,500.0,179.0,231.0,10.0,500.0,500.0,500.0,500.0,231.0,9.0,500.0,500.0,166.0,500.0,500.0,500.0
1285,484.0,27.0,116.0,500.0,500.0,500.0,500.0,500.0,103.0,500.0,230.0,398.0,500.0,208.0,9.0,500.0,9.0,500.0,300.0,500.0,500.0,417.0,500.0,500.0,9.0,500.0,123.0,489.0,500.0,185.0,500.0,500.0,382.0,500.0,500.0,125.0,238.0,10.0,500.0,500.0,500.0,500.0,419.0,9.0,456.0,500.0,135.0,500.0,500.0,500.0
1286,500.0,27.0,116.0,500.0,500.0,391.0,500.0,500.0,114.0,500.0,240.0,500.0,500.0,196.0,9.0,490.0,9.0,500.0,325.0,500.0,500.0,500.0,500.0,500.0,9.0,500.0,119.0,191.0,500.0,185.0,500.0,500.0,317.0,500.0,500.0,131.0,198.0,10.0,500.0,500.0,500.0,500.0,500.0,9.0,425.0,500.0,155.0,500.0,500.0,500.0
1287,500.0,27.0,116.0,500.0,500.0,500.0,500.0,500.0,119.0,500.0,269.0,500.0,500.0,194.0,9.0,500.0,9.0,500.0,361.0,500.0,500.0,500.0,500.0,500.0,9.0,500.0,119.0,500.0,500.0,184.0,500.0,500.0,329.0,500.0,500.0,500.0,205.0,10.0,500.0,500.0,500.0,500.0,500.0,9.0,293.0,500.0,159.0,500.0,500.0,500.0
1288,286.0,27.0,116.0,500.0,500.0,384.0,500.0,500.0,139.0,500.0,214.0,500.0,500.0,190.0,9.0,286.0,9.0,500.0,319.0,500.0,500.0,485.0,500.0,500.0,9.0,500.0,122.0,500.0,500.0,183.0,500.0,500.0,382.0,500.0,500.0,149.0,234.0,10.0,500.0,500.0,500.0,500.0,500.0,9.0,491.0,500.0,155.0,500.0,500.0,500.0
1289,500.0,27.0,116.0,500.0,500.0,500.0,500.0,500.0,135.0,500.0,223.0,329.0,500.0,189.0,9.0,500.0,9.0,500.0,334.0,500.0,500.0,303.0,500.0,500.0,9.0,500.0,122.0,500.0,500.0,184.0,500.0,500.0,277.0,500.0,500.0,176.0,214.0,10.0,500.0,500.0,500.0,500.0,490.0,9.0,437.0,500.0,151.0,500.0,500.0,500.0
1290,500.0,27.0,116.0,500.0,500.0,306.0,500.0,500.0,163.0,500.0,238.0,487.0,500.0,194.0,9.0,269.0,9.0,500.0,385.0,500.0,500.0,500.0,500.0,500.0,9.0,500.0,119.0,272.0,500.0,186.0,500.0,500.0,297.0,500.0,500.0,398.0,201.0,10.0,500.0,500.0,500.0,500.0,312.0,9.0,292.0,500.0,137.0,500.0,500.0,500.0
1291,466.0,27.0,116.0,500.0,500.0,500.0,500.0,500.0,165.0,500.0,260.0,397.0,500.0,185.0,9.0,500.0,9.0,500.0,367.0,500.0,500.0,500.0,500.0,500.0,9.0,500.0,121.0,260.0,500.0,185.0,500.0,500.0,345.0,500.0,500.0,141.0,230.0,10.0,500.0,500.0,500.0,500.0,500.0,9.0,352.0,500.0,125.0,500.0,500.0,500.0
1292,384.0,27.0,116.0,500.0,500.0,500.0,412.0,500.0,165.0,500.0,233.0,283.0,500.0,180.0,9.0,401.0,9.0,500.0,359.0,500.0,500.0,500.0,500.0,500.0,9.0,500.0,121.0,500.0,500.0,184.0,240.0,500.0,256.0,500.0,500.0,172.0,338.0,10.0,500.0,500.0,500.0,500.0,500.0,9.0,345.0,500.0,349.0,500.0,500.0,500.0
1293,500.0,27.0,116.0,500.0,500.0,500.0,500.0,500.0,266.0,500.0,258.0,500.0,500.0,185.0,9.0,359.0,9.0,500.0,365.0,500.0,500.0,252.0,500.0,500.0,9.0,500.0,121.0,500.0,500.0,186.0,500.0,500.0,267.0,500.0,500.0,152.0,199.0,10.0,500.0,500.0,500.0,500.0,246.0,9.0,326.0,500.0,176.0,500.0,500.0,500.0
1294,235.0,27.0,116.0,500.0,500.0,500.0,500.0,500.0,206.0,500.0,265.0,417.0,500.0,180.0,9.0,394.0,9.0,500.0,373.0,500.0,500.0,500.0,500.0,500.0,9.0,500.0,121.0,500.0,500.0,185.0,500.0,500.0,262.0,500.0,500.0,287.0,221.0,10.0,500.0,500.0,500.0,500.0,230.0,9.0,272.0,500.0,151.0,500.0,500.0,500.0
1295,205.0,27.0,116.0,500.0,500.0,321.0,500.0,500.0,231.0,500.0,270.0,189.0,500.0,180.0,9.0,160.0,9.0,500.0,423.0,500.0,500.0,500.0,500.0,500.0,9.0,500.0,125.0,500.0,500.0,186.0,500.0,500.0,255.0,500.0,500.0,490.0,254.0,10.0,500.0,500.0,500.0,500.0,417.0,9.0,268.0,500.0,181.0,500.0,500.0,500.0
1296,350.0,27.0,116.0,500.0,500.0,336.0,500.0,500.0,319.0,500.0,289.0,206.0,500.0,180.0,9.0,239.0,9.0,500.0,468.0,500.0,500.0,500.0,500.0,500.0,9.0,500.0,125.0,148.0,500.0,186.0,500.0,500.0,266.0,500.0,500.0,291.0,270.0,10.0,500.0,500.0,500.0,500.0,465.0,9.0,141.0,500.0,170.0,500.0,500.0,500.0
1297,484.0,27.0,116.0,500.0,500.0,500.0,500.0,500.0,256.0,500.0,314.0,331.0,500.0,174.0,9.0,500.0,9.0,500.0,491.0,500.0,500.0,500.0,500.0,500.0,9.0,500.0,125.0,500.0,500.0,186.0,442.0,500.0,229.0,500.0,500.0,350.0,252.0,10.0,500.0,500.0,500.0,500.0,364.0,9.0,500.0,500.0,170.0,500.0,500.0,500.0
1298,500.0,27.0,116.0,500.0,500.0,500.0,500.0,500.0,246.0,500.0,263.0,447.0,500.0,186.0,9.0,383.0,9.0,500.0,457.0,500.0,500.0,500.0,500.0,500.0,9.0,500.0,125.0,491.0,500.0,186.0,500.0,500.0,257.0,500.0,464.0,203.0,250.0,10.0,500.0,500.0,500.0,500.0,500.0,9.0,380.0,500.0,161.0,445.0,500.0,500.0
1299,341.0,27.0,116.0,500.0,500.0,500.0,500.0,500.0,257.0,500.0,299.0,500.0,500.0,177.0,9.0,472.0,9.0,500.0,493.0,500.0,500.0,389.0,500.0,500.0,9.0,500.0,122.0,328.0,500.0,187.0,500.0,500.0,230.0,500.0,422.0,118.0,219.0,10.0,500.0,500.0,500.0,500.0,500.0,9.0,371.0,500.0,157.0,500.0,500.0,500.0
1300,500.0,27.0,116.0,500.0,500.0,500.0,500.0,500.0,257.0,500.0,336.0,243.0,500.0,190.0,9.0,500.0,9.0,500.0,500.0,447.0,500.0,341.0,500.0,500.0,9.0,500.0,122.0,249.0,500.0,186.0,399.0,500.0,252.0,500.0,400.0,245.0,233.0,10.0,500.0,500.0,500.0,500.0,500.0,9.0,192.0,500.0,239.0,500.0,500.0,500.0
1301,500.0,27.0,116.0,500.0,500.0,347.0,500.0,500.0,263.0,500.0,290.0,303.0,500.0,176.0,9.0,475.0,9.0,500.0,500.0,500.0,500.0,500.0,500.0,500.0,9.0,500.0,122.0,124.0,500.0,186.0,500.0,500.0,219.0,500.0,376.0,284.0,248.0,10.0,500.0,500.0,500.0,500.0,500.0,9.0,141.0,500.0,141.0,500.0,500.0,500.0
1302,500.0,27.0,116.0,500.0,500.0,500.0,500.0,500.0,285.0,500.0,378.0,500.0,500.0,177.0,9.0,227.0,9.0,500.0,500.0,500.0,500.0,327.0,500.0,500.0,9.0,500.0,119.0,500.0,500.0,187.0,500.0,500.0,250.0,500.0,368.0,210.0,209.0,10.0,500.0,500.0,500.0,500.0,246.0,9.0,319.0,500.0,119.0,500.0,500.0,500.0
1303,500.0,27.0,116.0,500.0,500.0,500.0,500.0,500.0,455.0,500.0,432.0,459.0,500.0,174.0,9.0,350.0,9.0,500.0,472.0,500.0,500.0,500.0,500.0,500.0,9.0,500.0,118.0,500.0,500.0,188.0,500.0,500.0,231.0,500.0,367.0,341.0,381.0,10.0,500.0,500.0,500.0,500.0,500.0,9.0,341.0,500.0,500.0,500.0,500.0,500.0
1304,303.0,27.0,116.0,500.0,500.0,382.0,500.0,500.0,284.0,500.0,341.0,500.0,500.0,176.0,9.0,395.0,9.0,500.0,486.0,500.0,500.0,241.0,500.0,500.0,9.0,500.0,120.0,307.0,500.0,189.0,424.0,500.0,240.0,500.0,363.0,318.0,224.0,10.0,500.0,500.0,500.0,500.0,500.0,9.0,145.0,500.0,351.0,500.0,500.0,500.0
1305,248.0,27.0,116.0,500.0,500.0,225.0,405.0,500.0,285.0,500.0,427.0,247.0,500.0,173.0,9.0,267.0,9.0,500.0,500.0,500.0,500.0,500.0,500.0,500.0,9.0,500.0,121.0,497.0,500.0,190.0,500.0,500.0,234.0,500.0,360.0,142.0,306.0,10.0,500.0,500.0,500.0,500.0,460.0,9.0,366.0,500.0,335.0,500.0,500.0,500.0
1306,500.0,27.0,116.0,500.0,500.0,452.0,500.0,500.0,465.0,500.0,449.0,363.0,500.0,176.0,9.0,464.0,9.0,500.0,500.0,500.0,500.0,324.0,500.0,500.0,9.0,500.0,122.0,431.0,500.0,190.0,440.0,500.0,234.0,500.0,337.0,376.0,230.0,10.0,500.0,500.0,500.0,500.0,119.0,9.0,172.0,500.0,271.0,500.0,500.0,500.0
1307,382.0,27.0,116.0,500.0,500.0,500.0,500.0,500.0,500.0,500.0,444.0,500.0,500.0,171.0,9.0,302.0,9.0,500.0,500.0,290.0,500.0,219.0,500.0,500.0,9.0,500.0,121.0,500.0,500.0,190.0,189.0,500.0,256.0,500.0,354.0,178.0,275.0,10.0,500.0,500.0,500.0,500.0,500.0,9.0,311.0,500.0,140.0,500.0,500.0,500.0
1308,500.0,27.0,116.0,500.0,500.0,500.0,500.0,500.0,309.0,500.0,500.0,490.0,500.0,170.0,9.0,317.0,9.0,500.0,500.0,500.0,500.0,500.0,500.0,500.0,9.0,500.0,121.0,311.0,500.0,190.0,500.0,500.0,229.0,500.0,356.0,462.0,205.0,10.0,500.0,500.0,500.0,500.0,247.0,9.0,315.0,500.0,281.0,500.0,500.0,500.0
1309,246.0,27.0,116.0,500.0,500.0,500.0,500.0,500.0,500.0,500.0,500.0,247.0,500.0,173.0,9.0,500.0,9.0,500.0,500.0,14.0,500.0,500.0,500.0,500.0,9.0,500.0,121.0,500.0,500.0,191.0,350.0,500.0,220.0,500.0,365.0,492.0,217.0,10.0,500.0,500.0,500.0,500.0,358.0,9.0,347.0,500.0,142.0,500.0,500.0,500.0
1310,167.0,27.0,116.0,500.0,500.0,500.0,500.0,500.0,500.0,500.0,477.0,365.0,500.0,175.0,9.0,219.0,9.0,500.0,500.0,500.0,500.0,500.0,500.0,500.0,9.0,500.0,121.0,500.0,500.0,192.0,500.0,500.0,222.0,500.0,387.0,500.0,230.0,10.0,500.0,500.0,500.0,500.0,500.0,9.0,446.0,500.0,165.0,500.0,500.0,500.0
1311,412.0,27.0,116.0,500.0,500.0,500.0,500.0,500.0,230.0,500.0,500.0,500.0,500.0,181.0,9.0,388.0,9.0,500.0,500.0,500.0,500.0,285.0,500.0,500.0,9.0,500.0,117.0,141.0,500.0,191.0,500.0,500.0,241.0,500.0,405.0,184.0,269.0,10.0,500.0,500.0,500.0,500.0,500.0,9.0,216.0,500.0,341.0,500.0,500.0,500.0
1312,500.0,27.0,116.0,500.0,500.0,360.0,500.0,500.0,209.0,500.0,500.0,500.0,500.0,177.0,9.0,288.0,9.0,500.0,500.0,500.0,500.0,442.0,500.0,500.0,9.0,500.0,114.0,485.0,500.0,190.0,500.0,500.0,218.0,500.0,421.0,140.0,303.0,10.0,500.0,500.0,500.0,500.0,201.0,9.0,252.0,500.0,166.0,500.0,500.0,500.0
1313,239.0,27.0,116.0,500.0,500.0,500.0,500.0,500.0,208.0,500.0,500.0,382.0,500.0,183.0,9.0,500.0,9.0,500.0,500.0,500.0,500.0,500.0,500.0,500.0,9.0,500.0,117.0,500.0,500.0,190.0,500.0,500.0,244.0,500.0,454.0,253.0,201.0,10.0,500.0,500.0,500.0,500.0,430.0,9.0,345.0,500.0,141.0,500.0,500.0,500.0
1314,360.0,27.0,116.0,500.0,500.0,500.0,500.0,500.0,204.0,500.0,489.0,489.0,500.0,174.0,9.0,330.0,9.0,500.0,500.0,500.0,500.0,500.0,500.0,196.0,9.0,500.0,121.0,500.0,500.0,190.0,296.0,500.0,285.0,500.0,458.0,356.0,257.0,10.0,500.0,500.0,500.0,500.0,500.0,9.0,302.0,500.0,355.0,500.0,500.0,500.0
1315,392.0,27.0,116.0,500.0,500.0,500.0,500.0,500.0,201.0,500.0,432.0,500.0,500.0,171.0,9.0,332.0,9.0,500.0,500.0,500.0,500.0,500.0,500.0,237.0,9.0,500.0,118.0,470.0,500.0,190.0,500.0,500.0,248.0,500.0,476.0,251.0,213.0,10.0,500.0,500.0,500.0,500.0,379.0,9.0,363.0,500.0,500.0,500.0,500.0,500.0
1316,372.0,27.0,116.0,500.0,500.0,500.0,500.0,500.0,201.0,500.0,487.0,483.0,500.0,174.0,9.0,500.0,9.0,500.0,500.0,500.0,500.0,500.0,500.0,500.0,9.0,500.0,118.0,142.0,500.0,190.0,500.0,500.0,243.0,500.0,480.0,330.0,220.0,10.0,500.0,500.0,500.0,500.0,228.0,9.0,500.0,500.0,484.0,500.0,500.0,500.0
1317,500.0,27.0,116.0,500.0,500.0,500.0,500.0,500.0,196.0,500.0,500.0,384.0,500.0,173.0,9.0,492.0,9.0,500.0,500.0,500.0,500.0,500.0,500.0,500.0,9.0,500.0,120.0,500.0,500.0,191.0,500.0,500.0,258.0,500.0,500.0,281.0,267.0,10.0,500.0,500.0,500.0,500.0,196.0,9.0,500.0,500.0,151.0,452.0,500.0,500.0
1318,400.0,27.0,116.0,500.0,500.0,500.0,500.0,500.0,196.0,500.0,500.0,500.0,500.0,180.0,9.0,211.0,9.0,500.0,500.0,500.0,500.0,500.0,500.0,500.0,9.0,500.0,121.0,500.0,500.0,190.0,500.0,500.0,272.0,500.0,500.0,321.0,204.0,10.0,500.0,500.0,500.0,500.0,341.0,9.0,217.0,500.0,457.0,500.0,500.0,500.0
1319,315.0,27.0,116.0,500.0,500.0,500.0,500.0,500.0,196.0,500.0,500.0,500.0,500.0,169.0,9.0,239.0,9.0,500.0,500.0,500.0,500.0,500.0,500.0,500.0,9.0,500.0,121.0,337.0,500.0,191.0,500.0,500.0,312.0,500.0,500.0,263.0,219.0,10.0,500.0,500.0,500.0,500.0,450.0,9.0,148.0,500.0,319.0,500.0,500.0,500.0
1320,460.0,27.0,116.0,500.0,500.0,500.0,500.0,500.0,188.0,500.0,492.0,248.0,500.0,172.0,9.0,482.0,9.0,500.0,500.0,500.0,500.0,500.0,500.0,500.0,9.0,500.0,121.0,151.0,500.0,189.0,500.0,500.0,292.0,500.0,500.0,221.0,250.0,10.0,500.0,500.0,500.0,500.0,500.0,9.0,195.0,500.0,241.0,500.0,500.0,500.0
1321,500.0,27.0,116.0,500.0,500.0,300.0,500.0,500.0,173.0,500.0,500.0,271.0,500.0,168.0,9.0,327.0,9.0,500.0,500.0,500.0,500.0,226.0,500.0,500.0,9.0,500.0,121.0,401.0,500.0,190.0,500.0,500.0,341.0,500.0,500.0,241.0,235.0,10.0,500.0,494.0,500.0,500.0,264.0,9.0,472.0,500.0,500.0,500.0,500.0,500.0
1322,484.0,27.0,116.0,500.0,500.0,241.0,500.0,500.0,160.0,500.0,500.0,500.0,500.0,169.0,9.0,493.0,9.0,500.0,500.0,500.0,500.0,500.0,500.0,500.0,9.0,500.0,121.0,500.0,500.0,191.0,229.0,500.0,291.0,500.0,500.0,296.0,257.0,10.0,500.0,500.0,500.0,500.0,500.0,9.0,398.0,500.0,500.0,500.0,500.0,500.0
1323,141.0,27.0,116.0,500.0,500.0,473.0,500.0,500.0,160.0,500.0,500.0,212.0,500.0,167.0,9.0,317.0,9.0,500.0,500.0,500.0,500.0,487.0,500.0,500.0,9.0,500.0,121.0,466.0,500.0,191.0,500.0,500.0,305.0,500.0,500.0,128.0,224.0,10.0,500.0,500.0,500.0,500.0,500.0,9.0,402.0,500.0,131.0,500.0,500.0,500.0
1324,312.0,27.0,116.0,500.0,500.0,500.0,500.0,500.0,154.0,500.0,500.0,359.0,500.0,175.0,9.0,500.0,9.0,500.0,500.0,500.0,500.0,500.0,500.0,500.0,9.0,500.0,121.0,237.0,500.0,189.0,500.0,500.0,300.0,500.0,500.0,179.0,257.0,10.0,500.0,486.0,500.0,500.0,500.0,9.0,409.0,500.0,354.0,500.0,500.0,500.0
1325,313.0,27.0,116.0,500.0,500.0,500.0,500.0,500.0,154.0,500.0,500.0,366.0,500.0,160.0,9.0,376.0,9.0,500.0,500.0,500.0,350.0,500.0,500.0,500.0,9.0,500.0,121.0,484.0,500.0,188.0,500.0,500.0,323.0,500.0,500.0,237.0,229.0,10.0,500.0,439.0,500.0,500.0,458.0,9.0,310.0,500.0,387.0,500.0,429.0,500.0
1326,226.0,27.0,116.0,500.0,500.0,500.0,500.0,500.0,151.0,500.0,500.0,193.0,500.0,171.0,9.0,281.0,9.0,500.0,500.0,500.0,500.0,200.0,500.0,500.0,9.0,500.0,121.0,500.0,500.0,189.0,220.0,500.0,282.0,500.0,500.0,103.0,267.0,10.0,500.0,500.0,500.0,500.0,403.0,9.0,249.0,500.0,478.0,500.0,500.0,500.0
1327,500.0,27.0,116.0,500.0,500.0,500.0,500.0,195.0,146.0,500.0,500.0,500.0,500.0,168.0,9.0,244.0,9.0,500.0,500.0,500.0,500.0,500.0,500.0,500.0,9.0,500.0,121.0,500.0,500.0,188.0,500.0,500.0,332.0,500.0,500.0,84.0,204.0,10.0,500.0,500.0,500.0,500.0,349.0,9.0,439.0,500.0,253.0,500.0,417.0,500.0
1328,160.0,27.0,116.0,500.0,500.0,500.0,500.0,500.0,141.0,500.0,500.0,500.0,500.0,172.0,9.0,314.0,9.0,500.0,500.0,500.0,500.0,500.0,500.0,500.0,9.0,500.0,121.0,500.0,500.0,188.0,500.0,500.0,294.0,500.0,500.0,180.0,203.0,10.0,500.0,500.0,500.0,500.0,500.0,9.0,182.0,500.0,393.0,500.0,500.0,500.0
1329,202.0,27.0,116.0,500.0,500.0,500.0,500.0,500.0,138.0,500.0,500.0,497.0,500.0,167.0,9.0,415.0,9.0,500.0,500.0,500.0,500.0,489.0,500.0,500.0,9.0,500.0,121.0,347.0,500.0,188.0,500.0,500.0,308.0,500.0,500.0,225.0,197.0,10.0,500.0,500.0,500.0,500.0,500.0,9.0,396.0,500.0,284.0,500.0,500.0,500.0
1330,281.0,27.0,116.0,500.0,500.0,500.0,500.0,500.0,136.0,500.0,500.0,352.0,500.0,177.0,9.0,500.0,9.0,500.0,500.0,500.0,500.0,405.0,500.0,500.0,9.0,500.0,121.0,500.0,500.0,189.0,500.0,500.0,283.0,500.0,500.0,129.0,180.0,10.0,500.0,500.0,500.0,500.0,458.0,9.0,408.0,500.0,500.0,500.0,360.0,500.0
1331,500.0,27.0,116.0,500.0,500.0,500.0,500.0,500.0,136.0,500.0,500.0,500.0,500.0,169.0,9.0,500.0,9.0,500.0,500.0,500.0,500.0,284.0,500.0,479.0,9.0,500.0,121.0,451.0,500.0,190.0,500.0,500.0,297.0,500.0,500.0,135.0,182.0,10.0,500.0,500.0,500.0,500.0,500.0,9.0,500.0,500.0,149.0,500.0,500.0,500.0
1332,187.0,27.0,116.0,500.0,500.0,402.0,500.0,500.0,146.0,500.0,500.0,276.0,500.0,176.0,9.0,500.0,9.0,500.0,500.0,500.0,500.0,336.0,500.0,500.0,9.0,500.0,121.0,500.0,500.0,189.0,500.0,500.0,270.0,500.0,500.0,72.0,195.0,10.0,500.0,500.0,500.0,500.0,500.0,9.0,500.0,500.0,274.0,500.0,376.0,500.0
1333,361.0,27.0,116.0,500.0,500.0,500.0,500.0,500.0,138.0,500.0,500.0,500.0,500.0,175.0,9.0,500.0,9.0,500.0,500.0,500.0,500.0,475.0,500.0,500.0,9.0,500.0,121.0,301.0,500.0,190.0,500.0,500.0,261.0,500.0,500.0,220.0,188.0,10.0,500.0,500.0,500.0,500.0,485.0,9.0,500.0,500.0,312.0,500.0,350.0,500.0
1334,107.0,27.0,116.0,500.0,500.0,500.0,500.0,500.0,136.0,500.0,500.0,345.0,500.0,180.0,9.0,154.0,9.0,500.0,500.0,500.0,500.0,500.0,500.0,500.0,9.0,500.0,121.0,231.0,500.0,189.0,500.0,500.0,249.0,500.0,500.0,225.0,206.0,10.0,500.0,500.0,500.0,500.0,500.0,9.0,64.0,500.0,287.0,316.0,405.0,500.0
1335,190.0,27.0,116.0,500.0,500.0,500.0,500.0,500.0,136.0,220.0,500.0,286.0,500.0,178.0,9.0,500.0,9.0,500.0,500.0,500.0,500.0,500.0,500.0,444.0,9.0,500.0,125.0,500.0,500.0,188.0,104.0,500.0,263.0,500.0,500.0,500.0,307.0,10.0,500.0,500.0,500.0,500.0,268.0,9.0,101.0,500.0,262.0,500.0,392.0,500.0
1336,500.0,27.0,116.0,500.0,500.0,206.0,500.0,500.0,132.0,500.0,500.0,275.0,500.0,184.0,9.0,323.0,9.0,500.0,500.0,500.0,500.0,500.0,500.0,500.0,9.0,500.0,121.0,500.0,500.0,191.0,500.0,500.0,243.0,500.0,500.0,337.0,183.0,10.0,500.0,500.0,500.0,500.0,184.0,9.0,263.0,500.0,172.0,500.0,321.0,500.0
1337,500.0,27.0,116.0,500.0,500.0,310.0,500.0,500.0,130.0,500.0,500.0,500.0,500.0,182.0,9.0,481.0,9.0,500.0,500.0,500.0,500.0,500.0,500.0,500.0,9.0,500.0,121.0,500.0,500.0,190.0,500.0,500.0,281.0,500.0,500.0,115.0,179.0,10.0,500.0,500.0,500.0,500.0,500.0,9.0,262.0,500.0,333.0,500.0,432.0,500.0
1338,500.0,27.0,116.0,500.0,500.0,116.0,500.0,500.0,129.0,500.0,500.0,353.0,500.0,178.0,9.0,341.0,9.0,500.0,500.0,500.0,500.0,500.0,500.0,500.0,9.0,500.0,125.0,144.0,500.0,189.0,500.0,500.0,235.0,500.0,500.0,411.0,200.0,10.0,500.0,500.0,500.0,500.0,500.0,9.0,53.0,500.0,262.0,500.0,359.0,500.0
1339,500.0,27.0,116.0,500.0,500.0,282.0,500.0,500.0,127.0,500.0,500.0,325.0,500.0,182.0,9.0,500.0,9.0,500.0,500.0,500.0,500.0,500.0,500.0,500.0,9.0,500.0,130.0,500.0,500.0,188.0,500.0,500.0,233.0,500.0,500.0,261.0,203.0,10.0,500.0,500.0,500.0,500.0,447.0,9.0,349.0,500.0,163.0,500.0,362.0,500.0
1340,164.0,27.0,116.0,500.0,500.0,341.0,500.0,500.0,127.0,500.0,500.0,500.0,500.0,181.0,9.0,360.0,9.0,211.0,500.0,500.0,500.0,500.0,500.0,500.0,9.0,500.0,130.0,328.0,500.0,188.0,500.0,500.0,249.0,500.0,500.0,186.0,201.0,10.0,500.0,500.0,500.0,500.0,500.0,9.0,287.0,500.0,165.0,500.0,286.0,500.0
1341,442.0,27.0,116.0,500.0,500.0,500.0,500.0,500.0,121.0,500.0,500.0,389.0,500.0,176.0,9.0,434.0,9.0,500.0,500.0,500.0,500.0,500.0,500.0,500.0,9.0,500.0,133.0,297.0,500.0,189.0,500.0,500.0,234.0,500.0,500.0,209.0,223.0,10.0,500.0,500.0,500.0,500.0,423.0,9.0,274.0,500.0,284.0,500.0,347.0,500.0
1342,500.0,27.0,116.0,500.0,500.0,500.0,500.0,500.0,121.0,500.0,500.0,500.0,500.0,176.0,9.0,283.0,9.0,500.0,500.0,500.0,500.0,500.0,500.0,500.0,9.0,500.0,135.0,449.0,500.0,189.0,326.0,500.0,230.0,500.0,500.0,189.0,184.0,10.0,500.0,500.0,500.0,500.0,500.0,9.0,333.0,500.0,131.0,500.0,454.0,500.0
1343,349.0,27.0,116.0,500.0,500.0,326.0,500.0,500.0,121.0,500.0,500.0,471.0,500.0,177.0,9.0,500.0,9.0,500.0,500.0,500.0,500.0,500.0,500.0,500.0,9.0,500.0,133.0,500.0,500.0,190.0,352.0,500.0,244.0,500.0,500.0,237.0,192.0,10.0,500.0,500.0,500.0,500.0,500.0,9.0,500.0,500.0,265.0,500.0,500.0,500.0
1344,172.0,27.0,116.0,500.0,500.0,363.0,500.0,500.0,121.0,500.0,500.0,500.0,500.0,176.0,9.0,500.0,9.0,500.0,500.0,500.0,500.0,219.0,500.0,500.0,9.0,500.0,133.0,285.0,500.0,190.0,230.0,500.0,233.0,500.0,500.0,194.0,183.0,10.0,500.0,500.0,500.0,500.0,500.0,9.0,333.0,500.0,250.0,500.0,500.0,500.0
1345,340.0,27.0,116.0,500.0,500.0,500.0,500.0,500.0,121.0,500.0,500.0,261.0,500.0,170.0,9.0,500.0,9.0,500.0,500.0,500.0,500.0,500.0,500.0,500.0,9.0,500.0,135.0,328.0,500.0,190.0,454.0,500.0,260.0,500.0,500.0,500.0,214.0,10.0,500.0,500.0,500.0,500.0,500.0,9.0,500.0,500.0,219.0,500.0,500.0,500.0
1346,252.0,27.0,116.0,500.0,500.0,317.0,500.0,500.0,121.0,500.0,500.0,327.0,500.0,172.0,9.0,357.0,9.0,500.0,500.0,500.0,500.0,228.0,500.0,500.0,9.0,385.0,130.0,500.0,500.0,191.0,500.0,500.0,228.0,500.0,500.0,241.0,155.0,10.0,500.0,500.0,500.0,500.0,500.0,9.0,179.0,500.0,155.0,500.0,500.0,500.0
1347,139.0,27.0,116.0,500.0,500.0,318.0,500.0,500.0,121.0,500.0,500.0,500.0,500.0,170.0,9.0,417.0,9.0,500.0,500.0,500.0,500.0,500.0,500.0,500.0,9.0,500.0,135.0,353.0,500.0,194.0,500.0,500.0,224.0,500.0,500.0,489.0,223.0,10.0,500.0,500.0,500.0,500.0,500.0,9.0,225.0,500.0,149.0,500.0,500.0,500.0
1348,202.0,27.0,116.0,500.0,349.0,500.0,500.0,500.0,121.0,500.0,500.0,315.0,500.0,173.0,9.0,500.0,9.0,500.0,500.0,500.0,500.0,500.0,500.0,500.0,9.0,500.0,130.0,412.0,500.0,195.0,500.0,500.0,231.0,500.0,500.0,408.0,223.0,10.0,500.0,500.0,500.0,500.0,500.0,9.0,204.0,500.0,168.0,500.0,500.0,500.0
1349,432.0,27.0,116.0,500.0,500.0,368.0,500.0,500.0,121.0,500.0,500.0,399.0,500.0,169.0,9.0,500.0,9.0,500.0,500.0,500.0,500.0,500.0,500.0,500.0,9.0,500.0,130.0,327.0,500.0,196.0,500.0,500.0,263.0,500.0,500.0,468.0,225.0,10.0,500.0,500.0,500.0,500.0,500.0,9.0,232.0,500.0,58.0,500.0,500.0,500.0
1350,500.0,27.0,116.0,500.0,500.0,500.0,500.0,500.0,121.0,500.0,500.0,500.0,500.0,170.0,9.0,305.0,9.0,500.0,500.0,500.0,500.0,500.0,500.0,500.0,9.0,500.0,130.0,412.0,500.0,196.0,371.0,500.0,212.0,500.0,500.0,495.0,224.0,10.0,500.0,500.0,500.0,500.0,497.0,9.0,190.0,500.0,220.0,403.0,500.0,500.0
1351,163.0,27.0,116.0,500.0,500.0,391.0,500.0,500.0,121.0,500.0,500.0,500.0,500.0,172.0,9.0,500.0,9.0,500.0,500.0,500.0,500.0,500.0,500.0,500.0,9.0,500.0,130.0,307.0,500.0,197.0,500.0,500.0,259.0,500.0,500.0,229.0,213.0,10.0,500.0,500.0,500.0,500.0,500.0,9.0,224.0,500.0,173.0,413.0,500.0,500.0
1352,500.0,27.0,116.0,500.0,500.0,500.0,500.0,500.0,121.0,500.0,500.0,297.0,500.0,175.0,9.0,500.0,9.0,500.0,500.0,500.0,500.0,500.0,500.0,500.0,9.0,500.0,130.0,500.0,500.0,197.0,500.0,500.0,232.0,500.0,500.0,197.0,253.0,10.0,500.0,500.0,500.0,500.0,500.0,9.0,228.0,500.0,205.0,500.0,500.0,500.0
1353,500.0,27.0,116.0,500.0,500.0,500.0,500.0,500.0,121.0,500.0,500.0,500.0,500.0,179.0,9.0,500.0,9.0,500.0,500.0,500.0,500.0,500.0,500.0,500.0,9.0,500.0,122.0,500.0,500.0,196.0,500.0,500.0,214.0,500.0,500.0,218.0,202.0,10.0,500.0,500.0,500.0,500.0,500.0,9.0,429.0,500.0,167.0,500.0,500.0,500.0
1354,500.0,27.0,116.0,500.0,500.0,367.0,500.0,500.0,116.0,500.0,500.0,239.0,500.0,176.0,9.0,352.0,9.0,500.0,500.0,500.0,500.0,500.0,500.0,500.0,9.0,500.0,120.0,341.0,500.0,195.0,500.0,500.0,224.0,500.0,500.0,388.0,271.0,10.0,500.0,500.0,500.0,500.0,500.0,9.0,326.0,500.0,224.0,500.0,500.0,500.0
1355,369.0,27.0,116.0,500.0,500.0,471.0,500.0,500.0,121.0,411.0,500.0,477.0,500.0,170.0,9.0,287.0,9.0,500.0,500.0,500.0,500.0,500.0,500.0,500.0,9.0,500.0,126.0,440.0,500.0,193.0,500.0,500.0,234.0,500.0,500.0,289.0,230.0,10.0,500.0,500.0,500.0,500.0,326.0,9.0,483.0,500.0,250.0,429.0,500.0,500.0
1356,213.0,27.0,116.0,500.0,500.0,500.0,500.0,500.0,127.0,500.0,500.0,186.0,500.0,176.0,9.0,497.0,9.0,500.0,500.0,500.0,500.0,500.0,500.0,500.0,9.0,500.0,126.0,157.0,500.0,191.0,298.0,500.0,233.0,500.0,500.0,151.0,235.0,10.0,500.0,500.0,500.0,500.0,474.0,9.0,209.0,500.0,176.0,500.0,500.0,500.0
1357,162.0,27.0,116.0,500.0,500.0,202.0,500.0,500.0,129.0,500.0,500.0,416.0,500.0,181.0,9.0,447.0,9.0,500.0,500.0,500.0,500.0,500.0,500.0,201.0,9.0,500.0,119.0,417.0,500.0,188.0,500.0,500.0,240.0,500.0,500.0,166.0,238.0,10.0,500.0,500.0,500.0,500.0,500.0,9.0,320.0,500.0,259.0,500.0,500.0,500.0
1358,468.0,27.0,116.0,500.0,500.0,500.0,500.0,500.0,129.0,495.0,500.0,304.0,500.0,179.0,9.0,500.0,9.0,500.0,500.0,500.0,500.0,500.0,500.0,500.0,9.0,500.0,121.0,500.0,500.0,188.0,413.0,500.0,246.0,500.0,500.0,195.0,187.0,10.0,500.0,500.0,500.0,500.0,469.0,9.0,422.0,500.0,145.0,500.0,500.0,500.0
1359,304.0,27.0,116.0,500.0,500.0,500.0,500.0,500.0,129.0,391.0,500.0,390.0,500.0,177.0,9.0,500.0,9.0,500.0,500.0,500.0,500.0,500.0,500.0,485.0,9.0,500.0,118.0,500.0,500.0,186.0,500.0,500.0,250.0,500.0,500.0,500.0,264.0,10.0,500.0,500.0,500.0,500.0,332.0,9.0,220.0,500.0,153.0,500.0,500.0,500.0
1360,362.0,27.0,116.0,500.0,500.0,432.0,500.0,500.0,136.0,500.0,500.0,416.0,500.0,176.0,9.0,436.0,9.0,500.0,500.0,500.0,500.0,310.0,500.0,500.0,9.0,500.0,121.0,296.0,500.0,184.0,500.0,500.0,226.0,500.0,500.0,374.0,188.0,10.0,500.0,500.0,500.0,500.0,415.0,9.0,305.0,500.0,247.0,500.0,500.0,500.0
1361,399.0,27.0,116.0,500.0,500.0,500.0,500.0,500.0,136.0,347.0,500.0,500.0,500.0,182.0,9.0,500.0,9.0,500.0,500.0,500.0,500.0,500.0,500.0,500.0,9.0,500.0,121.0,468.0,500.0,182.0,454.0,500.0,234.0,500.0,500.0,348.0,254.0,10.0,500.0,500.0,500.0,500.0,500.0,9.0,339.0,500.0,254.0,500.0,500.0,500.0
1362,500.0,27.0,116.0,500.0,500.0,500.0,500.0,500.0,147.0,500.0,500.0,442.0,500.0,183.0,9.0,500.0,9.0,331.0,500.0,500.0,500.0,500.0,500.0,500.0,9.0,500.0,121.0,289.0,500.0,181.0,500.0,500.0,240.0,500.0,500.0,483.0,286.0,10.0,500.0,500.0,500.0,500.0,205.0,9.0,217.0,500.0,151.0,500.0,500.0,500.0
1363,365.0,27.0,116.0,500.0,500.0,500.0,500.0,500.0,154.0,500.0,500.0,384.0,500.0,175.0,9.0,500.0,9.0,500.0,500.0,500.0,500.0,500.0,500.0,411.0,9.0,500.0,119.0,294.0,500.0,178.0,500.0,500.0,234.0,500.0,500.0,275.0,274.0,10.0,500.0,500.0,500.0,500.0,263.0,9.0,225.0,500.0,285.0,500.0,500.0,500.0
1364,472.0,27.0,116.0,500.0,500.0,500.0,500.0,500.0,154.0,500.0,500.0,447.0,500.0,181.0,9.0,500.0,9.0,500.0,500.0,500.0,500.0,500.0,500.0,500.0,9.0,500.0,118.0,500.0,500.0,177.0,500.0,500.0,218.0,500.0,500.0,282.0,222.0,10.0,500.0,500.0,500.0,500.0,500.0,9.0,248.0,500.0,283.0,500.0,500.0,500.0
1365,228.0,27.0,116.0,500.0,500.0,500.0,500.0,500.0,174.0,461.0,500.0,500.0,500.0,174.0,9.0,500.0,9.0,500.0,500.0,500.0,500.0,188.0,500.0,500.0,9.0,500.0,119.0,438.0,500.0,175.0,500.0,500.0,201.0,500.0,500.0,225.0,248.0,10.0,500.0,500.0,500.0,500.0,500.0,9.0,329.0,500.0,257.0,500.0,500.0,500.0
1366,320.0,27.0,116.0,500.0,500.0,500.0,500.0,500.0,179.0,392.0,500.0,207.0,500.0,178.0,9.0,458.0,9.0,500.0,500.0,500.0,500.0,500.0,500.0,500.0,9.0,500.0,119.0,500.0,500.0,172.0,500.0,500.0,202.0,500.0,500.0,312.0,234.0,10.0,500.0,500.0,500.0,500.0,421.0,9.0,293.0,500.0,253.0,500.0,500.0,500.0
1367,305.0,27.0,116.0,500.0,500.0,500.0,500.0,500.0,362.0,405.0,500.0,500.0,500.0,182.0,9.0,500.0,9.0,500.0,500.0,500.0,500.0,313.0,500.0,321.0,9.0,500.0,119.0,320.0,500.0,171.0,500.0,500.0,224.0,500.0,500.0,244.0,311.0,10.0,500.0,500.0,500.0,500.0,500.0,9.0,325.0,500.0,367.0,500.0,500.0,500.0
1368,500.0,27.0,116.0,500.0,500.0,500.0,500.0,500.0,335.0,500.0,500.0,437.0,500.0,175.0,9.0,500.0,9.0,500.0,500.0,500.0,500.0,500.0,500.0,500.0,9.0,500.0,118.0,266.0,500.0,169.0,236.0,500.0,207.0,500.0,500.0,464.0,214.0,10.0,500.0,500.0,500.0,500.0,500.0,9.0,314.0,500.0,301.0,500.0,500.0,500.0
1369,500.0,27.0,116.0,500.0,500.0,500.0,500.0,500.0,410.0,473.0,500.0,500.0,500.0,175.0,9.0,500.0,9.0,500.0,500.0,500.0,500.0,417.0,500.0,500.0,9.0,500.0,119.0,500.0,500.0,166.0,500.0,500.0,198.0,500.0,500.0,113.0,249.0,10.0,500.0,500.0,500.0,500.0,500.0,9.0,340.0,500.0,304.0,500.0,500.0,500.0
1370,500.0,27.0,116.0,500.0,500.0,410.0,500.0,500.0,434.0,500.0,500.0,500.0,500.0,183.0,9.0,327.0,9.0,500.0,500.0,500.0,500.0,500.0,500.0,344.0,9.0,500.0,119.0,500.0,500.0,164.0,500.0,500.0,190.0,500.0,500.0,297.0,190.0,10.0,500.0,500.0,500.0,500.0,500.0,9.0,150.0,500.0,281.0,500.0,500.0,500.0
1371,500.0,27.0,116.0,500.0,500.0,500.0,500.0,500.0,457.0,500.0,500.0,463.0,500.0,178.0,9.0,500.0,9.0,500.0,500.0,500.0,500.0,500.0,500.0,500.0,9.0,500.0,119.0,500.0,500.0,164.0,500.0,500.0,197.0,500.0,500.0,500.0,303.0,10.0,500.0,500.0,500.0,500.0,500.0,9.0,265.0,500.0,301.0,500.0,500.0,500.0
1372,374.0,27.0,116.0,500.0,500.0,500.0,500.0,500.0,497.0,500.0,500.0,500.0,500.0,180.0,9.0,500.0,9.0,500.0,500.0,500.0,500.0,500.0,500.0,500.0,9.0,500.0,118.0,500.0,276.0,162.0,217.0,500.0,217.0,500.0,500.0,182.0,249.0,10.0,500.0,500.0,500.0,500.0,500.0,9.0,198.0,500.0,328.0,500.0,500.0,500.0
1373,442.0,27.0,116.0,500.0,500.0,500.0,500.0,500.0,500.0,500.0,500.0,447.0,500.0,181.0,9.0,324.0,9.0,500.0,500.0,500.0,500.0,315.0,500.0,500.0,9.0,500.0,121.0,500.0,500.0,162.0,500.0,500.0,185.0,500.0,500.0,353.0,360.0,10.0,500.0,500.0,500.0,500.0,500.0,9.0,271.0,500.0,419.0,500.0,500.0,500.0
1374,500.0,27.0,116.0,500.0,500.0,185.0,500.0,500.0,500.0,500.0,500.0,500.0,500.0,180.0,9.0,500.0,9.0,500.0,500.0,500.0,500.0,500.0,500.0,500.0,9.0,500.0,121.0,500.0,500.0,162.0,482.0,500.0,198.0,500.0,500.0,498.0,257.0,10.0,500.0,500.0,500.0,500.0,500.0,9.0,410.0,500.0,293.0,500.0,500.0,500.0
1375,500.0,27.0,116.0,500.0,500.0,482.0,500.0,500.0,500.0,500.0,500.0,500.0,500.0,180.0,9.0,322.0,9.0,500.0,500.0,500.0,500.0,309.0,500.0,500.0,9.0,500.0,118.0,500.0,500.0,162.0,500.0,500.0,199.0,500.0,500.0,295.0,291.0,10.0,500.0,500.0,500.0,500.0,500.0,9.0,451.0,500.0,311.0,500.0,500.0,500.0
1376,307.0,27.0,116.0,500.0,500.0,500.0,500.0,500.0,500.0,500.0,500.0,500.0,500.0,185.0,9.0,385.0,9.0,500.0,500.0,500.0,500.0,130.0,500.0,500.0,9.0,321.0,121.0,500.0,500.0,162.0,500.0,500.0,220.0,500.0,500.0,378.0,274.0,10.0,500.0,500.0,500.0,500.0,500.0,9.0,129.0,500.0,418.0,500.0,500.0,500.0
1377,500.0,27.0,116.0,500.0,500.0,500.0,500.0,500.0,500.0,500.0,500.0,434.0,500.0,188.0,9.0,331.0,9.0,500.0,500.0,500.0,500.0,406.0,407.0,500.0,9.0,263.0,121.0,399.0,500.0,161.0,500.0,500.0,190.0,500.0,500.0,158.0,296.0,10.0,500.0,500.0,500.0,500.0,348.0,9.0,491.0,500.0,200.0,500.0,500.0,500.0
1378,305.0,27.0,116.0,500.0,500.0,465.0,500.0,500.0,285.0,500.0,500.0,244.0,500.0,184.0,9.0,500.0,9.0,500.0,500.0,500.0,500.0,318.0,287.0,500.0,9.0,319.0,121.0,476.0,500.0,161.0,500.0,500.0,198.0,500.0,500.0,415.0,255.0,10.0,500.0,500.0,500.0,500.0,500.0,9.0,253.0,500.0,500.0,500.0,500.0,500.0
1379,138.0,27.0,122.0,500.0,500.0,500.0,500.0,500.0,500.0,500.0,500.0,500.0,500.0,194.0,9.0,500.0,9.0,500.0,500.0,500.0,500.0,500.0,352.0,500.0,9.0,148.0,121.0,500.0,500.0,159.0,500.0,500.0,232.0,500.0,500.0,154.0,265.0,10.0,500.0,500.0,500.0,500.0,391.0,9.0,127.0,500.0,500.0,500.0,500.0,500.0
1380,500.0,27.0,116.0,500.0,500.0,500.0,500.0,500.0,279.0,500.0,500.0,127.0,500.0,191.0,9.0,183.0,9.0,500.0,500.0,500.0,500.0,500.0,296.0,500.0,9.0,206.0,121.0,500.0,500.0,160.0,500.0,500.0,197.0,500.0,500.0,414.0,256.0,10.0,500.0,500.0,500.0,500.0,389.0,9.0,133.0,500.0,494.0,500.0,500.0,500.0
1381,269.0,27.0,116.0,500.0,500.0,371.0,500.0,500.0,279.0,500.0,500.0,500.0,500.0,184.0,9.0,304.0,9.0,500.0,500.0,500.0,500.0,500.0,230.0,500.0,9.0,271.0,121.0,500.0,500.0,159.0,500.0,500.0,197.0,500.0,500.0,500.0,270.0,10.0,500.0,500.0,500.0,500.0,500.0,9.0,173.0,500.0,500.0,500.0,500.0,500.0
1382,400.0,27.0,116.0,500.0,500.0,366.0,500.0,500.0,279.0,500.0,500.0,500.0,500.0,190.0,9.0,500.0,9.0,500.0,500.0,500.0,500.0,500.0,228.0,500.0,9.0,275.0,121.0,500.0,500.0,159.0,211.0,500.0,211.0,500.0,500.0,169.0,307.0,10.0,500.0,500.0,500.0,500.0,500.0,9.0,233.0,500.0,500.0,500.0,500.0,500.0
1383,392.0,27.0,116.0,500.0,500.0,500.0,500.0,500.0,279.0,500.0,500.0,387.0,500.0,190.0,9.0,500.0,9.0,500.0,220.0,500.0,500.0,500.0,238.0,500.0,9.0,211.0,121.0,500.0,500.0,158.0,500.0,500.0,206.0,500.0,500.0,188.0,236.0,10.0,500.0,500.0,500.0,500.0,325.0,9.0,216.0,500.0,500.0,500.0,500.0,500.0
1384,335.0,27.0,116.0,500.0,500.0,500.0,500.0,500.0,279.0,500.0,500.0,500.0,500.0,186.0,9.0,500.0,9.0,500.0,500.0,500.0,500.0,500.0,242.0,500.0,9.0,159.0,121.0,183.0,500.0,157.0,500.0,500.0,200.0,500.0,500.0,309.0,303.0,10.0,500.0,500.0,500.0,500.0,346.0,9.0,267.0,500.0,500.0,500.0,500.0,500.0
1385,500.0,27.0,116.0,500.0,500.0,500.0,500.0,500.0,279.0,500.0,500.0,500.0,500.0,187.0,9.0,367.0,9.0,500.0,500.0,500.0,500.0,500.0,172.0,500.0,9.0,157.0,121.0,500.0,500.0,157.0,500.0,500.0,198.0,500.0,500.0,163.0,254.0,10.0,500.0,500.0,500.0,500.0,500.0,9.0,127.0,500.0,500.0,500.0,500.0,500.0
1386,500.0,27.0,116.0,500.0,500.0,500.0,500.0,500.0,288.0,500.0,500.0,344.0,500.0,193.0,9.0,500.0,9.0,500.0,500.0,500.0,500.0,500.0,100.0,500.0,9.0,153.0,121.0,385.0,500.0,158.0,500.0,500.0,187.0,500.0,500.0,375.0,279.0,10.0,500.0,500.0,500.0,500.0,500.0,9.0,292.0,500.0,500.0,500.0,500.0,500.0
1387,500.0,27.0,116.0,500.0,500.0,387.0,500.0,500.0,448.0,500.0,500.0,305.0,500.0,199.0,9.0,400.0,9.0,500.0,500.0,500.0,500.0,500.0,105.0,500.0,9.0,93.0,121.0,500.0,500.0,157.0,127.0,500.0,191.0,500.0,500.0,464.0,271.0,10.0,500.0,500.0,500.0,500.0,135.0,9.0,500.0,500.0,500.0,500.0,500.0,500.0
1388,495.0,27.0,122.0,500.0,500.0,500.0,500.0,500.0,500.0,500.0,500.0,500.0,500.0,197.0,9.0,371.0,9.0,500.0,500.0,500.0,500.0,500.0,102.0,500.0,9.0,94.0,121.0,277.0,500.0,158.0,500.0,500.0,223.0,500.0,500.0,307.0,271.0,10.0,500.0,500.0,500.0,500.0,500.0,9.0,198.0,500.0,500.0,500.0,500.0,500.0
1389,500.0,27.0,116.0,500.0,500.0,318.0,500.0,500.0,424.0,500.0,500.0,260.0,500.0,196.0,9.0,275.0,9.0,500.0,500.0,500.0,500.0,500.0,110.0,500.0,9.0,94.0,121.0,302.0,500.0,155.0,500.0,500.0,180.0,500.0,500.0,159.0,324.0,10.0,500.0,500.0,500.0,500.0,255.0,9.0,255.0,500.0,500.0,500.0,500.0,500.0
1390,433.0,27.0,119.0,500.0,500.0,413.0,500.0,500.0,466.0,500.0,500.0,478.0,500.0,192.0,9.0,500.0,9.0,500.0,424.0,500.0,500.0,500.0,107.0,500.0,9.0,92.0,121.0,441.0,500.0,158.0,500.0,500.0,208.0,500.0,500.0,259.0,384.0,10.0,500.0,500.0,500.0,500.0,213.0,9.0,235.0,500.0,500.0,500.0,500.0,500.0
1391,167.0,27.0,119.0,500.0,500.0,500.0,500.0,500.0,500.0,500.0,500.0,309.0,500.0,200.0,9.0,288.0,9.0,500.0,500.0,500.0,500.0,500.0,173.0,500.0,9.0,94.0,121.0,500.0,500.0,156.0,500.0,500.0,173.0,500.0,500.0,179.0,342.0,10.0,500.0,500.0,500.0,500.0,324.0,9.0,207.0,500.0,284.0,500.0,500.0,500.0
1392,397.0,27.0,119.0,500.0,500.0,500.0,500.0,500.0,494.0,500.0,500.0,500.0,500.0,201.0,9.0,315.0,9.0,500.0,500.0,500.0,500.0,500.0,181.0,500.0,9.0,94.0,121.0,415.0,500.0,156.0,500.0,500.0,208.0,500.0,500.0,373.0,257.0,10.0,500.0,500.0,500.0,500.0,500.0,9.0,187.0,500.0,500.0,500.0,500.0,500.0
1393,398.0,27.0,116.0,500.0,500.0,333.0,500.0,500.0,284.0,500.0,500.0,500.0,500.0,211.0,9.0,241.0,9.0,500.0,500.0,500.0,500.0,326.0,179.0,500.0,9.0,91.0,121.0,422.0,500.0,156.0,500.0,500.0,263.0,500.0,500.0,300.0,309.0,10.0,500.0,500.0,500.0,404.0,500.0,9.0,238.0,500.0,500.0,500.0,500.0,500.0
1394,270.0,27.0,119.0,500.0,500.0,383.0,500.0,500.0,282.0,500.0,500.0,142.0,500.0,210.0,9.0,500.0,9.0,500.0,500.0,500.0,500.0,500.0,190.0,500.0,9.0,93.0,121.0,472.0,500.0,156.0,500.0,500.0,271.0,500.0,500.0,311.0,468.0,10.0,500.0,500.0,500.0,500.0,382.0,9.0,349.0,500.0,500.0,500.0,500.0,500.0
1395,500.0,27.0,123.0,500.0,500.0,500.0,500.0,500.0,279.0,500.0,500.0,500.0,500.0,203.0,9.0,500.0,9.0,500.0,500.0,500.0,500.0,500.0,256.0,500.0,9.0,96.0,121.0,500.0,500.0,156.0,500.0,500.0,487.0,500.0,500.0,302.0,262.0,10.0,500.0,500.0,500.0,500.0,500.0,9.0,500.0,500.0,443.0,500.0,500.0,500.0
1396,372.0,27.0,123.0,500.0,500.0,500.0,500.0,500.0,279.0,500.0,500.0,500.0,500.0,208.0,9.0,500.0,9.0,500.0,500.0,500.0,500.0,500.0,185.0,500.0,9.0,100.0,118.0,458.0,500.0,156.0,500.0,500.0,252.0,500.0,500.0,404.0,306.0,10.0,500.0,500.0,500.0,500.0,469.0,9.0,206.0,500.0,500.0,500.0,500.0,500.0
1397,500.0,27.0,123.0,500.0,500.0,428.0,500.0,500.0,272.0,500.0,500.0,487.0,500.0,208.0,9.0,500.0,9.0,500.0,500.0,500.0,500.0,312.0,256.0,500.0,9.0,95.0,118.0,353.0,500.0,156.0,500.0,500.0,222.0,500.0,500.0,247.0,340.0,10.0,500.0,500.0,500.0,500.0,500.0,9.0,179.0,500.0,299.0,500.0,500.0,500.0
1398,203.0,27.0,123.0,500.0,500.0,500.0,500.0,500.0,272.0,500.0,500.0,302.0,500.0,202.0,9.0,426.0,9.0,500.0,500.0,500.0,199.0,491.0,402.0,500.0,9.0,99.0,121.0,385.0,500.0,157.0,500.0,500.0,307.0,500.0,500.0,303.0,411.0,10.0,500.0,500.0,500.0,500.0,500.0,9.0,237.0,500.0,500.0,500.0,500.0,500.0
1399,191.0,27.0,123.0,500.0,500.0,376.0,500.0,500.0,272.0,500.0,500.0,470.0,500.0,202.0,9.0,500.0,9.0,500.0,500.0,500.0,500.0,500.0,500.0,500.0,9.0,96.0,121.0,500.0,500.0,158.0,436.0,500.0,231.0,500.0,500.0,174.0,345.0,10.0,500.0,500.0,500.0,500.0,500.0,9.0,197.0,500.0,500.0,500.0,500.0,500.0
1400,322.0,27.0,123.0,500.0,500.0,500.0,284.0,262.0,272.0,500.0,500.0,428.0,500.0,202.0,9.0,360.0,9.0,500.0,500.0,500.0,500.0,500.0,404.0,500.0,9.0,101.0,121.0,500.0,500.0,160.0,500.0,500.0,223.0,500.0,500.0,397.0,390.0,10.0,500.0,500.0,500.0,500.0,500.0,9.0,193.0,500.0,500.0,500.0,500.0,500.0
1401,373.0,27.0,123.0,500.0,500.0,500.0,500.0,500.0,272.0,500.0,500.0,390.0,500.0,214.0,9.0,500.0,9.0,500.0,500.0,500.0,500.0,291.0,500.0,500.0,9.0,98.0,121.0,500.0,500.0,160.0,500.0,500.0,231.0,500.0,500.0,307.0,348.0,10.0,500.0,500.0,500.0,500.0,417.0,9.0,446.0,500.0,500.0,500.0,500.0,500.0
1402,384.0,27.0,123.0,500.0,500.0,500.0,500.0,500.0,272.0,500.0,500.0,311.0,500.0,213.0,9.0,231.0,9.0,500.0,500.0,500.0,500.0,335.0,500.0,500.0,9.0,96.0,121.0,500.0,500.0,161.0,500.0,500.0,227.0,500.0,500.0,137.0,305.0,10.0,500.0,500.0,500.0,221.0,251.0,9.0,127.0,500.0,500.0,500.0,500.0,500.0
1403,500.0,27.0,123.0,500.0,500.0,500.0,500.0,500.0,272.0,500.0,500.0,186.0,500.0,213.0,9.0,403.0,9.0,500.0,500.0,500.0,500.0,500.0,500.0,500.0,9.0,96.0,121.0,500.0,500.0,163.0,500.0,500.0,217.0,500.0,500.0,383.0,287.0,10.0,500.0,500.0,500.0,500.0,500.0,9.0,242.0,500.0,500.0,500.0,500.0,500.0
1404,197.0,27.0,123.0,500.0,500.0,373.0,500.0,500.0,272.0,500.0,500.0,151.0,500.0,212.0,9.0,500.0,9.0,500.0,500.0,500.0,500.0,500.0,500.0,500.0,9.0,99.0,121.0,465.0,500.0,166.0,500.0,500.0,305.0,500.0,500.0,84.0,389.0,10.0,500.0,500.0,500.0,500.0,453.0,9.0,367.0,500.0,500.0,500.0,500.0,500.0
1405,354.0,27.0,123.0,500.0,500.0,176.0,500.0,500.0,272.0,500.0,500.0,465.0,500.0,210.0,9.0,500.0,9.0,500.0,500.0,500.0,500.0,500.0,500.0,500.0,9.0,95.0,121.0,429.0,500.0,166.0,500.0,500.0,216.0,500.0,500.0,449.0,441.0,10.0,500.0,500.0,500.0,500.0,500.0,9.0,364.0,500.0,422.0,500.0,500.0,500.0
1406,467.0,27.0,123.0,500.0,500.0,500.0,500.0,500.0,272.0,500.0,500.0,301.0,500.0,218.0,9.0,500.0,9.0,500.0,500.0,500.0,500.0,463.0,500.0,500.0,9.0,93.0,121.0,500.0,500.0,168.0,500.0,500.0,213.0,500.0,500.0,66.0,413.0,10.0,500.0,500.0,500.0,500.0,500.0,9.0,325.0,500.0,500.0,500.0,500.0,500.0
1407,382.0,27.0,123.0,500.0,500.0,500.0,500.0,500.0,272.0,500.0,500.0,392.0,500.0,209.0,9.0,401.0,9.0,500.0,500.0,500.0,500.0,214.0,500.0,500.0,9.0,95.0,121.0,500.0,500.0,168.0,500.0,500.0,343.0,500.0,500.0,140.0,326.0,10.0,500.0,500.0,500.0,294.0,500.0,9.0,205.0,500.0,500.0,500.0,500.0,500.0
1408,299.0,27.0,123.0,500.0,500.0,486.0,500.0,500.0,272.0,500.0,500.0,372.0,500.0,218.0,9.0,500.0,9.0,500.0,500.0,500.0,500.0,500.0,500.0,500.0,9.0,162.0,121.0,283.0,500.0,171.0,500.0,500.0,304.0,500.0,500.0,356.0,371.0,10.0,500.0,500.0,500.0,500.0,157.0,9.0,201.0,500.0,500.0,500.0,500.0,500.0
1409,288.0,27.0,123.0,500.0,500.0,500.0,500.0,500.0,269.0,500.0,500.0,140.0,500.0,217.0,9.0,500.0,9.0,500.0,500.0,500.0,214.0,500.0,500.0,500.0,9.0,160.0,118.0,500.0,500.0,172.0,242.0,500.0,226.0,500.0,500.0,201.0,353.0,10.0,500.0,500.0,500.0,500.0,489.0,9.0,339.0,500.0,422.0,500.0,500.0,500.0
1410,261.0,27.0,123.0,500.0,500.0,500.0,500.0,500.0,272.0,500.0,500.0,204.0,500.0,221.0,9.0,173.0,9.0,500.0,500.0,500.0,500.0,500.0,500.0,500.0,9.0,161.0,121.0,298.0,500.0,173.0,365.0,500.0,313.0,500.0,500.0,351.0,450.0,10.0,500.0,500.0,500.0,500.0,500.0,9.0,238.0,500.0,500.0,500.0,500.0,500.0
1411,500.0,27.0,123.0,500.0,500.0,500.0,500.0,500.0,273.0,500.0,500.0,500.0,500.0,211.0,9.0,411.0,9.0,500.0,500.0,500.0,500.0,356.0,500.0,500.0,9.0,166.0,121.0,441.0,500.0,176.0,500.0,500.0,335.0,500.0,500.0,327.0,357.0,10.0,500.0,500.0,500.0,500.0,500.0,9.0,219.0,500.0,500.0,500.0,500.0,500.0
1412,500.0,27.0,123.0,500.0,500.0,500.0,500.0,500.0,268.0,500.0,500.0,293.0,500.0,209.0,9.0,264.0,9.0,500.0,500.0,500.0,500.0,500.0,500.0,500.0,9.0,159.0,121.0,484.0,500.0,177.0,500.0,500.0,243.0,500.0,500.0,461.0,392.0,10.0,500.0,500.0,500.0,500.0,256.0,9.0,202.0,500.0,372.0,500.0,500.0,500.0
1413,315.0,27.0,123.0,500.0,500.0,500.0,500.0,500.0,273.0,500.0,500.0,277.0,500.0,218.0,9.0,475.0,9.0,500.0,500.0,500.0,500.0,500.0,500.0,500.0,9.0,159.0,124.0,500.0,500.0,178.0,277.0,500.0,247.0,500.0,500.0,134.0,446.0,10.0,500.0,500.0,500.0,500.0,500.0,9.0,282.0,500.0,422.0,500.0,500.0,500.0
1414,259.0,27.0,123.0,500.0,500.0,444.0,500.0,500.0,268.0,500.0,500.0,366.0,500.0,217.0,9.0,500.0,9.0,500.0,500.0,500.0,500.0,347.0,500.0,500.0,9.0,159.0,121.0,500.0,500.0,180.0,500.0,500.0,240.0,500.0,500.0,500.0,366.0,10.0,500.0,500.0,500.0,500.0,412.0,9.0,362.0,500.0,356.0,500.0,500.0,500.0
1415,343.0,27.0,123.0,500.0,500.0,500.0,500.0,500.0,268.0,500.0,500.0,500.0,414.0,217.0,9.0,129.0,9.0,500.0,500.0,500.0,500.0,165.0,500.0,500.0,9.0,291.0,125.0,402.0,500.0,180.0,500.0,500.0,500.0,500.0,500.0,209.0,492.0,10.0,500.0,500.0,500.0,500.0,500.0,9.0,383.0,500.0,500.0,500.0,500.0,500.0
1416,500.0,27.0,123.0,500.0,500.0,500.0,500.0,500.0,266.0,500.0,500.0,500.0,417.0,224.0,9.0,153.0,9.0,500.0,500.0,500.0,500.0,289.0,500.0,500.0,9.0,420.0,125.0,500.0,500.0,181.0,500.0,500.0,306.0,500.0,500.0,228.0,484.0,10.0,500.0,500.0,500.0,500.0,399.0,9.0,232.0,500.0,500.0,500.0,500.0,500.0
1417,435.0,27.0,123.0,500.0,500.0,500.0,500.0,500.0,266.0,500.0,500.0,372.0,276.0,215.0,9.0,215.0,9.0,500.0,500.0,500.0,500.0,500.0,500.0,500.0,9.0,500.0,127.0,500.0,500.0,180.0,500.0,500.0,284.0,500.0,500.0,270.0,418.0,10.0,500.0,500.0,500.0,500.0,221.0,9.0,500.0,500.0,444.0,500.0,500.0,500.0
1418,123.0,27.0,123.0,500.0,500.0,500.0,500.0,500.0,266.0,500.0,500.0,500.0,251.0,219.0,9.0,500.0,9.0,500.0,500.0,500.0,500.0,500.0,500.0,500.0,9.0,500.0,127.0,111.0,500.0,182.0,500.0,500.0,249.0,500.0,500.0,434.0,500.0,10.0,500.0,500.0,500.0,500.0,500.0,9.0,305.0,500.0,419.0,500.0,500.0,500.0
1419,500.0,27.0,123.0,500.0,500.0,500.0,500.0,500.0,266.0,500.0,500.0,321.0,249.0,223.0,9.0,500.0,9.0,500.0,500.0,500.0,500.0,500.0,500.0,500.0,9.0,500.0,128.0,276.0,500.0,183.0,289.0,500.0,222.0,500.0,500.0,500.0,500.0,10.0,500.0,500.0,500.0,500.0,500.0,9.0,308.0,500.0,392.0,500.0,483.0,500.0
1420,500.0,27.0,123.0,500.0,500.0,257.0,500.0,500.0,266.0,500.0,500.0,381.0,239.0,211.0,9.0,216.0,9.0,500.0,500.0,500.0,500.0,500.0,500.0,500.0,9.0,500.0,128.0,500.0,500.0,184.0,500.0,500.0,249.0,500.0,500.0,147.0,451.0,10.0,500.0,500.0,500.0,500.0,500.0,9.0,488.0,500.0,470.0,500.0,429.0,500.0
1421,500.0,27.0,123.0,500.0,500.0,480.0,500.0,500.0,266.0,500.0,500.0,500.0,246.0,223.0,9.0,364.0,9.0,500.0,500.0,500.0,500.0,500.0,500.0,500.0,9.0,500.0,128.0,183.0,500.0,183.0,500.0,500.0,275.0,500.0,500.0,161.0,457.0,10.0,500.0,500.0,500.0,500.0,500.0,9.0,249.0,500.0,372.0,500.0,500.0,500.0
1422,500.0,27.0,124.0,500.0,500.0,500.0,500.0,500.0,266.0,500.0,500.0,500.0,221.0,220.0,9.0,500.0,9.0,500.0,500.0,500.0,500.0,500.0,500.0,500.0,9.0,500.0,129.0,347.0,500.0,183.0,500.0,500.0,292.0,500.0,500.0,500.0,500.0,10.0,500.0,500.0,500.0,500.0,325.0,9.0,249.0,500.0,500.0,500.0,500.0,500.0
1423,500.0,27.0,123.0,500.0,500.0,500.0,500.0,500.0,266.0,500.0,500.0,211.0,215.0,220.0,9.0,500.0,9.0,500.0,500.0,500.0,500.0,339.0,500.0,500.0,9.0,500.0,129.0,330.0,500.0,182.0,500.0,453.0,396.0,500.0,500.0,500.0,500.0,10.0,500.0,500.0,500.0,500.0,500.0,9.0,364.0,500.0,379.0,500.0,500.0,500.0
1424,174.0,27.0,124.0,500.0,500.0,354.0,500.0,500.0,266.0,500.0,500.0,336.0,195.0,222.0,9.0,383.0,9.0,500.0,500.0,500.0,500.0,500.0,500.0,475.0,9.0,500.0,128.0,220.0,500.0,183.0,500.0,500.0,260.0,500.0,500.0,500.0,500.0,10.0,500.0,500.0,500.0,500.0,500.0,9.0,225.0,500.0,500.0,500.0,500.0,500.0
1425,500.0,27.0,124.0,500.0,500.0,500.0,500.0,500.0,266.0,500.0,500.0,386.0,188.0,224.0,9.0,500.0,9.0,500.0,500.0,500.0,500.0,500.0,500.0,500.0,9.0,500.0,129.0,500.0,494.0,183.0,500.0,417.0,198.0,500.0,500.0,290.0,500.0,10.0,500.0,500.0,500.0,500.0,328.0,9.0,176.0,500.0,409.0,500.0,500.0,500.0
1426,500.0,27.0,123.0,500.0,500.0,500.0,500.0,500.0,266.0,500.0,500.0,500.0,136.0,226.0,9.0,323.0,9.0,500.0,500.0,500.0,500.0,500.0,500.0,500.0,9.0,500.0,135.0,500.0,500.0,183.0,500.0,372.0,282.0,500.0,500.0,210.0,500.0,10.0,500.0,500.0,500.0,500.0,287.0,9.0,377.0,500.0,500.0,500.0,500.0,500.0
1427,500.0,27.0,123.0,500.0,500.0,500.0,500.0,500.0,266.0,500.0,500.0,213.0,116.0,234.0,9.0,384.0,9.0,500.0,500.0,500.0,500.0,500.0,500.0,500.0,9.0,500.0,134.0,453.0,500.0,183.0,364.0,355.0,426.0,500.0,500.0,150.0,500.0,10.0,500.0,500.0,500.0,500.0,500.0,9.0,256.0,500.0,500.0,500.0,500.0,500.0
1428,500.0,27.0,123.0,500.0,500.0,500.0,500.0,500.0,266.0,500.0,500.0,396.0,126.0,234.0,9.0,500.0,9.0,500.0,500.0,500.0,500.0,500.0,500.0,500.0,9.0,500.0,134.0,229.0,500.0,183.0,500.0,348.0,257.0,500.0,500.0,317.0,500.0,10.0,500.0,500.0,500.0,500.0,313.0,9.0,337.0,500.0,500.0,500.0,500.0,500.0
1429,500.0,27.0,123.0,500.0,500.0,500.0,500.0,500.0,266.0,500.0,500.0,500.0,118.0,236.0,9.0,500.0,9.0,500.0,500.0,500.0,500.0,179.0,500.0,500.0,9.0,500.0,134.0,377.0,500.0,184.0,500.0,361.0,266.0,500.0,500.0,186.0,500.0,10.0,500.0,500.0,500.0,500.0,314.0,9.0,381.0,500.0,468.0,500.0,497.0,500.0
1430,175.0,27.0,123.0,500.0,500.0,500.0,500.0,500.0,266.0,500.0,500.0,363.0,120.0,225.0,9.0,411.0,9.0,500.0,500.0,500.0,500.0,500.0,500.0,500.0,9.0,500.0,147.0,382.0,500.0,184.0,500.0,366.0,413.0,500.0,500.0,251.0,500.0,10.0,500.0,500.0,500.0,500.0,355.0,9.0,500.0,500.0,500.0,500.0,500.0,500.0
1431,500.0,27.0,123.0,500.0,500.0,500.0,500.0,500.0,266.0,500.0,500.0,356.0,115.0,239.0,9.0,500.0,9.0,500.0,500.0,500.0,500.0,366.0,500.0,500.0,9.0,500.0,150.0,149.0,499.0,184.0,500.0,327.0,319.0,500.0,500.0,279.0,500.0,10.0,500.0,500.0,500.0,500.0,500.0,9.0,447.0,500.0,500.0,500.0,500.0,500.0
1432,462.0,27.0,123.0,500.0,500.0,500.0,500.0,500.0,266.0,414.0,500.0,283.0,120.0,252.0,9.0,500.0,9.0,500.0,500.0,500.0,500.0,500.0,500.0,500.0,9.0,500.0,150.0,210.0,436.0,185.0,426.0,413.0,403.0,500.0,500.0,111.0,500.0,10.0,500.0,500.0,500.0,500.0,310.0,9.0,227.0,500.0,500.0,500.0,500.0,500.0
1433,500.0,27.0,124.0,500.0,500.0,500.0,500.0,500.0,266.0,500.0,500.0,500.0,114.0,234.0,9.0,500.0,9.0,500.0,500.0,500.0,500.0,500.0,500.0,500.0,9.0,500.0,151.0,500.0,500.0,185.0,500.0,376.0,287.0,500.0,500.0,411.0,500.0,10.0,500.0,500.0,500.0,500.0,387.0,9.0,275.0,500.0,500.0,500.0,500.0,500.0
1434,369.0,27.0,126.0,500.0,500.0,500.0,500.0,500.0,266.0,500.0,500.0,308.0,115.0,261.0,9.0,500.0,9.0,500.0,500.0,500.0,500.0,500.0,500.0,500.0,9.0,500.0,148.0,500.0,500.0,188.0,457.0,391.0,271.0,500.0,500.0,266.0,500.0,10.0,500.0,500.0,500.0,500.0,500.0,9.0,119.0,500.0,500.0,500.0,500.0,500.0
1435,500.0,27.0,126.0,500.0,500.0,265.0,500.0,500.0,266.0,500.0,500.0,318.0,117.0,260.0,9.0,275.0,9.0,500.0,500.0,500.0,500.0,500.0,500.0,500.0,9.0,500.0,150.0,500.0,469.0,186.0,500.0,410.0,334.0,500.0,500.0,219.0,500.0,10.0,500.0,500.0,500.0,500.0,500.0,9.0,169.0,500.0,500.0,500.0,500.0,500.0
1436,500.0,27.0,126.0,500.0,500.0,500.0,500.0,500.0,266.0,500.0,500.0,500.0,125.0,258.0,9.0,428.0,9.0,500.0,500.0,500.0,500.0,250.0,500.0,500.0,9.0,500.0,244.0,500.0,463.0,189.0,500.0,464.0,307.0,500.0,500.0,476.0,500.0,10.0,500.0,500.0,500.0,500.0,190.0,9.0,326.0,500.0,500.0,500.0,500.0,500.0
1437,500.0,27.0,128.0,500.0,500.0,234.0,500.0,500.0,266.0,500.0,500.0,500.0,121.0,261.0,9.0,500.0,9.0,500.0,500.0,500.0,500.0,500.0,500.0,494.0,9.0,500.0,140.0,500.0,464.0,190.0,500.0,498.0,240.0,500.0,500.0,245.0,500.0,10.0,242.0,500.0,500.0,500.0,500.0,9.0,500.0,500.0,500.0,500.0,500.0,500.0
1438,500.0,27.0,136.0,500.0,500.0,500.0,500.0,500.0,266.0,469.0,500.0,238.0,137.0,271.0,9.0,500.0,9.0,500.0,500.0,500.0,500.0,500.0,500.0,485.0,9.0,500.0,145.0,500.0,500.0,190.0,277.0,500.0,500.0,500.0,500.0,228.0,500.0,10.0,500.0,500.0,500.0,500.0,500.0,9.0,341.0,500.0,500.0,500.0,500.0,500.0
1439,500.0,27.0,128.0,500.0,500.0,424.0,500.0,500.0,266.0,500.0,500.0,280.0,129.0,286.0,9.0,480.0,9.0,500.0,500.0,500.0,500.0,500.0,500.0,500.0,9.0,500.0,242.0,176.0,489.0,191.0,500.0,500.0,279.0,500.0,500.0,248.0,424.0,10.0,500.0,500.0,500.0,500.0,473.0,9.0,466.0,500.0,500.0,500.0,500.0,500.0
1440,500.0,27.0,138.0,500.0,500.0,500.0,500.0,500.0,266.0,500.0,500.0,249.0,143.0,283.0,9.0,500.0,9.0,500.0,500.0,500.0,500.0,428.0,500.0,264.0,9.0,500.0,162.0,193.0,500.0,192.0,324.0,500.0,434.0,500.0,500.0,381.0,500.0,10.0,500.0,500.0,500.0,500.0,500.0,9.0,360.0,500.0,500.0,500.0,500.0,500.0
1441,192.0,27.0,136.0,500.0,500.0,246.0,500.0,500.0,266.0,343.0,500.0,500.0,193.0,278.0,9.0,500.0,9.0,500.0,500.0,500.0,500.0,422.0,500.0,500.0,9.0,500.0,140.0,469.0,500.0,195.0,354.0,500.0,235.0,500.0,500.0,191.0,500.0,10.0,500.0,500.0,500.0,500.0,500.0,9.0,277.0,114.0,114.0,500.0,500.0,500.0
1442,500.0,27.0,138.0,500.0,500.0,500.0,500.0,500.0,266.0,500.0,500.0,500.0,225.0,298.0,9.0,376.0,9.0,500.0,500.0,500.0,500.0,500.0,500.0,500.0,9.0,500.0,162.0,500.0,500.0,195.0,500.0,500.0,267.0,500.0,500.0,163.0,500.0,10.0,500.0,500.0,500.0,500.0,500.0,9.0,152.0,500.0,170.0,500.0,500.0,500.0
1443,182.0,27.0,138.0,500.0,500.0,228.0,500.0,500.0,266.0,500.0,500.0,462.0,229.0,306.0,9.0,393.0,9.0,500.0,500.0,500.0,500.0,500.0,500.0,500.0,9.0,500.0,162.0,445.0,500.0,197.0,500.0,500.0,264.0,500.0,500.0,280.0,500.0,10.0,500.0,500.0,500.0,500.0,500.0,9.0,500.0,500.0,500.0,500.0,500.0,500.0
1444,500.0,27.0,138.0,500.0,500.0,500.0,500.0,500.0,266.0,500.0,500.0,378.0,226.0,283.0,9.0,500.0,9.0,500.0,500.0,500.0,500.0,500.0,500.0,500.0,9.0,500.0,156.0,500.0,500.0,197.0,119.0,500.0,417.0,500.0,500.0,332.0,500.0,10.0,500.0,500.0,500.0,500.0,394.0,9.0,348.0,500.0,500.0,500.0,500.0,500.0
1445,447.0,27.0,138.0,500.0,500.0,500.0,370.0,500.0,266.0,500.0,500.0,342.0,251.0,295.0,9.0,273.0,9.0,500.0,500.0,500.0,500.0,500.0,500.0,500.0,9.0,500.0,162.0,500.0,500.0,196.0,500.0,500.0,255.0,500.0,500.0,246.0,500.0,10.0,500.0,500.0,500.0,500.0,500.0,9.0,270.0,500.0,424.0,500.0,500.0,500.0
1446,500.0,27.0,138.0,500.0,500.0,327.0,500.0,500.0,266.0,500.0,500.0,311.0,251.0,295.0,9.0,448.0,9.0,500.0,500.0,500.0,500.0,500.0,500.0,500.0,9.0,500.0,162.0,449.0,500.0,198.0,500.0,500.0,259.0,500.0,500.0,264.0,500.0,10.0,500.0,500.0,500.0,500.0,493.0,9.0,378.0,500.0,500.0,500.0,500.0,500.0
1447,208.0,27.0,138.0,500.0,500.0,327.0,500.0,500.0,266.0,500.0,500.0,500.0,383.0,293.0,9.0,150.0,9.0,500.0,500.0,500.0,500.0,500.0,500.0,500.0,9.0,500.0,148.0,239.0,500.0,199.0,500.0,500.0,250.0,500.0,500.0,122.0,500.0,10.0,500.0,500.0,500.0,500.0,500.0,9.0,270.0,500.0,102.0,500.0,500.0,500.0
1448,500.0,27.0,185.0,500.0,500.0,500.0,500.0,500.0,266.0,500.0,500.0,197.0,386.0,306.0,9.0,500.0,9.0,500.0,500.0,500.0,500.0,466.0,500.0,500.0,9.0,500.0,147.0,500.0,500.0,199.0,229.0,500.0,248.0,500.0,500.0,335.0,500.0,10.0,500.0,500.0,500.0,500.0,500.0,9.0,96.0,500.0,500.0,500.0,500.0,500.0
1449,359.0,27.0,181.0,500.0,500.0,450.0,500.0,500.0,266.0,500.0,500.0,301.0,500.0,285.0,9.0,500.0,9.0,500.0,500.0,500.0,500.0,500.0,500.0,500.0,9.0,500.0,137.0,500.0,500.0,201.0,500.0,500.0,308.0,500.0,500.0,500.0,500.0,10.0,500.0,500.0,500.0,500.0,500.0,9.0,500.0,500.0,500.0,500.0,500.0,500.0
1450,187.0,27.0,168.0,500.0,500.0,500.0,500.0,500.0,266.0,500.0,500.0,305.0,406.0,294.0,9.0,500.0,9.0,500.0,500.0,500.0,500.0,377.0,500.0,500.0,9.0,500.0,137.0,379.0,500.0,200.0,492.0,500.0,240.0,500.0,500.0,160.0,500.0,10.0,500.0,500.0,500.0,500.0,318.0,9.0,500.0,500.0,500.0,500.0,500.0,500.0
1451,500.0,27.0,187.0,500.0,500.0,500.0,500.0,500.0,266.0,500.0,500.0,285.0,261.0,286.0,9.0,500.0,9.0,500.0,500.0,500.0,500.0,443.0,471.0,500.0,9.0,500.0,136.0,498.0,500.0,201.0,500.0,500.0,312.0,500.0,500.0,422.0,500.0,10.0,500.0,500.0,500.0,500.0,400.0,9.0,171.0,500.0,500.0,500.0,500.0,500.0
1452,155.0,27.0,140.0,500.0,500.0,500.0,500.0,500.0,266.0,500.0,500.0,267.0,414.0,274.0,9.0,421.0,9.0,500.0,500.0,500.0,500.0,406.0,477.0,500.0,9.0,500.0,137.0,394.0,500.0,203.0,500.0,500.0,229.0,500.0,500.0,437.0,500.0,10.0,500.0,500.0,500.0,500.0,500.0,9.0,252.0,500.0,254.0,500.0,500.0,500.0
1453,500.0,27.0,189.0,500.0,500.0,500.0,500.0,500.0,266.0,500.0,500.0,500.0,396.0,284.0,9.0,313.0,9.0,500.0,500.0,500.0,500.0,500.0,404.0,500.0,9.0,500.0,137.0,500.0,500.0,204.0,500.0,500.0,238.0,500.0,500.0,153.0,500.0,10.0,500.0,500.0,500.0,500.0,492.0,9.0,233.0,500.0,500.0,500.0,500.0,500.0
1454,500.0,27.0,174.0,500.0,500.0,500.0,500.0,500.0,266.0,500.0,500.0,315.0,500.0,276.0,9.0,128.0,9.0,500.0,500.0,500.0,500.0,500.0,403.0,500.0,9.0,500.0,137.0,500.0,500.0,203.0,500.0,500.0,223.0,500.0,500.0,318.0,500.0,10.0,500.0,500.0,500.0,500.0,500.0,9.0,500.0,500.0,321.0,500.0,500.0,500.0
1455,353.0,27.0,174.0,500.0,500.0,500.0,500.0,500.0,266.0,500.0,500.0,456.0,424.0,268.0,9.0,136.0,9.0,500.0,500.0,500.0,500.0,489.0,500.0,500.0,9.0,500.0,137.0,481.0,500.0,205.0,500.0,500.0,238.0,500.0,500.0,142.0,500.0,10.0,500.0,500.0,500.0,500.0,500.0,9.0,124.0,500.0,500.0,500.0,500.0,500.0
1456,161.0,27.0,183.0,500.0,500.0,500.0,500.0,500.0,266.0,500.0,500.0,500.0,500.0,269.0,9.0,237.0,9.0,500.0,500.0,500.0,500.0,500.0,500.0,306.0,9.0,500.0,133.0,237.0,500.0,204.0,500.0,500.0,222.0,500.0,500.0,336.0,500.0,10.0,500.0,500.0,500.0,500.0,500.0,9.0,290.0,500.0,500.0,492.0,500.0,500.0
1457,396.0,27.0,193.0,500.0,500.0,500.0,500.0,500.0,266.0,500.0,500.0,367.0,500.0,266.0,9.0,500.0,9.0,500.0,500.0,500.0,500.0,500.0,487.0,500.0,9.0,500.0,133.0,454.0,500.0,206.0,500.0,500.0,217.0,500.0,500.0,322.0,134.0,10.0,500.0,500.0,500.0,500.0,279.0,9.0,134.0,500.0,500.0,500.0,500.0,500.0
1458,500.0,27.0,187.0,500.0,500.0,500.0,500.0,500.0,266.0,500.0,500.0,360.0,417.0,267.0,9.0,500.0,9.0,500.0,500.0,500.0,500.0,500.0,414.0,500.0,9.0,500.0,133.0,500.0,500.0,204.0,500.0,500.0,214.0,500.0,500.0,240.0,256.0,10.0,500.0,500.0,500.0,500.0,218.0,9.0,266.0,500.0,336.0,500.0,500.0,500.0
1459,500.0,27.0,204.0,500.0,500.0,500.0,500.0,500.0,266.0,500.0,500.0,500.0,401.0,264.0,9.0,500.0,9.0,500.0,500.0,500.0,500.0,403.0,336.0,299.0,9.0,500.0,133.0,461.0,500.0,206.0,441.0,500.0,215.0,500.0,500.0,408.0,500.0,10.0,500.0,500.0,500.0,500.0,500.0,9.0,173.0,500.0,500.0,388.0,500.0,500.0
1460,237.0,27.0,198.0,500.0,500.0,500.0,500.0,500.0,266.0,500.0,500.0,500.0,500.0,272.0,9.0,178.0,9.0,500.0,500.0,500.0,500.0,169.0,414.0,269.0,9.0,500.0,133.0,410.0,500.0,205.0,500.0,500.0,207.0,500.0,500.0,339.0,500.0,10.0,500.0,500.0,500.0,500.0,500.0,9.0,162.0,500.0,500.0,500.0,500.0,500.0
1461,416.0,27.0,203.0,500.0,500.0,500.0,500.0,500.0,266.0,500.0,500.0,500.0,500.0,279.0,9.0,500.0,9.0,500.0,500.0,500.0,500.0,500.0,500.0,193.0,9.0,500.0,133.0,119.0,500.0,202.0,455.0,500.0,205.0,500.0,500.0,152.0,500.0,10.0,500.0,500.0,500.0,500.0,337.0,9.0,237.0,500.0,500.0,500.0,500.0,500.0
1462,276.0,27.0,207.0,500.0,500.0,500.0,500.0,500.0,266.0,500.0,500.0,500.0,500.0,268.0,9.0,500.0,9.0,500.0,500.0,500.0,500.0,500.0,413.0,500.0,9.0,500.0,139.0,500.0,500.0,202.0,500.0,500.0,206.0,500.0,500.0,408.0,269.0,10.0,500.0,500.0,500.0,500.0,202.0,9.0,44.0,500.0,500.0,500.0,500.0,500.0
1463,500.0,27.0,193.0,500.0,500.0,500.0,500.0,500.0,266.0,500.0,500.0,500.0,500.0,292.0,9.0,500.0,9.0,500.0,500.0,500.0,500.0,500.0,498.0,500.0,9.0,500.0,129.0,305.0,500.0,202.0,500.0,500.0,185.0,500.0,500.0,380.0,500.0,10.0,500.0,500.0,500.0,500.0,356.0,9.0,154.0,500.0,500.0,500.0,500.0,500.0
1464,500.0,27.0,202.0,500.0,500.0,500.0,500.0,500.0,266.0,500.0,500.0,324.0,500.0,281.0,9.0,500.0,9.0,500.0,500.0,500.0,500.0,471.0,500.0,500.0,9.0,500.0,128.0,500.0,500.0,202.0,500.0,500.0,192.0,500.0,500.0,262.0,500.0,10.0,500.0,500.0,500.0,500.0,500.0,9.0,339.0,500.0,500.0,500.0,500.0,500.0
1465,500.0,27.0,194.0,500.0,500.0,500.0,500.0,500.0,266.0,500.0,500.0,500.0,500.0,298.0,9.0,454.0,9.0,500.0,500.0,500.0,500.0,500.0,433.0,500.0,9.0,500.0,139.0,500.0,500.0,204.0,500.0,500.0,201.0,500.0,500.0,229.0,500.0,10.0,500.0,500.0,500.0,500.0,376.0,9.0,173.0,500.0,500.0,380.0,500.0,500.0
1466,500.0,27.0,193.0,500.0,500.0,500.0,500.0,500.0,266.0,500.0,500.0,152.0,500.0,290.0,9.0,495.0,9.0,500.0,500.0,500.0,500.0,500.0,432.0,435.0,9.0,500.0,128.0,500.0,500.0,204.0,500.0,500.0,181.0,500.0,500.0,441.0,500.0,10.0,500.0,500.0,500.0,500.0,500.0,9.0,362.0,500.0,500.0,500.0,500.0,500.0
1467,500.0,27.0,209.0,500.0,500.0,500.0,500.0,500.0,266.0,500.0,500.0,500.0,500.0,314.0,9.0,434.0,9.0,500.0,500.0,500.0,500.0,486.0,431.0,500.0,9.0,500.0,128.0,500.0,500.0,204.0,183.0,500.0,197.0,500.0,500.0,469.0,500.0,10.0,500.0,500.0,500.0,500.0,500.0,9.0,257.0,500.0,500.0,500.0,500.0,500.0
1468,500.0,27.0,199.0,500.0,500.0,500.0,500.0,500.0,266.0,500.0,500.0,302.0,500.0,303.0,9.0,500.0,9.0,500.0,500.0,500.0,500.0,500.0,363.0,500.0,9.0,500.0,128.0,374.0,500.0,206.0,359.0,500.0,199.0,500.0,500.0,500.0,500.0,10.0,500.0,500.0,500.0,500.0,500.0,9.0,432.0,500.0,500.0,500.0,500.0,500.0
1469,399.0,27.0,213.0,500.0,500.0,280.0,500.0,500.0,266.0,500.0,500.0,500.0,500.0,322.0,9.0,148.0,9.0,500.0,500.0,500.0,500.0,500.0,289.0,500.0,9.0,500.0,128.0,500.0,500.0,206.0,500.0,500.0,192.0,500.0,500.0,284.0,500.0,10.0,500.0,500.0,500.0,500.0,500.0,9.0,352.0,500.0,91.0,500.0,500.0,500.0
1470,500.0,27.0,204.0,500.0,500.0,500.0,500.0,500.0,266.0,500.0,500.0,370.0,500.0,330.0,9.0,177.0,9.0,500.0,500.0,500.0,500.0,500.0,360.0,500.0,9.0,500.0,136.0,419.0,500.0,205.0,500.0,500.0,205.0,500.0,500.0,276.0,500.0,10.0,500.0,500.0,500.0,500.0,375.0,9.0,100.0,500.0,187.0,500.0,500.0,500.0
1471,270.0,27.0,221.0,500.0,500.0,500.0,500.0,500.0,266.0,500.0,500.0,297.0,500.0,343.0,9.0,500.0,9.0,500.0,500.0,500.0,500.0,500.0,300.0,218.0,9.0,500.0,135.0,473.0,500.0,204.0,471.0,500.0,201.0,500.0,500.0,167.0,500.0,10.0,500.0,500.0,500.0,500.0,500.0,9.0,170.0,500.0,350.0,500.0,500.0,500.0
1472,342.0,27.0,201.0,500.0,500.0,500.0,500.0,500.0,266.0,500.0,500.0,500.0,500.0,353.0,9.0,500.0,9.0,500.0,500.0,500.0,500.0,500.0,295.0,500.0,9.0,500.0,139.0,287.0,500.0,204.0,410.0,500.0,209.0,500.0,500.0,302.0,500.0,10.0,500.0,500.0,500.0,500.0,500.0,9.0,184.0,500.0,500.0,500.0,500.0,500.0
1473,320.0,27.0,225.0,500.0,500.0,500.0,500.0,500.0,266.0,500.0,500.0,251.0,500.0,389.0,9.0,172.0,9.0,500.0,500.0,500.0,500.0,500.0,285.0,500.0,9.0,500.0,132.0,500.0,500.0,203.0,500.0,500.0,209.0,500.0,500.0,133.0,500.0,10.0,500.0,500.0,500.0,500.0,500.0,9.0,197.0,500.0,365.0,500.0,500.0,500.0
1474,500.0,27.0,227.0,500.0,500.0,500.0,500.0,500.0,266.0,500.0,500.0,500.0,500.0,367.0,9.0,324.0,9.0,500.0,500.0,500.0,500.0,500.0,222.0,397.0,9.0,500.0,132.0,500.0,500.0,202.0,500.0,500.0,214.0,500.0,500.0,367.0,500.0,10.0,500.0,500.0,500.0,500.0,500.0,9.0,179.0,500.0,500.0,500.0,500.0,500.0
1475,500.0,27.0,247.0,500.0,500.0,196.0,500.0,500.0,266.0,500.0,500.0,500.0,500.0,428.0,9.0,500.0,9.0,500.0,500.0,500.0,500.0,500.0,390.0,168.0,9.0,500.0,138.0,480.0,500.0,201.0,426.0,500.0,241.0,500.0,500.0,232.0,500.0,10.0,500.0,500.0,500.0,500.0,500.0,9.0,109.0,500.0,500.0,500.0,500.0,500.0
1476,500.0,27.0,251.0,500.0,500.0,500.0,500.0,500.0,266.0,500.0,500.0,500.0,500.0,419.0,9.0,252.0,9.0,500.0,500.0,500.0,500.0,193.0,306.0,500.0,9.0,500.0,128.0,500.0,500.0,203.0,500.0,500.0,229.0,500.0,500.0,330.0,500.0,10.0,500.0,500.0,500.0,311.0,139.0,9.0,294.0,500.0,500.0,500.0,500.0,500.0
1477,396.0,27.0,279.0,500.0,500.0,422.0,500.0,500.0,266.0,500.0,500.0,442.0,500.0,436.0,9.0,500.0,9.0,500.0,500.0,500.0,500.0,500.0,388.0,500.0,9.0,500.0,128.0,500.0,500.0,203.0,339.0,500.0,228.0,500.0,500.0,161.0,500.0,10.0,500.0,500.0,500.0,500.0,362.0,9.0,500.0,500.0,500.0,500.0,500.0,500.0
1478,500.0,27.0,280.0,500.0,500.0,500.0,500.0,500.0,266.0,500.0,500.0,500.0,500.0,453.0,9.0,500.0,9.0,500.0,500.0,500.0,500.0,382.0,312.0,155.0,9.0,500.0,128.0,500.0,500.0,202.0,500.0,500.0,230.0,500.0,500.0,281.0,500.0,10.0,500.0,500.0,500.0,500.0,353.0,9.0,124.0,500.0,381.0,500.0,500.0,500.0
1479,500.0,27.0,270.0,500.0,500.0,500.0,500.0,500.0,266.0,500.0,500.0,500.0,500.0,420.0,9.0,352.0,9.0,500.0,500.0,500.0,500.0,500.0,314.0,189.0,9.0,500.0,141.0,500.0,500.0,202.0,500.0,500.0,222.0,500.0,500.0,391.0,500.0,10.0,500.0,500.0,500.0,500.0,298.0,9.0,148.0,500.0,215.0,500.0,500.0,500.0
1480,279.0,27.0,272.0,500.0,500.0,500.0,500.0,500.0,266.0,500.0,500.0,297.0,500.0,445.0,9.0,476.0,9.0,500.0,500.0,500.0,500.0,500.0,403.0,500.0,9.0,500.0,141.0,500.0,500.0,199.0,500.0,500.0,229.0,500.0,500.0,500.0,500.0,10.0,500.0,500.0,500.0,500.0,395.0,9.0,254.0,500.0,124.0,500.0,500.0,500.0
1481,500.0,27.0,282.0,500.0,500.0,500.0,500.0,500.0,266.0,500.0,500.0,500.0,500.0,404.0,9.0,500.0,9.0,500.0,500.0,500.0,500.0,500.0,313.0,453.0,9.0,500.0,141.0,368.0,500.0,201.0,500.0,500.0,231.0,500.0,500.0,300.0,500.0,10.0,500.0,500.0,500.0,500.0,500.0,9.0,188.0,500.0,500.0,500.0,500.0,500.0
1482,500.0,27.0,258.0,500.0,500.0,500.0,500.0,500.0,266.0,500.0,500.0,500.0,500.0,378.0,9.0,423.0,9.0,500.0,500.0,500.0,500.0,500.0,406.0,409.0,9.0,500.0,207.0,500.0,500.0,200.0,500.0,500.0,230.0,500.0,500.0,374.0,500.0,10.0,500.0,500.0,500.0,500.0,419.0,9.0,203.0,500.0,500.0,378.0,500.0,500.0
1483,356.0,27.0,247.0,500.0,500.0,500.0,500.0,500.0,266.0,500.0,500.0,500.0,500.0,412.0,9.0,457.0,9.0,500.0,500.0,500.0,500.0,500.0,323.0,500.0,9.0,500.0,207.0,500.0,500.0,201.0,500.0,500.0,237.0,500.0,500.0,363.0,500.0,10.0,500.0,500.0,500.0,500.0,500.0,9.0,166.0,500.0,500.0,465.0,500.0,500.0
1484,500.0,27.0,218.0,500.0,500.0,174.0,500.0,500.0,266.0,500.0,500.0,500.0,500.0,354.0,9.0,500.0,9.0,500.0,492.0,500.0,500.0,500.0,324.0,500.0,9.0,500.0,205.0,500.0,500.0,198.0,217.0,500.0,320.0,500.0,500.0,254.0,500.0,10.0,500.0,500.0,500.0,500.0,335.0,9.0,272.0,500.0,279.0,500.0,500.0,500.0
1485,500.0,27.0,219.0,500.0,500.0,343.0,500.0,500.0,266.0,500.0,500.0,500.0,500.0,357.0,9.0,500.0,9.0,500.0,500.0,500.0,500.0,500.0,324.0,500.0,9.0,500.0,217.0,500.0,500.0,200.0,500.0,500.0,376.0,500.0,500.0,129.0,500.0,10.0,500.0,500.0,500.0,500.0,500.0,9.0,318.0,500.0,157.0,500.0,500.0,500.0
1486,355.0,27.0,211.0,500.0,500.0,500.0,500.0,500.0,266.0,500.0,500.0,252.0,500.0,369.0,9.0,420.0,9.0,500.0,500.0,500.0,500.0,321.0,307.0,500.0,9.0,500.0,208.0,500.0,500.0,199.0,500.0,500.0,243.0,500.0,500.0,351.0,281.0,10.0,500.0,500.0,500.0,500.0,500.0,9.0,285.0,500.0,214.0,308.0,500.0,500.0
1487,500.0,27.0,210.0,500.0,500.0,458.0,500.0,500.0,266.0,500.0,500.0,500.0,500.0,367.0,9.0,500.0,9.0,500.0,500.0,500.0,500.0,500.0,410.0,477.0,9.0,500.0,214.0,500.0,500.0,201.0,500.0,500.0,244.0,500.0,500.0,282.0,500.0,10.0,500.0,500.0,500.0,500.0,427.0,9.0,302.0,500.0,126.0,500.0,500.0,500.0
1488,500.0,27.0,205.0,500.0,500.0,500.0,500.0,500.0,266.0,500.0,500.0,347.0,369.0,354.0,9.0,500.0,9.0,500.0,500.0,500.0,500.0,500.0,336.0,500.0,9.0,500.0,207.0,391.0,500.0,200.0,500.0,500.0,255.0,500.0,500.0,167.0,500.0,10.0,500.0,500.0,500.0,500.0,206.0,9.0,500.0,500.0,356.0,500.0,500.0,500.0
1489,305.0,27.0,203.0,500.0,500.0,500.0,500.0,500.0,266.0,500.0,500.0,500.0,357.0,348.0,9.0,279.0,9.0,500.0,500.0,500.0,500.0,500.0,500.0,500.0,9.0,500.0,207.0,380.0,500.0,202.0,500.0,500.0,258.0,500.0,500.0,413.0,500.0,10.0,500.0,500.0,500.0,500.0,500.0,9.0,500.0,500.0,500.0,387.0,500.0,500.0
1490,142.0,27.0,215.0,500.0,500.0,500.0,500.0,500.0,266.0,500.0,500.0,402.0,380.0,322.0,9.0,262.0,9.0,500.0,500.0,500.0,500.0,112.0,500.0,500.0,9.0,500.0,198.0,381.0,500.0,204.0,500.0,500.0,258.0,500.0,500.0,136.0,500.0,10.0,500.0,500.0,500.0,500.0,500.0,9.0,227.0,500.0,500.0,500.0,500.0,500.0
1491,500.0,27.0,217.0,500.0,500.0,500.0,500.0,500.0,266.0,321.0,500.0,500.0,365.0,341.0,9.0,151.0,9.0,500.0,500.0,500.0,500.0,500.0,500.0,500.0,9.0,500.0,199.0,403.0,500.0,204.0,378.0,500.0,346.0,500.0,500.0,291.0,500.0,10.0,500.0,500.0,500.0,500.0,500.0,9.0,254.0,500.0,500.0,500.0,500.0,500.0
1492,500.0,27.0,220.0,500.0,500.0,500.0,500.0,500.0,266.0,324.0,500.0,141.0,498.0,337.0,9.0,362.0,9.0,475.0,500.0,500.0,500.0,500.0,500.0,500.0,9.0,500.0,198.0,500.0,500.0,206.0,500.0,500.0,365.0,500.0,500.0,468.0,500.0,10.0,500.0,500.0,500.0,500.0,500.0,9.0,500.0,500.0,305.0,500.0,500.0,500.0
1493,249.0,27.0,221.0,500.0,500.0,242.0,500.0,500.0,266.0,500.0,500.0,347.0,500.0,340.0,9.0,500.0,9.0,500.0,500.0,500.0,500.0,500.0,500.0,500.0,9.0,500.0,198.0,500.0,500.0,206.0,500.0,500.0,500.0,500.0,500.0,152.0,500.0,10.0,500.0,500.0,500.0,500.0,500.0,9.0,237.0,500.0,500.0,419.0,500.0,500.0
1494,188.0,27.0,227.0,500.0,500.0,500.0,500.0,500.0,266.0,500.0,500.0,315.0,500.0,313.0,9.0,472.0,9.0,500.0,500.0,500.0,500.0,500.0,500.0,500.0,9.0,500.0,198.0,500.0,500.0,207.0,500.0,500.0,283.0,500.0,500.0,175.0,500.0,10.0,500.0,500.0,500.0,500.0,500.0,9.0,140.0,500.0,291.0,422.0,500.0,500.0
1495,304.0,27.0,222.0,500.0,500.0,500.0,500.0,500.0,266.0,500.0,500.0,169.0,500.0,329.0,9.0,145.0,9.0,500.0,500.0,500.0,500.0,397.0,500.0,500.0,9.0,500.0,203.0,313.0,500.0,210.0,500.0,354.0,323.0,500.0,500.0,277.0,500.0,10.0,500.0,500.0,500.0,500.0,474.0,9.0,144.0,500.0,422.0,491.0,500.0,500.0
1496,151.0,27.0,221.0,500.0,500.0,500.0,500.0,500.0,266.0,500.0,500.0,186.0,500.0,331.0,9.0,500.0,9.0,500.0,500.0,500.0,500.0,500.0,500.0,500.0,9.0,500.0,197.0,500.0,500.0,210.0,500.0,500.0,297.0,500.0,500.0,380.0,500.0,10.0,500.0,500.0,500.0,500.0,440.0,9.0,248.0,500.0,124.0,316.0,500.0,500.0
1497,500.0,27.0,208.0,500.0,500.0,500.0,500.0,500.0,266.0,490.0,500.0,169.0,500.0,323.0,9.0,330.0,9.0,500.0,500.0,500.0,500.0,328.0,500.0,500.0,9.0,500.0,191.0,500.0,500.0,212.0,500.0,500.0,294.0,500.0,500.0,238.0,500.0,10.0,500.0,500.0,500.0,500.0,500.0,9.0,162.0,500.0,471.0,389.0,500.0,500.0
1498,294.0,27.0,212.0,500.0,500.0,500.0,500.0,500.0,266.0,500.0,500.0,496.0,500.0,323.0,9.0,500.0,9.0,500.0,500.0,500.0,500.0,500.0,500.0,500.0,9.0,500.0,196.0,500.0,500.0,212.0,356.0,500.0,370.0,11.0,500.0,131.0,500.0,10.0,500.0,500.0,500.0,500.0,298.0,9.0,347.0,500.0,500.0,500.0,500.0,500.0
1499,500.0,27.0,195.0,500.0,500.0,500.0,500.0,500.0,266.0,481.0,500.0,500.0,500.0,322.0,9.0,500.0,9.0,500.0,500.0,500.0,500.0,438.0,500.0,500.0,9.0,500.0,197.0,500.0,500.0,214.0,306.0,500.0,256.0,500.0,500.0,346.0,500.0,10.0,500.0,500.0,500.0,500.0,500.0,9.0,44.0,500.0,500.0,500.0,500.0,500.0
1500,500.0,27.0,208.0,500.0,500.0,500.0,500.0,500.0,266.0,500.0,500.0,355.0,500.0,334.0,9.0,500.0,9.0,500.0,500.0,500.0,500.0,500.0,500.0,500.0,9.0,500.0,208.0,500.0,500.0,216.0,500.0,500.0,246.0,500.0,500.0,201.0,500.0,10.0,500.0,500.0,48.0,500.0,500.0,9.0,233.0,500.0,500.0,500.0,500.0,500.0
1501,500.0,27.0,195.0,500.0,500.0,500.0,500.0,500.0,266.0,500.0,500.0,500.0,500.0,317.0,9.0,500.0,9.0,500.0,500.0,500.0,500.0,500.0,500.0,500.0,9.0,500.0,193.0,500.0,500.0,217.0,500.0,500.0,211.0,500.0,500.0,422.0,500.0,10.0,500.0,500.0,500.0,500.0,336.0,9.0,270.0,500.0,382.0,500.0,500.0,500.0
1502,374.0,27.0,194.0,500.0,500.0,465.0,500.0,500.0,266.0,431.0,500.0,387.0,500.0,309.0,9.0,423.0,9.0,500.0,500.0,500.0,500.0,500.0,500.0,500.0,9.0,500.0,197.0,500.0,500.0,220.0,500.0,500.0,226.0,500.0,500.0,500.0,500.0,10.0,500.0,500.0,500.0,500.0,500.0,9.0,385.0,500.0,348.0,500.0,500.0,500.0
1503,500.0,27.0,183.0,500.0,500.0,500.0,500.0,500.0,266.0,500.0,500.0,500.0,500.0,319.0,9.0,397.0,9.0,500.0,500.0,500.0,500.0,500.0,500.0,366.0,9.0,500.0,196.0,438.0,500.0,221.0,500.0,500.0,215.0,500.0,500.0,224.0,500.0,10.0,500.0,500.0,500.0,500.0,318.0,9.0,301.0,500.0,500.0,500.0,500.0,500.0
1504,500.0,27.0,200.0,500.0,500.0,288.0,500.0,500.0,266.0,187.0,500.0,373.0,500.0,316.0,9.0,434.0,9.0,500.0,500.0,500.0,500.0,402.0,500.0,500.0,9.0,500.0,211.0,500.0,500.0,223.0,500.0,500.0,226.0,500.0,500.0,277.0,500.0,10.0,500.0,500.0,500.0,500.0,443.0,9.0,277.0,500.0,459.0,500.0,500.0,500.0
1505,500.0,27.0,193.0,500.0,500.0,500.0,500.0,500.0,266.0,500.0,500.0,500.0,500.0,322.0,9.0,500.0,9.0,500.0,500.0,500.0,500.0,500.0,500.0,500.0,9.0,500.0,197.0,500.0,500.0,223.0,500.0,500.0,231.0,500.0,500.0,301.0,500.0,10.0,500.0,500.0,500.0,500.0,500.0,9.0,300.0,500.0,134.0,500.0,500.0,500.0
1506,473.0,27.0,208.0,500.0,500.0,500.0,500.0,500.0,266.0,500.0,500.0,357.0,500.0,290.0,9.0,500.0,9.0,500.0,500.0,500.0,500.0,500.0,500.0,500.0,9.0,500.0,197.0,472.0,500.0,225.0,455.0,500.0,214.0,500.0,500.0,90.0,500.0,10.0,500.0,500.0,500.0,500.0,500.0,9.0,296.0,500.0,500.0,500.0,500.0,500.0
1507,500.0,27.0,205.0,500.0,500.0,489.0,500.0,500.0,266.0,500.0,500.0,500.0,500.0,314.0,9.0,500.0,9.0,500.0,500.0,500.0,500.0,281.0,500.0,500.0,9.0,500.0,196.0,500.0,500.0,228.0,500.0,500.0,217.0,500.0,500.0,328.0,500.0,10.0,500.0,500.0,500.0,500.0,349.0,9.0,500.0,500.0,487.0,500.0,500.0,500.0
1508,500.0,27.0,203.0,500.0,500.0,500.0,500.0,500.0,266.0,500.0,500.0,490.0,500.0,303.0,9.0,378.0,9.0,500.0,273.0,500.0,500.0,500.0,500.0,500.0,9.0,500.0,192.0,467.0,500.0,228.0,439.0,500.0,208.0,500.0,500.0,368.0,500.0,10.0,500.0,500.0,500.0,500.0,213.0,9.0,402.0,500.0,413.0,500.0,500.0,500.0
1509,500.0,27.0,207.0,500.0,500.0,500.0,500.0,500.0,266.0,500.0,500.0,247.0,500.0,299.0,9.0,368.0,9.0,500.0,500.0,500.0,500.0,411.0,500.0,500.0,9.0,500.0,196.0,151.0,500.0,229.0,500.0,500.0,206.0,500.0,500.0,259.0,500.0,10.0,500.0,500.0,500.0,500.0,281.0,9.0,384.0,500.0,100.0,500.0,500.0,500.0
1510,329.0,27.0,204.0,500.0,500.0,422.0,500.0,500.0,266.0,500.0,500.0,149.0,500.0,311.0,9.0,500.0,9.0,500.0,500.0,500.0,500.0,500.0,500.0,476.0,9.0,500.0,196.0,500.0,500.0,233.0,500.0,500.0,192.0,500.0,500.0,225.0,500.0,10.0,500.0,500.0,500.0,500.0,357.0,9.0,196.0,500.0,116.0,500.0,500.0,500.0
1511,406.0,27.0,206.0,500.0,500.0,500.0,500.0,500.0,266.0,500.0,500.0,485.0,500.0,317.0,9.0,405.0,9.0,500.0,500.0,500.0,500.0,500.0,500.0,500.0,9.0,500.0,198.0,500.0,500.0,234.0,375.0,500.0,214.0,500.0,500.0,377.0,500.0,10.0,500.0,500.0,500.0,500.0,476.0,9.0,194.0,500.0,284.0,500.0,500.0,500.0
1512,500.0,27.0,223.0,500.0,500.0,500.0,500.0,500.0,266.0,500.0,500.0,313.0,500.0,307.0,9.0,500.0,9.0,500.0,500.0,500.0,500.0,294.0,500.0,500.0,9.0,500.0,198.0,500.0,500.0,236.0,500.0,500.0,198.0,500.0,500.0,207.0,500.0,10.0,500.0,500.0,500.0,500.0,500.0,9.0,162.0,500.0,500.0,500.0,500.0,500.0
1513,500.0,27.0,223.0,500.0,500.0,500.0,500.0,500.0,266.0,500.0,500.0,500.0,500.0,285.0,9.0,500.0,9.0,500.0,500.0,500.0,500.0,500.0,500.0,500.0,9.0,500.0,198.0,500.0,500.0,236.0,500.0,500.0,216.0,500.0,500.0,371.0,500.0,10.0,500.0,500.0,500.0,500.0,500.0,9.0,249.0,500.0,396.0,500.0,500.0,500.0
1514,500.0,27.0,223.0,500.0,500.0,500.0,500.0,500.0,266.0,500.0,500.0,389.0,500.0,280.0,9.0,500.0,9.0,500.0,500.0,500.0,500.0,500.0,500.0,500.0,9.0,500.0,198.0,500.0,500.0,239.0,263.0,500.0,198.0,500.0,500.0,290.0,500.0,10.0,500.0,500.0,500.0,500.0,500.0,9.0,468.0,500.0,394.0,500.0,500.0,500.0
1515,500.0,27.0,222.0,500.0,500.0,241.0,500.0,500.0,266.0,500.0,500.0,500.0,500.0,297.0,9.0,500.0,9.0,500.0,500.0,500.0,500.0,500.0,500.0,500.0,9.0,500.0,198.0,190.0,500.0,241.0,500.0,500.0,198.0,500.0,500.0,327.0,500.0,10.0,500.0,500.0,500.0,500.0,382.0,9.0,322.0,500.0,418.0,500.0,500.0,500.0
1516,127.0,27.0,229.0,500.0,500.0,345.0,500.0,500.0,266.0,500.0,500.0,500.0,500.0,301.0,9.0,240.0,9.0,500.0,500.0,500.0,500.0,500.0,500.0,500.0,9.0,500.0,197.0,500.0,500.0,242.0,500.0,485.0,199.0,500.0,500.0,196.0,500.0,10.0,500.0,500.0,500.0,500.0,500.0,9.0,235.0,500.0,330.0,500.0,500.0,500.0
1517,500.0,27.0,231.0,500.0,500.0,500.0,500.0,500.0,266.0,500.0,500.0,475.0,500.0,273.0,9.0,127.0,9.0,500.0,500.0,500.0,500.0,500.0,500.0,500.0,9.0,500.0,198.0,500.0,500.0,244.0,500.0,500.0,205.0,500.0,500.0,111.0,500.0,10.0,500.0,500.0,500.0,500.0,500.0,9.0,259.0,500.0,294.0,500.0,500.0,500.0
1518,500.0,27.0,228.0,500.0,500.0,500.0,500.0,500.0,266.0,500.0,500.0,279.0,500.0,297.0,9.0,365.0,9.0,500.0,500.0,500.0,500.0,500.0,500.0,500.0,9.0,500.0,198.0,500.0,500.0,242.0,500.0,500.0,201.0,500.0,500.0,500.0,500.0,10.0,500.0,500.0,500.0,500.0,500.0,9.0,489.0,500.0,456.0,500.0,500.0,500.0
1519,438.0,27.0,229.0,500.0,500.0,500.0,500.0,500.0,266.0,500.0,500.0,167.0,500.0,270.0,9.0,360.0,9.0,500.0,500.0,500.0,500.0,500.0,500.0,496.0,9.0,500.0,198.0,500.0,500.0,246.0,500.0,500.0,203.0,500.0,500.0,446.0,500.0,10.0,500.0,500.0,500.0,500.0,491.0,9.0,500.0,500.0,414.0,500.0,500.0,500.0
1520,478.0,27.0,224.0,500.0,500.0,500.0,500.0,500.0,266.0,500.0,500.0,448.0,500.0,288.0,9.0,326.0,9.0,500.0,500.0,500.0,500.0,500.0,500.0,500.0,9.0,500.0,196.0,396.0,500.0,249.0,500.0,500.0,195.0,500.0,500.0,500.0,500.0,10.0,500.0,500.0,500.0,500.0,325.0,9.0,101.0,500.0,500.0,500.0,500.0,500.0
1521,500.0,27.0,222.0,500.0,500.0,500.0,500.0,500.0,266.0,500.0,500.0,500.0,500.0,296.0,9.0,455.0,9.0,500.0,500.0,500.0,500.0,500.0,500.0,500.0,9.0,500.0,198.0,500.0,500.0,251.0,373.0,500.0,198.0,500.0,500.0,269.0,500.0,10.0,500.0,500.0,500.0,500.0,500.0,9.0,318.0,500.0,500.0,500.0,500.0,500.0
1522,500.0,27.0,245.0,500.0,500.0,500.0,500.0,500.0,266.0,500.0,500.0,500.0,500.0,285.0,9.0,319.0,9.0,500.0,500.0,500.0,500.0,500.0,500.0,500.0,9.0,500.0,199.0,500.0,500.0,252.0,500.0,500.0,213.0,500.0,500.0,137.0,500.0,10.0,500.0,500.0,500.0,500.0,471.0,9.0,500.0,500.0,278.0,500.0,500.0,500.0
1523,483.0,27.0,249.0,500.0,500.0,318.0,500.0,500.0,266.0,500.0,500.0,278.0,500.0,272.0,9.0,134.0,9.0,500.0,500.0,500.0,500.0,500.0,500.0,500.0,9.0,500.0,198.0,240.0,500.0,253.0,500.0,500.0,209.0,500.0,500.0,433.0,500.0,10.0,500.0,500.0,500.0,500.0,500.0,9.0,261.0,500.0,485.0,500.0,500.0,500.0
1524,500.0,27.0,251.0,500.0,500.0,500.0,500.0,500.0,266.0,500.0,500.0,225.0,500.0,297.0,9.0,438.0,9.0,500.0,500.0,500.0,500.0,471.0,500.0,260.0,9.0,500.0,204.0,500.0,500.0,254.0,500.0,500.0,196.0,500.0,500.0,265.0,500.0,10.0,500.0,500.0,472.0,500.0,500.0,9.0,414.0,500.0,500.0,500.0,500.0,500.0
1525,500.0,27.0,249.0,500.0,500.0,355.0,500.0,500.0,266.0,500.0,500.0,298.0,500.0,281.0,9.0,307.0,9.0,500.0,500.0,500.0,500.0,500.0,500.0,500.0,9.0,500.0,198.0,500.0,500.0,257.0,500.0,500.0,203.0,500.0,500.0,143.0,500.0,10.0,500.0,500.0,500.0,500.0,500.0,9.0,185.0,500.0,418.0,500.0,500.0,500.0
1526,221.0,27.0,272.0,500.0,500.0,500.0,500.0,500.0,266.0,500.0,500.0,448.0,500.0,275.0,9.0,457.0,9.0,500.0,500.0,500.0,500.0,500.0,500.0,500.0,9.0,500.0,198.0,500.0,500.0,259.0,500.0,500.0,203.0,500.0,500.0,371.0,500.0,10.0,500.0,500.0,500.0,500.0,500.0,9.0,186.0,500.0,500.0,500.0,500.0,500.0
1527,347.0,27.0,263.0,500.0,500.0,500.0,500.0,500.0,266.0,500.0,500.0,500.0,500.0,295.0,9.0,356.0,9.0,500.0,500.0,500.0,500.0,500.0,500.0,500.0,9.0,500.0,198.0,402.0,500.0,259.0,500.0,500.0,193.0,500.0,500.0,316.0,500.0,10.0,500.0,500.0,500.0,500.0,456.0,9.0,500.0,500.0,397.0,500.0,500.0,500.0
1528,452.0,27.0,239.0,500.0,500.0,424.0,500.0,500.0,266.0,500.0,500.0,500.0,500.0,277.0,9.0,500.0,9.0,500.0,500.0,500.0,500.0,289.0,500.0,500.0,9.0,500.0,202.0,450.0,500.0,260.0,500.0,500.0,202.0,500.0,500.0,118.0,500.0,10.0,500.0,500.0,500.0,500.0,500.0,9.0,299.0,500.0,490.0,500.0,500.0,500.0
1529,500.0,27.0,254.0,500.0,500.0,500.0,500.0,500.0,266.0,500.0,500.0,172.0,500.0,300.0,9.0,167.0,9.0,500.0,500.0,500.0,500.0,173.0,500.0,500.0,9.0,500.0,198.0,500.0,500.0,260.0,500.0,500.0,199.0,500.0,500.0,334.0,500.0,10.0,500.0,500.0,500.0,500.0,500.0,9.0,179.0,500.0,500.0,500.0,500.0,500.0
1530,464.0,27.0,252.0,500.0,500.0,500.0,500.0,500.0,266.0,500.0,500.0,262.0,500.0,290.0,9.0,500.0,9.0,500.0,500.0,500.0,500.0,500.0,500.0,468.0,9.0,500.0,202.0,500.0,500.0,260.0,500.0,500.0,201.0,500.0,500.0,377.0,500.0,10.0,500.0,500.0,500.0,500.0,256.0,9.0,412.0,500.0,498.0,500.0,500.0,500.0
1531,500.0,27.0,242.0,500.0,500.0,500.0,500.0,500.0,266.0,500.0,500.0,247.0,500.0,303.0,9.0,500.0,9.0,500.0,500.0,500.0,500.0,500.0,500.0,500.0,9.0,500.0,198.0,500.0,500.0,261.0,500.0,500.0,191.0,500.0,500.0,195.0,500.0,10.0,500.0,500.0,500.0,500.0,500.0,9.0,273.0,500.0,500.0,500.0,500.0,500.0
1532,500.0,27.0,236.0,500.0,500.0,500.0,500.0,500.0,266.0,500.0,500.0,498.0,500.0,304.0,9.0,500.0,9.0,500.0,500.0,500.0,500.0,500.0,500.0,500.0,9.0,500.0,202.0,355.0,500.0,260.0,347.0,500.0,191.0,500.0,500.0,233.0,500.0,10.0,500.0,500.0,500.0,299.0,500.0,9.0,311.0,500.0,294.0,500.0,500.0,500.0
1533,337.0,27.0,230.0,500.0,500.0,500.0,500.0,500.0,266.0,500.0,500.0,198.0,500.0,305.0,9.0,500.0,9.0,500.0,497.0,500.0,500.0,331.0,500.0,285.0,9.0,500.0,200.0,500.0,500.0,260.0,500.0,500.0,183.0,500.0,500.0,261.0,500.0,10.0,500.0,500.0,500.0,500.0,500.0,9.0,500.0,500.0,500.0,500.0,500.0,500.0
1534,370.0,27.0,223.0,500.0,500.0,364.0,500.0,500.0,266.0,500.0,500.0,356.0,500.0,298.0,9.0,500.0,9.0,500.0,500.0,500.0,500.0,193.0,500.0,500.0,9.0,500.0,198.0,500.0,500.0,259.0,500.0,500.0,203.0,500.0,500.0,496.0,424.0,10.0,500.0,500.0,500.0,500.0,500.0,9.0,252.0,500.0,487.0,500.0,500.0,500.0
1535,500.0,27.0,182.0,500.0,500.0,292.0,500.0,500.0,266.0,500.0,500.0,500.0,500.0,312.0,9.0,500.0,9.0,500.0,500.0,500.0,500.0,500.0,500.0,500.0,9.0,500.0,202.0,500.0,500.0,256.0,500.0,500.0,175.0,500.0,500.0,459.0,500.0,10.0,500.0,500.0,500.0,500.0,417.0,9.0,397.0,500.0,500.0,500.0,500.0,500.0
1536,280.0,27.0,229.0,500.0,500.0,500.0,500.0,500.0,266.0,500.0,500.0,370.0,500.0,314.0,9.0,500.0,9.0,500.0,500.0,500.0,500.0,500.0,500.0,500.0,9.0,500.0,206.0,500.0,500.0,256.0,389.0,500.0,181.0,500.0,500.0,161.0,500.0,10.0,500.0,500.0,500.0,500.0,500.0,9.0,500.0,500.0,500.0,500.0,500.0,500.0
1537,500.0,27.0,224.0,500.0,500.0,371.0,500.0,500.0,266.0,500.0,500.0,500.0,500.0,316.0,9.0,377.0,9.0,500.0,500.0,500.0,500.0,500.0,500.0,500.0,9.0,500.0,206.0,500.0,500.0,256.0,500.0,500.0,168.0,500.0,500.0,225.0,500.0,10.0,500.0,500.0,500.0,500.0,456.0,9.0,198.0,500.0,348.0,500.0,500.0,500.0
1538,355.0,27.0,220.0,500.0,500.0,500.0,500.0,500.0,266.0,481.0,500.0,328.0,500.0,314.0,9.0,235.0,9.0,500.0,500.0,500.0,500.0,500.0,500.0,500.0,9.0,500.0,206.0,340.0,500.0,254.0,500.0,500.0,164.0,500.0,500.0,313.0,500.0,10.0,500.0,500.0,500.0,500.0,332.0,9.0,500.0,500.0,195.0,500.0,500.0,500.0
1539,500.0,27.0,209.0,500.0,500.0,266.0,500.0,500.0,266.0,294.0,500.0,325.0,500.0,324.0,9.0,500.0,9.0,500.0,500.0,500.0,500.0,132.0,500.0,272.0,9.0,500.0,208.0,263.0,500.0,254.0,500.0,500.0,159.0,500.0,500.0,254.0,252.0,10.0,500.0,500.0,500.0,500.0,500.0,9.0,221.0,500.0,500.0,500.0,500.0,500.0
1540,500.0,27.0,216.0,500.0,500.0,500.0,500.0,500.0,266.0,500.0,500.0,500.0,500.0,322.0,9.0,236.0,9.0,500.0,500.0,500.0,500.0,500.0,500.0,500.0,9.0,500.0,211.0,297.0,500.0,254.0,468.0,500.0,159.0,500.0,500.0,486.0,366.0,10.0,500.0,500.0,500.0,500.0,481.0,9.0,133.0,500.0,500.0,500.0,500.0,500.0
1541,500.0,27.0,210.0,500.0,500.0,500.0,500.0,500.0,266.0,500.0,500.0,500.0,500.0,328.0,9.0,500.0,9.0,500.0,500.0,500.0,500.0,500.0,500.0,500.0,9.0,500.0,206.0,500.0,500.0,253.0,500.0,500.0,148.0,500.0,500.0,292.0,500.0,10.0,500.0,500.0,500.0,500.0,500.0,9.0,346.0,500.0,500.0,500.0,500.0,500.0
1542,500.0,27.0,209.0,500.0,500.0,500.0,500.0,500.0,266.0,500.0,500.0,370.0,500.0,324.0,9.0,343.0,9.0,500.0,500.0,500.0,500.0,417.0,500.0,357.0,9.0,500.0,206.0,317.0,500.0,254.0,419.0,500.0,149.0,500.0,500.0,160.0,500.0,10.0,500.0,500.0,500.0,500.0,500.0,9.0,500.0,500.0,441.0,500.0,500.0,500.0
1543,500.0,27.0,230.0,500.0,500.0,355.0,500.0,500.0,266.0,500.0,500.0,177.0,500.0,329.0,9.0,490.0,9.0,500.0,500.0,500.0,500.0,432.0,500.0,500.0,9.0,500.0,206.0,500.0,500.0,254.0,500.0,500.0,144.0,500.0,500.0,120.0,500.0,10.0,500.0,500.0,500.0,500.0,500.0,9.0,182.0,500.0,500.0,500.0,500.0,500.0
1544,491.0,27.0,234.0,500.0,500.0,500.0,500.0,500.0,266.0,500.0,500.0,500.0,500.0,323.0,9.0,500.0,9.0,500.0,500.0,500.0,500.0,500.0,500.0,500.0,9.0,500.0,206.0,500.0,500.0,253.0,500.0,500.0,136.0,500.0,500.0,413.0,500.0,10.0,500.0,500.0,500.0,500.0,500.0,9.0,500.0,500.0,500.0,500.0,500.0,500.0
1545,500.0,27.0,243.0,500.0,500.0,500.0,500.0,500.0,266.0,500.0,500.0,499.0,500.0,338.0,9.0,500.0,9.0,500.0,500.0,500.0,500.0,500.0,500.0,500.0,9.0,500.0,212.0,500.0,500.0,253.0,500.0,500.0,138.0,500.0,500.0,93.0,500.0,10.0,500.0,500.0,500.0,500.0,500.0,9.0,373.0,500.0,273.0,500.0,500.0,500.0
1546,500.0,27.0,230.0,500.0,500.0,500.0,500.0,500.0,266.0,500.0,500.0,350.0,500.0,338.0,9.0,500.0,9.0,500.0,500.0,500.0,500.0,500.0,500.0,283.0,9.0,500.0,211.0,500.0,500.0,254.0,500.0,500.0,142.0,500.0,500.0,168.0,500.0,10.0,500.0,500.0,500.0,500.0,500.0,9.0,500.0,500.0,500.0,500.0,500.0,500.0
1547,500.0,27.0,236.0,500.0,500.0,500.0,500.0,500.0,266.0,500.0,500.0,500.0,500.0,324.0,9.0,500.0,9.0,500.0,500.0,500.0,500.0,500.0,500.0,500.0,9.0,500.0,212.0,500.0,500.0,255.0,324.0,500.0,137.0,500.0,500.0,472.0,498.0,10.0,500.0,500.0,500.0,500.0,105.0,9.0,335.0,500.0,106.0,500.0,500.0,500.0
1548,500.0,27.0,242.0,500.0,400.0,339.0,500.0,500.0,266.0,291.0,500.0,352.0,500.0,333.0,9.0,500.0,9.0,500.0,500.0,500.0,500.0,500.0,500.0,401.0,9.0,500.0,211.0,252.0,500.0,256.0,500.0,458.0,134.0,500.0,500.0,296.0,500.0,10.0,500.0,500.0,500.0,500.0,366.0,9.0,500.0,500.0,500.0,500.0,500.0,500.0
1549,500.0,27.0,234.0,500.0,416.0,371.0,500.0,500.0,266.0,490.0,500.0,500.0,500.0,330.0,9.0,500.0,9.0,500.0,500.0,500.0,500.0,500.0,500.0,500.0,9.0,500.0,217.0,500.0,500.0,259.0,500.0,500.0,134.0,500.0,500.0,284.0,500.0,10.0,500.0,500.0,500.0,500.0,500.0,9.0,392.0,500.0,440.0,500.0,500.0,500.0
1550,402.0,27.0,250.0,500.0,499.0,500.0,500.0,500.0,266.0,500.0,500.0,500.0,500.0,333.0,9.0,500.0,9.0,500.0,500.0,500.0,500.0,500.0,500.0,500.0,9.0,500.0,209.0,500.0,500.0,258.0,500.0,500.0,135.0,500.0,500.0,410.0,500.0,10.0,500.0,500.0,500.0,500.0,500.0,9.0,500.0,500.0,116.0,500.0,500.0,500.0
1551,493.0,27.0,269.0,500.0,500.0,500.0,500.0,500.0,266.0,500.0,500.0,500.0,500.0,316.0,9.0,458.0,9.0,500.0,500.0,500.0,500.0,500.0,500.0,492.0,9.0,500.0,212.0,500.0,500.0,261.0,500.0,500.0,133.0,500.0,500.0,334.0,500.0,10.0,500.0,500.0,500.0,500.0,432.0,9.0,163.0,500.0,111.0,500.0,500.0,500.0
1552,500.0,27.0,232.0,500.0,500.0,327.0,500.0,500.0,266.0,500.0,500.0,500.0,500.0,305.0,9.0,500.0,9.0,500.0,500.0,500.0,500.0,500.0,500.0,500.0,9.0,500.0,219.0,500.0,500.0,261.0,500.0,500.0,133.0,500.0,500.0,329.0,500.0,10.0,500.0,500.0,500.0,500.0,500.0,9.0,195.0,500.0,494.0,500.0,500.0,500.0
1553,279.0,27.0,205.0,500.0,386.0,500.0,500.0,500.0,266.0,500.0,500.0,360.0,500.0,300.0,9.0,366.0,9.0,500.0,294.0,500.0,500.0,416.0,500.0,500.0,9.0,500.0,217.0,236.0,500.0,263.0,500.0,500.0,124.0,500.0,500.0,195.0,500.0,10.0,500.0,500.0,500.0,500.0,500.0,9.0,500.0,500.0,286.0,500.0,500.0,500.0
1554,500.0,27.0,203.0,500.0,500.0,500.0,500.0,500.0,266.0,335.0,500.0,500.0,500.0,296.0,9.0,466.0,9.0,500.0,500.0,500.0,500.0,500.0,500.0,500.0,9.0,500.0,219.0,480.0,500.0,263.0,500.0,500.0,135.0,500.0,500.0,281.0,500.0,10.0,500.0,500.0,500.0,500.0,500.0,9.0,333.0,500.0,429.0,500.0,500.0,500.0
1555,404.0,27.0,281.0,500.0,365.0,500.0,500.0,500.0,266.0,500.0,500.0,328.0,500.0,322.0,9.0,500.0,9.0,500.0,500.0,500.0,500.0,500.0,500.0,500.0,9.0,500.0,218.0,500.0,500.0,266.0,330.0,500.0,127.0,500.0,500.0,500.0,500.0,10.0,500.0,500.0,500.0,500.0,500.0,9.0,248.0,500.0,262.0,500.0,500.0,500.0
1556,419.0,27.0,207.0,500.0,442.0,150.0,500.0,500.0,266.0,500.0,500.0,387.0,500.0,283.0,9.0,445.0,9.0,500.0,500.0,500.0,500.0,500.0,500.0,500.0,9.0,500.0,218.0,329.0,500.0,268.0,500.0,500.0,130.0,500.0,500.0,319.0,500.0,10.0,500.0,500.0,500.0,500.0,500.0,9.0,252.0,500.0,269.0,500.0,500.0,500.0
1557,500.0,27.0,294.0,500.0,500.0,500.0,500.0,500.0,266.0,500.0,500.0,500.0,500.0,300.0,9.0,430.0,9.0,500.0,500.0,500.0,500.0,500.0,500.0,500.0,9.0,500.0,218.0,230.0,500.0,268.0,500.0,500.0,129.0,500.0,500.0,272.0,500.0,10.0,500.0,500.0,500.0,500.0,457.0,9.0,225.0,500.0,279.0,500.0,500.0,500.0
1558,500.0,27.0,276.0,500.0,422.0,500.0,500.0,500.0,266.0,500.0,500.0,155.0,500.0,306.0,9.0,500.0,9.0,500.0,500.0,500.0,500.0,467.0,500.0,322.0,9.0,500.0,218.0,473.0,500.0,271.0,500.0,500.0,132.0,500.0,500.0,357.0,500.0,10.0,500.0,500.0,500.0,500.0,500.0,9.0,255.0,500.0,126.0,500.0,500.0,500.0
1559,500.0,27.0,207.0,500.0,457.0,500.0,500.0,500.0,266.0,379.0,500.0,500.0,500.0,298.0,9.0,500.0,9.0,500.0,500.0,500.0,500.0,500.0,500.0,500.0,9.0,500.0,218.0,391.0,500.0,274.0,500.0,500.0,122.0,500.0,500.0,266.0,500.0,10.0,500.0,500.0,500.0,166.0,500.0,9.0,375.0,500.0,263.0,500.0,500.0,500.0
1560,500.0,27.0,286.0,500.0,500.0,301.0,500.0,500.0,266.0,500.0,500.0,305.0,500.0,285.0,9.0,484.0,9.0,500.0,500.0,500.0,500.0,500.0,500.0,500.0,9.0,500.0,214.0,500.0,500.0,276.0,391.0,500.0,126.0,500.0,500.0,243.0,500.0,10.0,500.0,500.0,500.0,500.0,303.0,9.0,216.0,500.0,281.0,500.0,500.0,500.0
1561,385.0,27.0,330.0,500.0,415.0,500.0,500.0,500.0,266.0,365.0,500.0,500.0,500.0,322.0,9.0,500.0,9.0,500.0,500.0,500.0,500.0,500.0,500.0,500.0,9.0,500.0,219.0,167.0,500.0,279.0,500.0,500.0,121.0,500.0,500.0,245.0,500.0,10.0,500.0,500.0,500.0,500.0,500.0,9.0,272.0,500.0,234.0,500.0,500.0,500.0
1562,500.0,27.0,302.0,500.0,399.0,500.0,500.0,500.0,266.0,498.0,500.0,500.0,500.0,299.0,9.0,390.0,9.0,500.0,500.0,500.0,500.0,500.0,500.0,500.0,9.0,500.0,219.0,409.0,500.0,281.0,500.0,500.0,122.0,500.0,500.0,500.0,382.0,10.0,500.0,500.0,500.0,500.0,500.0,9.0,105.0,500.0,308.0,500.0,500.0,500.0
1563,500.0,27.0,336.0,500.0,500.0,500.0,500.0,500.0,266.0,500.0,500.0,500.0,500.0,325.0,9.0,266.0,9.0,500.0,500.0,500.0,500.0,500.0,500.0,500.0,9.0,500.0,218.0,409.0,500.0,285.0,500.0,500.0,123.0,500.0,500.0,136.0,500.0,10.0,500.0,500.0,500.0,500.0,364.0,9.0,500.0,500.0,265.0,500.0,500.0,500.0
1564,500.0,27.0,298.0,500.0,500.0,500.0,500.0,500.0,266.0,500.0,500.0,500.0,500.0,314.0,9.0,500.0,9.0,500.0,500.0,500.0,500.0,500.0,500.0,500.0,9.0,500.0,219.0,500.0,500.0,288.0,500.0,500.0,122.0,500.0,500.0,500.0,500.0,10.0,500.0,500.0,500.0,500.0,500.0,9.0,211.0,500.0,288.0,500.0,500.0,500.0
1565,500.0,27.0,308.0,500.0,500.0,121.0,500.0,500.0,266.0,500.0,500.0,453.0,500.0,318.0,9.0,500.0,9.0,500.0,500.0,500.0,500.0,500.0,500.0,500.0,9.0,500.0,219.0,500.0,500.0,291.0,500.0,500.0,122.0,500.0,500.0,393.0,500.0,10.0,500.0,500.0,500.0,500.0,500.0,9.0,500.0,500.0,127.0,500.0,500.0,500.0
1566,474.0,27.0,320.0,500.0,500.0,500.0,500.0,500.0,266.0,500.0,500.0,368.0,500.0,306.0,9.0,500.0,9.0,500.0,500.0,500.0,500.0,500.0,500.0,500.0,9.0,500.0,219.0,500.0,500.0,295.0,500.0,500.0,118.0,500.0,500.0,302.0,500.0,10.0,500.0,500.0,500.0,500.0,500.0,9.0,371.0,500.0,137.0,500.0,500.0,500.0
1567,500.0,27.0,241.0,500.0,500.0,491.0,500.0,500.0,266.0,500.0,500.0,500.0,500.0,330.0,9.0,500.0,9.0,500.0,500.0,500.0,500.0,500.0,500.0,500.0,9.0,500.0,219.0,500.0,500.0,295.0,500.0,500.0,118.0,500.0,500.0,191.0,381.0,10.0,500.0,500.0,500.0,500.0,359.0,9.0,243.0,500.0,241.0,500.0,500.0,500.0
1568,500.0,27.0,316.0,500.0,500.0,500.0,500.0,500.0,266.0,464.0,500.0,500.0,500.0,328.0,9.0,353.0,9.0,500.0,500.0,500.0,500.0,500.0,500.0,500.0,9.0,500.0,218.0,500.0,500.0,299.0,217.0,500.0,119.0,500.0,500.0,160.0,500.0,10.0,500.0,500.0,500.0,500.0,500.0,9.0,306.0,500.0,141.0,500.0,500.0,500.0
1569,276.0,27.0,207.0,500.0,500.0,278.0,500.0,500.0,266.0,500.0,500.0,500.0,500.0,313.0,9.0,500.0,9.0,500.0,500.0,500.0,500.0,500.0,500.0,500.0,9.0,500.0,218.0,500.0,500.0,301.0,500.0,500.0,116.0,500.0,500.0,393.0,500.0,10.0,500.0,500.0,500.0,500.0,500.0,9.0,181.0,500.0,145.0,500.0,500.0,500.0
1570,500.0,27.0,264.0,500.0,500.0,500.0,500.0,500.0,266.0,500.0,500.0,421.0,500.0,306.0,9.0,500.0,9.0,500.0,500.0,500.0,500.0,405.0,500.0,500.0,9.0,500.0,218.0,500.0,500.0,303.0,500.0,500.0,112.0,500.0,500.0,366.0,500.0,10.0,500.0,500.0,500.0,500.0,500.0,9.0,299.0,500.0,245.0,500.0,500.0,500.0
1571,500.0,27.0,285.0,500.0,500.0,500.0,500.0,500.0,266.0,500.0,500.0,500.0,500.0,303.0,9.0,500.0,9.0,500.0,493.0,500.0,500.0,310.0,500.0,500.0,9.0,500.0,218.0,500.0,500.0,306.0,500.0,500.0,115.0,500.0,500.0,299.0,500.0,10.0,500.0,500.0,500.0,500.0,500.0,9.0,487.0,500.0,136.0,500.0,500.0,500.0
1572,334.0,27.0,260.0,500.0,500.0,500.0,500.0,500.0,266.0,500.0,500.0,500.0,500.0,303.0,9.0,471.0,9.0,500.0,500.0,500.0,500.0,198.0,500.0,500.0,9.0,500.0,214.0,500.0,500.0,306.0,500.0,500.0,114.0,500.0,500.0,159.0,500.0,10.0,500.0,500.0,500.0,500.0,500.0,9.0,312.0,500.0,253.0,500.0,500.0,500.0
1573,409.0,27.0,258.0,500.0,500.0,500.0,500.0,500.0,266.0,479.0,500.0,409.0,500.0,295.0,9.0,500.0,9.0,500.0,500.0,500.0,500.0,500.0,500.0,500.0,9.0,500.0,221.0,500.0,500.0,307.0,500.0,500.0,113.0,500.0,500.0,274.0,500.0,10.0,500.0,500.0,500.0,500.0,500.0,9.0,500.0,500.0,294.0,500.0,500.0,500.0
1574,500.0,27.0,236.0,500.0,500.0,500.0,500.0,500.0,266.0,500.0,500.0,255.0,500.0,285.0,9.0,500.0,9.0,500.0,500.0,500.0,500.0,500.0,500.0,500.0,9.0,500.0,218.0,352.0,500.0,309.0,500.0,500.0,114.0,500.0,500.0,366.0,500.0,10.0,500.0,500.0,500.0,500.0,408.0,9.0,139.0,500.0,195.0,500.0,500.0,500.0
1575,500.0,27.0,230.0,500.0,500.0,474.0,500.0,500.0,266.0,500.0,500.0,331.0,500.0,311.0,9.0,500.0,9.0,241.0,500.0,500.0,500.0,302.0,500.0,500.0,9.0,500.0,219.0,500.0,500.0,313.0,500.0,500.0,114.0,500.0,500.0,285.0,500.0,10.0,500.0,500.0,500.0,500.0,500.0,9.0,231.0,500.0,134.0,500.0,500.0,500.0
1576,500.0,27.0,248.0,500.0,500.0,373.0,500.0,500.0,266.0,500.0,500.0,500.0,500.0,298.0,9.0,500.0,9.0,500.0,500.0,500.0,500.0,364.0,500.0,500.0,9.0,500.0,219.0,275.0,500.0,313.0,500.0,500.0,108.0,500.0,500.0,259.0,500.0,10.0,500.0,500.0,500.0,500.0,500.0,9.0,127.0,500.0,252.0,500.0,500.0,500.0
1577,500.0,27.0,232.0,500.0,500.0,500.0,500.0,500.0,266.0,500.0,500.0,500.0,500.0,295.0,9.0,500.0,9.0,500.0,500.0,500.0,473.0,500.0,500.0,500.0,9.0,500.0,219.0,467.0,500.0,317.0,500.0,500.0,112.0,500.0,500.0,301.0,500.0,10.0,500.0,500.0,500.0,500.0,500.0,9.0,213.0,500.0,239.0,500.0,500.0,500.0
1578,500.0,27.0,236.0,500.0,455.0,500.0,500.0,500.0,266.0,470.0,500.0,359.0,500.0,297.0,9.0,126.0,9.0,500.0,500.0,500.0,500.0,500.0,500.0,500.0,9.0,500.0,221.0,331.0,500.0,317.0,500.0,500.0,109.0,500.0,500.0,397.0,500.0,10.0,500.0,500.0,500.0,500.0,242.0,9.0,324.0,500.0,159.0,500.0,500.0,500.0
1579,500.0,27.0,149.0,500.0,500.0,209.0,500.0,500.0,266.0,500.0,500.0,343.0,500.0,291.0,9.0,318.0,9.0,500.0,500.0,500.0,500.0,500.0,500.0,500.0,9.0,500.0,221.0,213.0,500.0,320.0,500.0,500.0,111.0,500.0,500.0,453.0,500.0,10.0,500.0,500.0,500.0,500.0,500.0,9.0,500.0,500.0,251.0,500.0,500.0,500.0
1580,413.0,27.0,149.0,500.0,500.0,500.0,500.0,500.0,266.0,500.0,500.0,291.0,500.0,287.0,9.0,500.0,9.0,500.0,500.0,500.0,500.0,500.0,500.0,500.0,9.0,500.0,219.0,500.0,500.0,322.0,201.0,500.0,108.0,500.0,500.0,312.0,500.0,10.0,500.0,500.0,500.0,500.0,500.0,9.0,344.0,500.0,137.0,500.0,500.0,500.0
1581,332.0,27.0,230.0,500.0,500.0,500.0,500.0,500.0,266.0,404.0,500.0,500.0,500.0,301.0,9.0,500.0,9.0,500.0,500.0,500.0,500.0,500.0,500.0,500.0,9.0,500.0,219.0,499.0,500.0,323.0,500.0,500.0,109.0,500.0,500.0,341.0,500.0,10.0,500.0,500.0,500.0,500.0,500.0,9.0,123.0,500.0,197.0,500.0,500.0,500.0
1582,500.0,27.0,240.0,500.0,428.0,500.0,500.0,500.0,266.0,281.0,500.0,286.0,500.0,314.0,9.0,500.0,9.0,500.0,500.0,500.0,500.0,500.0,500.0,500.0,9.0,500.0,221.0,413.0,500.0,326.0,500.0,500.0,107.0,500.0,500.0,29.0,500.0,10.0,500.0,500.0,500.0,500.0,109.0,9.0,144.0,500.0,170.0,500.0,500.0,500.0
1583,500.0,27.0,240.0,500.0,500.0,500.0,500.0,500.0,266.0,444.0,500.0,500.0,500.0,307.0,9.0,500.0,9.0,500.0,500.0,500.0,500.0,500.0,500.0,282.0,9.0,500.0,219.0,500.0,500.0,328.0,500.0,500.0,110.0,500.0,500.0,437.0,500.0,10.0,500.0,500.0,500.0,500.0,500.0,9.0,282.0,500.0,286.0,500.0,500.0,500.0
1584,500.0,27.0,226.0,500.0,452.0,500.0,500.0,500.0,266.0,500.0,500.0,423.0,500.0,281.0,9.0,500.0,9.0,500.0,500.0,500.0,371.0,500.0,500.0,181.0,9.0,500.0,221.0,500.0,500.0,332.0,471.0,500.0,107.0,500.0,500.0,346.0,500.0,10.0,500.0,500.0,500.0,500.0,500.0,9.0,500.0,500.0,125.0,500.0,500.0,500.0
1585,500.0,27.0,230.0,500.0,446.0,500.0,500.0,500.0,266.0,290.0,500.0,500.0,500.0,333.0,9.0,500.0,9.0,500.0,500.0,500.0,500.0,398.0,500.0,424.0,9.0,500.0,218.0,481.0,500.0,336.0,500.0,500.0,107.0,500.0,500.0,141.0,500.0,10.0,500.0,500.0,500.0,500.0,500.0,9.0,114.0,500.0,241.0,500.0,500.0,500.0
1586,500.0,27.0,184.0,500.0,500.0,213.0,500.0,500.0,266.0,410.0,500.0,328.0,500.0,295.0,9.0,446.0,9.0,500.0,500.0,500.0,500.0,281.0,500.0,500.0,9.0,500.0,219.0,266.0,500.0,340.0,500.0,500.0,58.0,500.0,500.0,500.0,500.0,10.0,500.0,500.0,500.0,500.0,500.0,9.0,347.0,500.0,254.0,500.0,500.0,500.0
1587,500.0,27.0,209.0,500.0,437.0,500.0,500.0,500.0,266.0,173.0,500.0,417.0,500.0,319.0,9.0,500.0,9.0,500.0,500.0,500.0,500.0,500.0,500.0,228.0,9.0,500.0,218.0,434.0,500.0,344.0,500.0,500.0,110.0,500.0,500.0,276.0,500.0,10.0,500.0,500.0,500.0,500.0,500.0,9.0,500.0,500.0,279.0,500.0,500.0,500.0
1588,422.0,27.0,214.0,500.0,331.0,257.0,500.0,500.0,266.0,439.0,500.0,214.0,500.0,287.0,9.0,464.0,9.0,500.0,500.0,500.0,500.0,500.0,500.0,348.0,9.0,500.0,219.0,355.0,500.0,349.0,500.0,500.0,107.0,500.0,500.0,162.0,500.0,10.0,500.0,500.0,500.0,500.0,500.0,9.0,198.0,500.0,264.0,500.0,500.0,454.0
1589,230.0,27.0,236.0,500.0,403.0,500.0,500.0,500.0,266.0,483.0,500.0,500.0,500.0,322.0,9.0,500.0,9.0,500.0,500.0,500.0,500.0,500.0,500.0,249.0,9.0,500.0,219.0,439.0,500.0,355.0,500.0,500.0,107.0,500.0,500.0,231.0,500.0,10.0,500.0,500.0,500.0,500.0,326.0,9.0,183.0,500.0,233.0,500.0,500.0,432.0
1590,434.0,27.0,233.0,500.0,427.0,430.0,500.0,500.0,266.0,500.0,500.0,356.0,500.0,279.0,9.0,500.0,9.0,500.0,500.0,500.0,500.0,121.0,500.0,298.0,9.0,500.0,219.0,435.0,500.0,360.0,492.0,500.0,109.0,500.0,500.0,296.0,500.0,10.0,500.0,500.0,500.0,500.0,500.0,9.0,500.0,500.0,265.0,500.0,500.0,349.0
1591,500.0,27.0,232.0,500.0,500.0,486.0,500.0,500.0,266.0,500.0,500.0,373.0,500.0,279.0,9.0,500.0,9.0,500.0,500.0,500.0,500.0,496.0,500.0,221.0,9.0,500.0,221.0,500.0,500.0,365.0,441.0,500.0,108.0,500.0,500.0,500.0,500.0,10.0,500.0,500.0,500.0,500.0,422.0,9.0,280.0,500.0,158.0,500.0,500.0,335.0
1592,297.0,27.0,234.0,500.0,469.0,500.0,500.0,500.0,266.0,500.0,500.0,500.0,500.0,313.0,9.0,500.0,9.0,500.0,500.0,500.0,500.0,481.0,500.0,294.0,9.0,500.0,221.0,500.0,500.0,370.0,500.0,500.0,109.0,500.0,500.0,196.0,500.0,10.0,500.0,500.0,500.0,500.0,500.0,9.0,275.0,500.0,252.0,500.0,500.0,322.0
1593,500.0,27.0,237.0,500.0,491.0,500.0,500.0,500.0,266.0,500.0,500.0,500.0,500.0,327.0,9.0,500.0,9.0,500.0,500.0,500.0,500.0,500.0,500.0,328.0,9.0,500.0,221.0,397.0,500.0,374.0,500.0,500.0,112.0,500.0,500.0,181.0,500.0,10.0,500.0,500.0,500.0,500.0,465.0,9.0,134.0,500.0,255.0,500.0,500.0,313.0
1594,455.0,27.0,236.0,500.0,500.0,500.0,500.0,500.0,266.0,500.0,500.0,417.0,500.0,317.0,9.0,351.0,9.0,500.0,500.0,500.0,500.0,500.0,500.0,226.0,9.0,500.0,221.0,156.0,500.0,380.0,500.0,500.0,112.0,500.0,500.0,500.0,500.0,10.0,500.0,500.0,500.0,500.0,500.0,9.0,500.0,500.0,176.0,500.0,500.0,302.0
1595,500.0,27.0,255.0,500.0,500.0,500.0,500.0,500.0,266.0,500.0,500.0,500.0,500.0,307.0,9.0,500.0,9.0,500.0,500.0,500.0,500.0,500.0,500.0,347.0,9.0,500.0,221.0,452.0,500.0,386.0,500.0,500.0,110.0,500.0,500.0,156.0,500.0,10.0,500.0,500.0,500.0,500.0,454.0,9.0,456.0,500.0,243.0,500.0,500.0,290.0
1596,406.0,27.0,238.0,500.0,417.0,500.0,500.0,500.0,266.0,500.0,500.0,461.0,500.0,306.0,9.0,500.0,9.0,500.0,500.0,500.0,500.0,500.0,500.0,500.0,9.0,500.0,221.0,500.0,500.0,385.0,500.0,500.0,110.0,500.0,500.0,434.0,500.0,10.0,500.0,500.0,500.0,500.0,468.0,9.0,500.0,500.0,224.0,500.0,500.0,246.0
1597,371.0,27.0,246.0,500.0,500.0,500.0,500.0,500.0,266.0,374.0,500.0,332.0,500.0,297.0,9.0,500.0,9.0,500.0,500.0,500.0,500.0,395.0,500.0,308.0,9.0,500.0,221.0,157.0,500.0,391.0,500.0,500.0,109.0,500.0,500.0,500.0,500.0,10.0,500.0,500.0,500.0,500.0,500.0,9.0,183.0,500.0,199.0,500.0,500.0,275.0
1598,373.0,27.0,241.0,500.0,500.0,500.0,500.0,500.0,266.0,500.0,500.0,500.0,500.0,354.0,9.0,500.0,9.0,500.0,500.0,500.0,500.0,468.0,500.0,500.0,9.0,500.0,221.0,500.0,500.0,393.0,500.0,500.0,110.0,500.0,500.0,255.0,500.0,10.0,500.0,500.0,500.0,500.0,500.0,9.0,274.0,500.0,182.0,500.0,500.0,246.0
1599,500.0,27.0,246.0,500.0,500.0,500.0,500.0,500.0,266.0,500.0,500.0,500.0,500.0,296.0,9.0,500.0,9.0,500.0,500.0,500.0,500.0,500.0,500.0,500.0,9.0,500.0,221.0,500.0,500.0,395.0,434.0,500.0,109.0,500.0,500.0,283.0,500.0,10.0,500.0,500.0,500.0,500.0,500.0,9.0,473.0,500.0,197.0,500.0,500.0,241.0
1600,491.0,27.0,250.0,500.0,500.0,238.0,500.0,500.0,266.0,500.0,500.0,500.0,404.0,330.0,9.0,379.0,9.0,500.0,500.0,500.0,390.0,500.0,361.0,500.0,9.0,500.0,221.0,483.0,500.0,396.0,500.0,500.0,112.0,500.0,500.0,252.0,500.0,10.0,500.0,500.0,500.0,500.0,347.0,9.0,129.0,500.0,226.0,500.0,500.0,233.0
1601,500.0,27.0,264.0,500.0,500.0,500.0,500.0,500.0,266.0,500.0,500.0,244.0,338.0,340.0,9.0,500.0,9.0,500.0,500.0,500.0,500.0,500.0,500.0,500.0,9.0,500.0,221.0,500.0,500.0,402.0,500.0,500.0,109.0,500.0,500.0,299.0,500.0,10.0,500.0,500.0,500.0,500.0,500.0,9.0,241.0,500.0,241.0,500.0,500.0,241.0
1602,128.0,27.0,223.0,500.0,500.0,500.0,500.0,500.0,266.0,500.0,500.0,500.0,281.0,359.0,9.0,500.0,9.0,500.0,500.0,500.0,500.0,500.0,414.0,500.0,9.0,500.0,221.0,500.0,500.0,401.0,500.0,500.0,111.0,500.0,500.0,159.0,500.0,10.0,500.0,500.0,423.0,500.0,466.0,9.0,424.0,500.0,230.0,500.0,500.0,254.0
1603,419.0,27.0,223.0,500.0,500.0,500.0,500.0,500.0,266.0,475.0,500.0,500.0,341.0,377.0,9.0,500.0,9.0,500.0,500.0,500.0,481.0,500.0,500.0,500.0,9.0,500.0,221.0,500.0,500.0,406.0,500.0,500.0,112.0,500.0,500.0,263.0,500.0,10.0,500.0,500.0,415.0,500.0,500.0,9.0,304.0,500.0,274.0,500.0,500.0,221.0
1604,478.0,27.0,240.0,500.0,500.0,500.0,500.0,500.0,266.0,462.0,500.0,500.0,207.0,361.0,9.0,500.0,9.0,500.0,500.0,500.0,500.0,500.0,359.0,500.0,9.0,500.0,221.0,459.0,446.0,408.0,500.0,500.0,108.0,500.0,500.0,500.0,273.0,10.0,500.0,500.0,500.0,500.0,500.0,9.0,500.0,500.0,237.0,500.0,500.0,205.0
1605,500.0,27.0,266.0,500.0,500.0,500.0,500.0,500.0,266.0,500.0,500.0,182.0,285.0,362.0,9.0,500.0,9.0,500.0,500.0,500.0,500.0,500.0,500.0,500.0,9.0,500.0,221.0,158.0,500.0,412.0,500.0,500.0,109.0,500.0,500.0,266.0,500.0,10.0,500.0,500.0,485.0,500.0,500.0,9.0,500.0,500.0,225.0,500.0,500.0,212.0
1606,500.0,27.0,252.0,500.0,500.0,500.0,500.0,500.0,266.0,500.0,500.0,403.0,218.0,367.0,9.0,500.0,9.0,500.0,500.0,500.0,500.0,500.0,500.0,500.0,9.0,500.0,222.0,425.0,500.0,43.0,500.0,500.0,108.0,500.0,500.0,209.0,500.0,10.0,500.0,500.0,500.0,500.0,492.0,9.0,150.0,500.0,273.0,500.0,500.0,209.0
1607,417.0,27.0,248.0,500.0,500.0,500.0,500.0,500.0,266.0,500.0,500.0,500.0,219.0,455.0,9.0,500.0,9.0,500.0,500.0,500.0,500.0,439.0,347.0,500.0,9.0,500.0,221.0,409.0,500.0,388.0,500.0,500.0,61.0,449.0,500.0,135.0,500.0,10.0,500.0,500.0,500.0,500.0,500.0,9.0,149.0,500.0,198.0,500.0,500.0,225.0
1608,500.0,27.0,258.0,500.0,500.0,500.0,500.0,500.0,266.0,500.0,500.0,382.0,225.0,500.0,9.0,500.0,9.0,500.0,500.0,500.0,500.0,500.0,416.0,500.0,9.0,500.0,221.0,500.0,500.0,368.0,500.0,500.0,109.0,500.0,500.0,119.0,500.0,10.0,500.0,500.0,500.0,500.0,413.0,9.0,237.0,500.0,229.0,500.0,500.0,219.0
1609,500.0,27.0,272.0,500.0,500.0,337.0,500.0,285.0,266.0,500.0,500.0,500.0,223.0,500.0,9.0,500.0,9.0,500.0,500.0,500.0,500.0,500.0,286.0,500.0,9.0,500.0,221.0,374.0,500.0,352.0,500.0,500.0,107.0,500.0,500.0,204.0,500.0,10.0,500.0,500.0,500.0,500.0,500.0,9.0,308.0,500.0,214.0,500.0,500.0,202.0
1610,500.0,27.0,278.0,500.0,500.0,417.0,500.0,500.0,266.0,500.0,500.0,500.0,213.0,500.0,9.0,416.0,9.0,500.0,500.0,500.0,500.0,500.0,355.0,490.0,9.0,500.0,221.0,361.0,500.0,334.0,500.0,500.0,114.0,450.0,500.0,229.0,500.0,10.0,500.0,500.0,500.0,500.0,259.0,9.0,204.0,500.0,271.0,500.0,500.0,200.0
1611,500.0,27.0,270.0,500.0,500.0,500.0,500.0,500.0,266.0,500.0,500.0,153.0,160.0,500.0,9.0,479.0,9.0,500.0,500.0,500.0,500.0,500.0,275.0,500.0,9.0,500.0,221.0,232.0,500.0,322.0,500.0,500.0,111.0,380.0,500.0,142.0,500.0,10.0,500.0,500.0,500.0,500.0,163.0,9.0,310.0,500.0,262.0,500.0,500.0,207.0
1612,500.0,27.0,268.0,500.0,500.0,500.0,500.0,500.0,266.0,500.0,500.0,451.0,218.0,500.0,9.0,500.0,9.0,500.0,500.0,500.0,500.0,500.0,421.0,500.0,9.0,500.0,221.0,344.0,500.0,324.0,183.0,500.0,112.0,379.0,500.0,157.0,500.0,10.0,500.0,500.0,500.0,500.0,500.0,9.0,418.0,500.0,236.0,500.0,500.0,206.0
1613,500.0,27.0,260.0,500.0,500.0,130.0,500.0,500.0,266.0,500.0,500.0,424.0,213.0,500.0,9.0,424.0,9.0,500.0,500.0,500.0,500.0,500.0,337.0,360.0,9.0,500.0,221.0,500.0,500.0,312.0,500.0,500.0,109.0,435.0,500.0,179.0,500.0,10.0,500.0,500.0,500.0,500.0,500.0,9.0,465.0,500.0,271.0,500.0,500.0,207.0
1614,500.0,27.0,277.0,500.0,500.0,500.0,500.0,500.0,266.0,500.0,500.0,387.0,155.0,500.0,9.0,500.0,9.0,500.0,500.0,500.0,500.0,500.0,338.0,459.0,9.0,500.0,221.0,471.0,500.0,307.0,500.0,500.0,114.0,435.0,500.0,283.0,500.0,10.0,500.0,500.0,500.0,500.0,500.0,9.0,310.0,500.0,246.0,500.0,500.0,212.0
1615,500.0,27.0,286.0,500.0,500.0,500.0,500.0,500.0,266.0,500.0,500.0,500.0,217.0,500.0,9.0,164.0,9.0,500.0,500.0,500.0,500.0,500.0,337.0,363.0,9.0,500.0,221.0,500.0,500.0,305.0,445.0,500.0,113.0,439.0,500.0,500.0,500.0,10.0,500.0,500.0,500.0,500.0,500.0,9.0,360.0,500.0,224.0,500.0,500.0,245.0
1616,500.0,27.0,306.0,500.0,500.0,500.0,500.0,500.0,266.0,500.0,500.0,202.0,155.0,500.0,9.0,454.0,9.0,500.0,500.0,500.0,500.0,395.0,275.0,319.0,9.0,500.0,215.0,195.0,500.0,305.0,500.0,500.0,110.0,307.0,500.0,448.0,500.0,10.0,500.0,500.0,500.0,500.0,457.0,9.0,169.0,500.0,234.0,500.0,500.0,240.0
1617,500.0,27.0,292.0,500.0,500.0,500.0,500.0,500.0,266.0,500.0,500.0,500.0,159.0,500.0,9.0,500.0,9.0,500.0,500.0,500.0,500.0,451.0,341.0,413.0,9.0,500.0,221.0,440.0,500.0,294.0,500.0,500.0,112.0,425.0,500.0,246.0,500.0,10.0,500.0,500.0,500.0,500.0,500.0,9.0,500.0,500.0,252.0,500.0,500.0,217.0
1618,385.0,27.0,303.0,500.0,500.0,500.0,500.0,500.0,266.0,500.0,500.0,500.0,158.0,500.0,9.0,386.0,9.0,500.0,500.0,500.0,500.0,316.0,201.0,402.0,9.0,500.0,221.0,500.0,500.0,296.0,500.0,500.0,112.0,293.0,500.0,304.0,500.0,10.0,500.0,500.0,500.0,500.0,283.0,9.0,153.0,500.0,259.0,500.0,500.0,225.0
1619,500.0,27.0,324.0,500.0,500.0,500.0,500.0,500.0,266.0,500.0,500.0,500.0,155.0,368.0,9.0,382.0,9.0,500.0,500.0,500.0,500.0,500.0,271.0,500.0,9.0,500.0,221.0,486.0,500.0,290.0,500.0,500.0,113.0,354.0,500.0,500.0,500.0,10.0,500.0,500.0,500.0,500.0,500.0,9.0,235.0,500.0,251.0,500.0,500.0,267.0
1620,420.0,27.0,337.0,500.0,500.0,500.0,500.0,500.0,266.0,500.0,500.0,306.0,222.0,389.0,9.0,500.0,9.0,500.0,500.0,500.0,489.0,500.0,330.0,366.0,9.0,500.0,221.0,449.0,500.0,285.0,500.0,500.0,118.0,360.0,500.0,282.0,500.0,10.0,500.0,500.0,500.0,500.0,206.0,9.0,232.0,500.0,248.0,500.0,500.0,266.0
1621,500.0,27.0,357.0,500.0,500.0,500.0,226.0,500.0,266.0,500.0,500.0,444.0,214.0,427.0,9.0,500.0,9.0,500.0,500.0,500.0,500.0,500.0,194.0,500.0,9.0,500.0,221.0,500.0,500.0,286.0,464.0,500.0,117.0,428.0,500.0,500.0,500.0,10.0,500.0,500.0,500.0,500.0,500.0,9.0,500.0,500.0,254.0,500.0,500.0,264.0
1622,120.0,27.0,389.0,500.0,500.0,500.0,500.0,500.0,266.0,500.0,500.0,174.0,219.0,349.0,9.0,500.0,9.0,500.0,500.0,500.0,500.0,500.0,263.0,500.0,9.0,500.0,221.0,500.0,500.0,285.0,500.0,500.0,114.0,357.0,500.0,293.0,500.0,10.0,500.0,500.0,500.0,500.0,500.0,9.0,485.0,500.0,245.0,500.0,500.0,280.0
1623,500.0,27.0,439.0,500.0,500.0,500.0,500.0,500.0,266.0,500.0,500.0,403.0,154.0,407.0,9.0,204.0,9.0,500.0,500.0,500.0,500.0,403.0,253.0,500.0,9.0,500.0,221.0,500.0,500.0,285.0,500.0,500.0,119.0,280.0,500.0,500.0,500.0,10.0,500.0,500.0,500.0,500.0,500.0,9.0,431.0,500.0,249.0,500.0,500.0,298.0
1624,500.0,27.0,195.0,500.0,500.0,295.0,500.0,500.0,266.0,500.0,500.0,435.0,101.0,340.0,9.0,500.0,9.0,500.0,500.0,500.0,500.0,475.0,196.0,500.0,9.0,500.0,221.0,500.0,500.0,281.0,500.0,500.0,114.0,471.0,500.0,342.0,500.0,10.0,500.0,500.0,500.0,500.0,261.0,9.0,364.0,500.0,246.0,500.0,500.0,318.0
1625,500.0,27.0,155.0,500.0,500.0,500.0,500.0,500.0,266.0,305.0,500.0,191.0,218.0,335.0,9.0,392.0,9.0,495.0,500.0,500.0,500.0,500.0,253.0,500.0,9.0,71.0,221.0,500.0,500.0,283.0,500.0,500.0,119.0,392.0,500.0,165.0,500.0,10.0,500.0,500.0,500.0,500.0,398.0,9.0,165.0,500.0,259.0,500.0,500.0,280.0
1626,500.0,27.0,166.0,500.0,500.0,175.0,500.0,500.0,266.0,500.0,500.0,500.0,155.0,323.0,9.0,500.0,9.0,472.0,500.0,500.0,500.0,500.0,191.0,500.0,9.0,500.0,221.0,500.0,500.0,279.0,500.0,500.0,125.0,406.0,500.0,500.0,500.0,10.0,500.0,500.0,500.0,500.0,398.0,9.0,500.0,500.0,386.0,500.0,500.0,335.0
1627,500.0,27.0,122.0,500.0,500.0,500.0,500.0,500.0,266.0,500.0,500.0,500.0,158.0,315.0,9.0,500.0,9.0,500.0,500.0,500.0,500.0,440.0,189.0,500.0,9.0,500.0,221.0,500.0,500.0,274.0,500.0,500.0,122.0,406.0,500.0,269.0,500.0,10.0,500.0,500.0,500.0,500.0,500.0,9.0,291.0,500.0,301.0,500.0,500.0,314.0
1628,500.0,27.0,93.0,500.0,500.0,500.0,500.0,500.0,266.0,500.0,500.0,287.0,155.0,317.0,9.0,500.0,9.0,500.0,500.0,500.0,500.0,500.0,190.0,500.0,9.0,500.0,223.0,500.0,500.0,279.0,500.0,500.0,120.0,410.0,500.0,379.0,500.0,10.0,500.0,500.0,500.0,500.0,400.0,9.0,443.0,500.0,246.0,500.0,500.0,356.0
1629,305.0,27.0,83.0,500.0,500.0,500.0,500.0,500.0,266.0,170.0,500.0,383.0,221.0,333.0,9.0,500.0,9.0,500.0,500.0,500.0,500.0,500.0,183.0,500.0,9.0,500.0,221.0,500.0,500.0,279.0,500.0,500.0,124.0,500.0,500.0,500.0,500.0,10.0,498.0,500.0,500.0,500.0,500.0,9.0,500.0,500.0,267.0,500.0,500.0,366.0
1630,316.0,27.0,70.0,500.0,500.0,500.0,500.0,500.0,266.0,500.0,500.0,500.0,225.0,313.0,9.0,500.0,9.0,500.0,500.0,500.0,500.0,500.0,187.0,500.0,9.0,500.0,221.0,317.0,500.0,273.0,500.0,500.0,122.0,485.0,500.0,294.0,500.0,10.0,500.0,500.0,500.0,500.0,500.0,9.0,451.0,500.0,351.0,500.0,500.0,378.0
1631,430.0,27.0,66.0,500.0,500.0,310.0,500.0,500.0,266.0,500.0,500.0,500.0,218.0,330.0,9.0,500.0,9.0,500.0,500.0,500.0,362.0,500.0,181.0,500.0,9.0,500.0,221.0,414.0,500.0,273.0,308.0,500.0,127.0,500.0,500.0,251.0,500.0,10.0,500.0,500.0,500.0,500.0,500.0,9.0,431.0,500.0,412.0,500.0,500.0,399.0
1632,500.0,27.0,54.0,500.0,500.0,500.0,500.0,500.0,266.0,500.0,500.0,500.0,220.0,305.0,9.0,500.0,9.0,500.0,500.0,500.0,500.0,500.0,178.0,500.0,9.0,500.0,221.0,500.0,500.0,272.0,500.0,500.0,125.0,500.0,500.0,131.0,500.0,10.0,500.0,500.0,500.0,500.0,500.0,9.0,500.0,500.0,294.0,500.0,500.0,377.0
1633,500.0,27.0,45.0,500.0,500.0,500.0,500.0,500.0,266.0,500.0,500.0,500.0,225.0,405.0,9.0,500.0,9.0,500.0,500.0,500.0,500.0,465.0,183.0,500.0,9.0,500.0,221.0,500.0,500.0,243.0,500.0,500.0,122.0,449.0,500.0,401.0,500.0,10.0,500.0,500.0,500.0,500.0,500.0,9.0,321.0,500.0,336.0,500.0,500.0,409.0
1634,500.0,27.0,37.0,500.0,500.0,336.0,500.0,500.0,266.0,500.0,500.0,500.0,286.0,290.0,9.0,500.0,9.0,500.0,500.0,500.0,500.0,491.0,180.0,500.0,9.0,500.0,221.0,500.0,500.0,270.0,500.0,500.0,123.0,500.0,500.0,500.0,500.0,10.0,500.0,500.0,500.0,500.0,500.0,9.0,155.0,500.0,387.0,500.0,500.0,428.0
1635,500.0,27.0,42.0,500.0,500.0,500.0,500.0,500.0,266.0,500.0,500.0,247.0,228.0,296.0,9.0,500.0,9.0,500.0,500.0,500.0,436.0,500.0,183.0,500.0,9.0,500.0,221.0,451.0,500.0,267.0,500.0,500.0,125.0,500.0,500.0,232.0,500.0,10.0,500.0,500.0,500.0,500.0,500.0,9.0,346.0,500.0,386.0,500.0,500.0,413.0
1636,500.0,27.0,42.0,500.0,500.0,500.0,500.0,500.0,266.0,500.0,500.0,187.0,291.0,297.0,9.0,500.0,9.0,500.0,500.0,500.0,486.0,500.0,127.0,500.0,9.0,500.0,221.0,392.0,500.0,267.0,500.0,500.0,127.0,353.0,500.0,260.0,500.0,10.0,500.0,500.0,500.0,500.0,500.0,9.0,402.0,500.0,400.0,500.0,500.0,418.0
1637,500.0,27.0,46.0,500.0,500.0,495.0,500.0,500.0,266.0,500.0,500.0,241.0,293.0,288.0,9.0,500.0,9.0,395.0,500.0,500.0,500.0,430.0,114.0,500.0,9.0,500.0,221.0,500.0,500.0,272.0,500.0,500.0,130.0,410.0,500.0,277.0,500.0,10.0,500.0,500.0,500.0,500.0,117.0,9.0,420.0,500.0,407.0,500.0,500.0,458.0
1638,500.0,27.0,42.0,500.0,500.0,315.0,500.0,500.0,266.0,500.0,500.0,446.0,300.0,264.0,9.0,416.0,9.0,500.0,500.0,500.0,500.0,500.0,114.0,500.0,9.0,500.0,221.0,280.0,500.0,264.0,500.0,500.0,127.0,500.0,500.0,374.0,500.0,10.0,500.0,500.0,500.0,500.0,500.0,9.0,373.0,500.0,500.0,500.0,500.0,400.0
1639,276.0,27.0,37.0,500.0,500.0,212.0,500.0,500.0,266.0,500.0,500.0,500.0,291.0,283.0,9.0,500.0,9.0,500.0,500.0,500.0,500.0,413.0,114.0,500.0,9.0,500.0,221.0,500.0,500.0,263.0,399.0,500.0,123.0,458.0,500.0,181.0,500.0,10.0,500.0,500.0,500.0,500.0,500.0,9.0,187.0,500.0,500.0,500.0,500.0,425.0
1640,500.0,27.0,37.0,500.0,500.0,500.0,500.0,500.0,266.0,500.0,500.0,500.0,292.0,324.0,9.0,336.0,9.0,500.0,500.0,500.0,500.0,128.0,114.0,500.0,9.0,500.0,221.0,500.0,500.0,270.0,365.0,500.0,122.0,500.0,500.0,203.0,500.0,10.0,500.0,500.0,500.0,500.0,500.0,9.0,382.0,500.0,500.0,500.0,500.0,380.0
1641,500.0,27.0,37.0,500.0,500.0,500.0,500.0,500.0,266.0,500.0,500.0,492.0,238.0,444.0,9.0,451.0,9.0,500.0,500.0,500.0,500.0,500.0,114.0,500.0,9.0,500.0,221.0,500.0,500.0,269.0,500.0,500.0,109.0,343.0,500.0,127.0,500.0,10.0,500.0,500.0,500.0,500.0,500.0,9.0,500.0,500.0,500.0,500.0,500.0,375.0
1642,498.0,27.0,34.0,500.0,500.0,500.0,500.0,500.0,266.0,500.0,500.0,500.0,285.0,500.0,9.0,500.0,9.0,500.0,500.0,500.0,500.0,447.0,110.0,500.0,9.0,500.0,216.0,464.0,500.0,266.0,500.0,500.0,106.0,500.0,500.0,267.0,500.0,10.0,500.0,500.0,500.0,500.0,463.0,9.0,135.0,500.0,500.0,500.0,500.0,398.0
1643,463.0,27.0,34.0,500.0,500.0,500.0,500.0,500.0,266.0,500.0,500.0,500.0,418.0,500.0,9.0,500.0,9.0,500.0,500.0,500.0,500.0,500.0,118.0,500.0,9.0,500.0,221.0,421.0,500.0,273.0,364.0,500.0,108.0,500.0,500.0,307.0,500.0,10.0,500.0,500.0,500.0,500.0,500.0,9.0,257.0,500.0,113.0,500.0,500.0,376.0
1644,500.0,27.0,34.0,500.0,500.0,500.0,500.0,500.0,266.0,500.0,500.0,500.0,500.0,500.0,9.0,500.0,9.0,500.0,500.0,500.0,500.0,331.0,110.0,500.0,9.0,500.0,223.0,500.0,500.0,273.0,500.0,500.0,106.0,500.0,500.0,215.0,500.0,10.0,500.0,500.0,500.0,500.0,500.0,9.0,369.0,500.0,500.0,500.0,500.0,360.0
1645,500.0,27.0,34.0,500.0,500.0,469.0,500.0,500.0,266.0,500.0,500.0,500.0,495.0,500.0,9.0,500.0,9.0,500.0,500.0,500.0,500.0,500.0,111.0,500.0,9.0,500.0,221.0,500.0,500.0,267.0,500.0,500.0,106.0,500.0,500.0,204.0,500.0,10.0,500.0,433.0,500.0,500.0,500.0,9.0,500.0,500.0,500.0,500.0,500.0,355.0
1646,215.0,27.0,32.0,500.0,500.0,500.0,500.0,500.0,266.0,500.0,500.0,500.0,500.0,500.0,9.0,500.0,9.0,500.0,500.0,500.0,337.0,500.0,111.0,500.0,9.0,500.0,225.0,500.0,500.0,271.0,500.0,500.0,108.0,500.0,500.0,311.0,500.0,10.0,475.0,500.0,500.0,500.0,470.0,9.0,113.0,500.0,500.0,500.0,500.0,331.0
1647,500.0,27.0,30.0,500.0,500.0,500.0,500.0,500.0,266.0,500.0,500.0,500.0,500.0,500.0,9.0,500.0,9.0,500.0,500.0,500.0,437.0,500.0,114.0,500.0,9.0,500.0,224.0,500.0,500.0,250.0,348.0,500.0,95.0,500.0,500.0,299.0,500.0,10.0,491.0,500.0,500.0,500.0,500.0,9.0,407.0,500.0,500.0,500.0,500.0,315.0
1648,500.0,27.0,29.0,500.0,500.0,500.0,500.0,500.0,266.0,500.0,500.0,500.0,500.0,500.0,9.0,390.0,9.0,500.0,500.0,500.0,447.0,383.0,114.0,500.0,9.0,500.0,224.0,500.0,500.0,286.0,500.0,500.0,89.0,500.0,500.0,500.0,500.0,10.0,500.0,500.0,500.0,500.0,500.0,9.0,292.0,500.0,500.0,500.0,500.0,301.0
1649,500.0,27.0,29.0,500.0,500.0,500.0,500.0,500.0,266.0,500.0,500.0,486.0,500.0,500.0,9.0,500.0,9.0,500.0,500.0,500.0,462.0,500.0,109.0,500.0,9.0,500.0,223.0,392.0,500.0,289.0,500.0,500.0,95.0,500.0,500.0,500.0,500.0,10.0,414.0,500.0,500.0,500.0,500.0,9.0,238.0,500.0,500.0,500.0,500.0,322.0
1650,196.0,27.0,29.0,500.0,500.0,500.0,500.0,500.0,266.0,500.0,459.0,500.0,500.0,500.0,9.0,500.0,9.0,500.0,500.0,500.0,500.0,500.0,109.0,500.0,9.0,500.0,225.0,500.0,500.0,299.0,500.0,500.0,97.0,500.0,500.0,294.0,500.0,10.0,457.0,500.0,500.0,500.0,500.0,9.0,249.0,500.0,500.0,500.0,500.0,277.0
1651,500.0,27.0,24.0,500.0,500.0,448.0,500.0,500.0,266.0,500.0,436.0,382.0,500.0,500.0,9.0,500.0,9.0,500.0,500.0,500.0,350.0,500.0,109.0,500.0,9.0,500.0,225.0,500.0,500.0,294.0,500.0,500.0,96.0,500.0,500.0,312.0,500.0,10.0,412.0,500.0,500.0,500.0,500.0,9.0,500.0,500.0,500.0,500.0,500.0,277.0
1652,500.0,27.0,21.0,500.0,500.0,500.0,500.0,500.0,266.0,500.0,436.0,500.0,500.0,500.0,9.0,500.0,9.0,500.0,500.0,500.0,500.0,500.0,110.0,500.0,9.0,500.0,225.0,500.0,500.0,296.0,500.0,500.0,98.0,500.0,500.0,288.0,500.0,10.0,430.0,500.0,500.0,500.0,428.0,9.0,266.0,500.0,500.0,500.0,500.0,291.0
1653,380.0,27.0,20.0,500.0,500.0,175.0,500.0,500.0,266.0,420.0,340.0,500.0,500.0,500.0,9.0,344.0,9.0,500.0,500.0,500.0,500.0,500.0,110.0,500.0,9.0,500.0,226.0,500.0,500.0,297.0,500.0,500.0,103.0,500.0,500.0,46.0,500.0,10.0,425.0,500.0,500.0,500.0,500.0,9.0,388.0,500.0,496.0,500.0,500.0,252.0
1654,500.0,27.0,18.0,500.0,500.0,500.0,500.0,500.0,266.0,500.0,364.0,500.0,500.0,500.0,9.0,500.0,9.0,500.0,500.0,500.0,373.0,500.0,114.0,500.0,9.0,500.0,230.0,500.0,500.0,299.0,500.0,500.0,101.0,500.0,500.0,290.0,500.0,10.0,402.0,500.0,500.0,500.0,500.0,9.0,195.0,500.0,500.0,500.0,500.0,268.0
1655,500.0,27.0,16.0,500.0,500.0,500.0,500.0,500.0,266.0,500.0,387.0,500.0,500.0,500.0,9.0,500.0,9.0,500.0,500.0,500.0,458.0,500.0,110.0,500.0,9.0,500.0,230.0,470.0,500.0,309.0,500.0,85.0,85.0,500.0,500.0,267.0,500.0,10.0,438.0,500.0,500.0,500.0,500.0,9.0,311.0,500.0,500.0,500.0,500.0,249.0
1656,500.0,27.0,14.0,500.0,500.0,500.0,500.0,500.0,266.0,370.0,324.0,431.0,500.0,500.0,9.0,500.0,9.0,500.0,500.0,500.0,500.0,500.0,110.0,500.0,9.0,500.0,228.0,500.0,500.0,314.0,500.0,500.0,107.0,500.0,500.0,453.0,500.0,10.0,403.0,500.0,500.0,500.0,500.0,9.0,367.0,500.0,500.0,500.0,500.0,264.0
1657,500.0,27.0,12.0,500.0,500.0,500.0,500.0,500.0,266.0,500.0,347.0,360.0,500.0,500.0,9.0,500.0,9.0,500.0,500.0,500.0,500.0,500.0,110.0,500.0,9.0,500.0,229.0,139.0,500.0,317.0,500.0,500.0,93.0,500.0,500.0,447.0,500.0,10.0,481.0,500.0,500.0,500.0,500.0,9.0,500.0,500.0,500.0,500.0,500.0,257.0
1658,119.0,27.0,11.0,500.0,500.0,500.0,500.0,500.0,266.0,500.0,301.0,414.0,500.0,500.0,9.0,500.0,9.0,500.0,500.0,500.0,500.0,500.0,106.0,500.0,9.0,500.0,230.0,500.0,500.0,353.0,500.0,500.0,92.0,500.0,500.0,185.0,500.0,10.0,416.0,500.0,500.0,500.0,500.0,9.0,144.0,500.0,500.0,500.0,500.0,255.0
1659,500.0,27.0,10.0,500.0,500.0,500.0,500.0,500.0,266.0,500.0,272.0,500.0,500.0,500.0,9.0,414.0,9.0,500.0,500.0,500.0,449.0,500.0,110.0,500.0,9.0,500.0,230.0,500.0,500.0,323.0,500.0,500.0,110.0,500.0,500.0,500.0,500.0,10.0,498.0,500.0,500.0,500.0,500.0,9.0,238.0,500.0,500.0,500.0,500.0,236.0
1660,500.0,27.0,11.0,500.0,500.0,315.0,500.0,500.0,266.0,500.0,288.0,500.0,500.0,500.0,9.0,500.0,9.0,500.0,500.0,500.0,500.0,500.0,106.0,500.0,9.0,500.0,229.0,500.0,500.0,322.0,500.0,500.0,104.0,500.0,500.0,386.0,500.0,10.0,500.0,500.0,500.0,500.0,500.0,9.0,245.0,500.0,500.0,500.0,500.0,254.0
1661,325.0,27.0,12.0,500.0,500.0,445.0,500.0,500.0,266.0,500.0,288.0,500.0,500.0,500.0,9.0,500.0,9.0,500.0,500.0,500.0,334.0,500.0,109.0,500.0,9.0,500.0,230.0,500.0,500.0,325.0,500.0,500.0,99.0,500.0,500.0,162.0,500.0,10.0,500.0,500.0,500.0,500.0,500.0,9.0,268.0,500.0,500.0,500.0,500.0,243.0
1662,500.0,27.0,14.0,500.0,500.0,500.0,500.0,500.0,266.0,500.0,272.0,500.0,500.0,500.0,9.0,500.0,9.0,500.0,500.0,500.0,466.0,500.0,113.0,500.0,9.0,500.0,232.0,500.0,500.0,362.0,500.0,500.0,103.0,500.0,500.0,284.0,500.0,10.0,500.0,500.0,500.0,500.0,500.0,9.0,500.0,500.0,500.0,500.0,500.0,238.0
1663,500.0,27.0,15.0,500.0,500.0,500.0,500.0,500.0,266.0,500.0,261.0,500.0,500.0,500.0,9.0,500.0,9.0,500.0,500.0,500.0,500.0,500.0,109.0,500.0,9.0,500.0,232.0,500.0,500.0,335.0,500.0,500.0,96.0,500.0,500.0,213.0,500.0,10.0,500.0,500.0,500.0,500.0,500.0,9.0,135.0,500.0,500.0,500.0,500.0,254.0
1664,500.0,27.0,16.0,500.0,500.0,200.0,500.0,500.0,266.0,500.0,267.0,500.0,500.0,500.0,9.0,500.0,9.0,500.0,500.0,500.0,500.0,500.0,108.0,500.0,9.0,500.0,230.0,500.0,500.0,416.0,491.0,500.0,102.0,500.0,500.0,269.0,500.0,10.0,500.0,500.0,500.0,500.0,500.0,9.0,465.0,500.0,384.0,500.0,500.0,228.0
1665,500.0,27.0,18.0,500.0,500.0,500.0,500.0,500.0,266.0,500.0,264.0,451.0,500.0,500.0,9.0,302.0,9.0,500.0,500.0,500.0,500.0,500.0,110.0,500.0,9.0,500.0,232.0,500.0,500.0,359.0,500.0,500.0,115.0,500.0,500.0,135.0,500.0,10.0,500.0,500.0,500.0,500.0,500.0,9.0,344.0,500.0,500.0,500.0,500.0,224.0
1666,283.0,27.0,18.0,500.0,500.0,480.0,500.0,500.0,266.0,500.0,249.0,500.0,500.0,500.0,9.0,500.0,9.0,500.0,500.0,500.0,500.0,500.0,107.0,500.0,9.0,500.0,232.0,404.0,500.0,337.0,500.0,500.0,115.0,500.0,500.0,166.0,500.0,10.0,500.0,500.0,500.0,500.0,488.0,9.0,384.0,500.0,500.0,500.0,500.0,228.0
1667,500.0,27.0,18.0,500.0,500.0,500.0,500.0,500.0,266.0,500.0,232.0,500.0,500.0,500.0,9.0,500.0,9.0,500.0,500.0,500.0,500.0,500.0,105.0,500.0,9.0,500.0,232.0,500.0,340.0,416.0,500.0,500.0,119.0,500.0,500.0,500.0,500.0,10.0,500.0,500.0,500.0,500.0,378.0,9.0,234.0,500.0,500.0,500.0,500.0,243.0
1668,176.0,27.0,18.0,500.0,500.0,500.0,500.0,500.0,266.0,500.0,246.0,500.0,500.0,500.0,9.0,441.0,9.0,500.0,500.0,500.0,500.0,496.0,105.0,500.0,9.0,500.0,229.0,500.0,500.0,421.0,500.0,500.0,104.0,500.0,500.0,438.0,500.0,10.0,500.0,500.0,500.0,500.0,281.0,9.0,179.0,500.0,500.0,500.0,500.0,227.0
1669,500.0,27.0,18.0,500.0,500.0,301.0,500.0,500.0,266.0,500.0,214.0,294.0,500.0,500.0,9.0,500.0,9.0,500.0,500.0,500.0,500.0,500.0,106.0,500.0,9.0,500.0,232.0,254.0,500.0,335.0,500.0,500.0,110.0,500.0,500.0,398.0,500.0,10.0,500.0,500.0,500.0,500.0,500.0,9.0,464.0,500.0,111.0,500.0,500.0,221.0
1670,457.0,27.0,18.0,500.0,500.0,500.0,500.0,500.0,266.0,500.0,227.0,500.0,500.0,500.0,9.0,500.0,9.0,500.0,500.0,500.0,500.0,390.0,113.0,500.0,9.0,500.0,168.0,500.0,500.0,414.0,500.0,500.0,121.0,500.0,500.0,270.0,500.0,10.0,500.0,500.0,500.0,500.0,500.0,9.0,290.0,500.0,500.0,500.0,500.0,217.0
1671,500.0,27.0,19.0,500.0,500.0,500.0,500.0,500.0,266.0,338.0,217.0,500.0,500.0,473.0,9.0,346.0,9.0,500.0,500.0,500.0,500.0,500.0,105.0,500.0,9.0,500.0,161.0,160.0,500.0,408.0,500.0,500.0,111.0,500.0,500.0,301.0,500.0,10.0,500.0,500.0,500.0,500.0,500.0,9.0,126.0,500.0,500.0,500.0,500.0,203.0
1672,500.0,27.0,20.0,500.0,500.0,500.0,500.0,500.0,266.0,475.0,236.0,500.0,500.0,396.0,9.0,500.0,9.0,500.0,500.0,500.0,500.0,500.0,107.0,500.0,9.0,500.0,232.0,387.0,500.0,322.0,500.0,500.0,104.0,500.0,500.0,125.0,500.0,10.0,500.0,500.0,500.0,500.0,352.0,9.0,164.0,500.0,500.0,500.0,500.0,214.0
1673,500.0,27.0,20.0,500.0,500.0,500.0,500.0,500.0,266.0,500.0,220.0,491.0,500.0,280.0,9.0,500.0,9.0,500.0,500.0,500.0,500.0,500.0,112.0,488.0,9.0,500.0,232.0,500.0,500.0,326.0,500.0,500.0,134.0,500.0,500.0,255.0,500.0,10.0,500.0,500.0,500.0,500.0,500.0,9.0,183.0,500.0,239.0,500.0,500.0,208.0
1674,315.0,27.0,20.0,500.0,500.0,500.0,500.0,500.0,266.0,500.0,207.0,492.0,500.0,248.0,9.0,500.0,9.0,500.0,500.0,500.0,500.0,500.0,108.0,500.0,9.0,500.0,162.0,500.0,500.0,402.0,500.0,500.0,120.0,500.0,500.0,324.0,500.0,10.0,500.0,500.0,500.0,500.0,425.0,9.0,500.0,500.0,83.0,500.0,500.0,210.0
1675,500.0,27.0,20.0,500.0,500.0,500.0,500.0,500.0,266.0,500.0,204.0,500.0,500.0,244.0,9.0,500.0,9.0,227.0,500.0,500.0,500.0,500.0,108.0,500.0,9.0,500.0,230.0,500.0,500.0,336.0,500.0,500.0,131.0,500.0,500.0,351.0,500.0,10.0,500.0,500.0,500.0,500.0,373.0,9.0,169.0,500.0,500.0,500.0,500.0,198.0
1676,500.0,27.0,20.0,500.0,500.0,500.0,500.0,500.0,266.0,500.0,228.0,500.0,500.0,258.0,9.0,500.0,9.0,500.0,500.0,500.0,500.0,500.0,108.0,500.0,9.0,500.0,162.0,500.0,500.0,326.0,304.0,500.0,126.0,500.0,500.0,278.0,500.0,10.0,500.0,500.0,500.0,500.0,434.0,9.0,365.0,500.0,500.0,500.0,500.0,184.0
1677,500.0,27.0,20.0,500.0,500.0,500.0,500.0,500.0,266.0,500.0,215.0,500.0,500.0,233.0,9.0,500.0,9.0,500.0,500.0,500.0,500.0,500.0,114.0,500.0,9.0,500.0,148.0,500.0,500.0,334.0,500.0,500.0,118.0,500.0,500.0,148.0,500.0,10.0,500.0,500.0,500.0,500.0,483.0,9.0,500.0,500.0,500.0,500.0,500.0,190.0
1678,328.0,27.0,20.0,500.0,500.0,500.0,500.0,500.0,266.0,500.0,210.0,500.0,500.0,222.0,9.0,500.0,9.0,500.0,500.0,500.0,500.0,500.0,109.0,328.0,9.0,500.0,152.0,500.0,500.0,328.0,500.0,500.0,149.0,500.0,500.0,338.0,500.0,10.0,500.0,500.0,500.0,343.0,345.0,9.0,141.0,500.0,500.0,500.0,500.0,187.0
1679,424.0,27.0,21.0,500.0,500.0,500.0,500.0,500.0,266.0,500.0,197.0,337.0,500.0,220.0,9.0,307.0,9.0,500.0,500.0,500.0,500.0,500.0,113.0,500.0,9.0,500.0,162.0,500.0,500.0,338.0,500.0,500.0,120.0,500.0,500.0,195.0,500.0,10.0,500.0,500.0,500.0,500.0,363.0,9.0,238.0,500.0,500.0,500.0,500.0,177.0
1680,318.0,27.0,21.0,500.0,500.0,500.0,500.0,500.0,266.0,489.0,203.0,500.0,500.0,184.0,9.0,500.0,9.0,500.0,500.0,500.0,500.0,500.0,113.0,469.0,9.0,500.0,224.0,495.0,500.0,327.0,500.0,500.0,122.0,500.0,500.0,299.0,422.0,10.0,500.0,500.0,500.0,500.0,500.0,9.0,387.0,500.0,500.0,500.0,500.0,207.0
1681,424.0,27.0,21.0,500.0,500.0,500.0,500.0,500.0,266.0,414.0,211.0,404.0,500.0,198.0,9.0,500.0,9.0,500.0,500.0,500.0,500.0,500.0,114.0,389.0,9.0,500.0,253.0,270.0,500.0,325.0,500.0,500.0,153.0,500.0,500.0,319.0,500.0,10.0,500.0,500.0,500.0,500.0,500.0,9.0,500.0,500.0,500.0,500.0,500.0,197.0
1682,429.0,27.0,21.0,500.0,500.0,246.0,500.0,500.0,266.0,500.0,210.0,357.0,500.0,138.0,9.0,484.0,9.0,148.0,500.0,500.0,500.0,500.0,113.0,500.0,9.0,500.0,249.0,296.0,500.0,328.0,500.0,500.0,138.0,500.0,500.0,217.0,500.0,10.0,500.0,500.0,500.0,500.0,317.0,9.0,169.0,500.0,311.0,500.0,500.0,189.0
1683,500.0,27.0,21.0,500.0,500.0,500.0,500.0,500.0,266.0,500.0,203.0,500.0,500.0,148.0,9.0,500.0,9.0,500.0,500.0,500.0,500.0,500.0,114.0,379.0,9.0,500.0,295.0,500.0,500.0,327.0,500.0,500.0,140.0,500.0,28.0,132.0,500.0,10.0,500.0,500.0,500.0,500.0,480.0,9.0,500.0,500.0,500.0,500.0,500.0,190.0
1684,500.0,27.0,21.0,500.0,500.0,500.0,500.0,500.0,266.0,500.0,190.0,408.0,500.0,139.0,9.0,500.0,9.0,500.0,500.0,500.0,500.0,500.0,115.0,500.0,9.0,500.0,247.0,500.0,500.0,339.0,500.0,500.0,142.0,500.0,500.0,300.0,500.0,10.0,500.0,500.0,500.0,500.0,500.0,9.0,441.0,500.0,203.0,500.0,500.0,202.0
1685,317.0,27.0,21.0,500.0,500.0,500.0,500.0,500.0,266.0,500.0,187.0,206.0,500.0,135.0,9.0,500.0,9.0,500.0,500.0,500.0,500.0,500.0,115.0,500.0,9.0,500.0,247.0,500.0,500.0,329.0,500.0,500.0,139.0,500.0,500.0,231.0,500.0,10.0,500.0,500.0,500.0,500.0,500.0,9.0,131.0,500.0,500.0,500.0,500.0,187.0
1686,500.0,27.0,21.0,500.0,500.0,291.0,500.0,500.0,266.0,500.0,200.0,321.0,500.0,155.0,9.0,500.0,9.0,500.0,500.0,500.0,500.0,500.0,115.0,500.0,9.0,500.0,284.0,500.0,500.0,362.0,500.0,500.0,147.0,500.0,500.0,500.0,500.0,10.0,500.0,500.0,500.0,500.0,500.0,9.0,290.0,500.0,500.0,500.0,500.0,176.0
1687,500.0,27.0,21.0,500.0,500.0,500.0,500.0,500.0,266.0,500.0,198.0,367.0,500.0,126.0,9.0,255.0,9.0,500.0,500.0,500.0,500.0,419.0,115.0,500.0,9.0,500.0,243.0,500.0,500.0,349.0,500.0,500.0,145.0,500.0,500.0,500.0,500.0,10.0,500.0,500.0,500.0,500.0,500.0,9.0,327.0,500.0,500.0,500.0,500.0,196.0
1688,390.0,27.0,21.0,500.0,500.0,500.0,500.0,500.0,266.0,500.0,206.0,500.0,500.0,134.0,9.0,441.0,9.0,500.0,500.0,500.0,500.0,462.0,115.0,500.0,9.0,500.0,156.0,500.0,500.0,418.0,500.0,500.0,154.0,500.0,500.0,296.0,500.0,10.0,500.0,500.0,500.0,500.0,500.0,9.0,221.0,500.0,500.0,500.0,500.0,198.0
1689,500.0,27.0,21.0,500.0,500.0,500.0,500.0,500.0,266.0,500.0,187.0,295.0,500.0,138.0,9.0,181.0,9.0,500.0,500.0,500.0,500.0,500.0,116.0,500.0,9.0,500.0,303.0,500.0,500.0,409.0,500.0,500.0,164.0,500.0,500.0,345.0,500.0,10.0,500.0,500.0,500.0,500.0,500.0,9.0,288.0,500.0,500.0,500.0,500.0,199.0
1690,500.0,27.0,21.0,500.0,500.0,500.0,500.0,500.0,266.0,500.0,190.0,258.0,500.0,136.0,9.0,500.0,9.0,500.0,500.0,500.0,500.0,500.0,115.0,500.0,9.0,500.0,281.0,375.0,500.0,323.0,500.0,500.0,151.0,500.0,500.0,318.0,500.0,10.0,500.0,500.0,500.0,500.0,500.0,9.0,322.0,500.0,500.0,500.0,500.0,188.0
1691,459.0,27.0,22.0,500.0,500.0,500.0,500.0,500.0,266.0,500.0,207.0,500.0,500.0,135.0,9.0,500.0,9.0,500.0,500.0,500.0,500.0,500.0,115.0,500.0,9.0,500.0,298.0,500.0,500.0,320.0,500.0,500.0,144.0,500.0,500.0,244.0,500.0,10.0,500.0,500.0,500.0,500.0,500.0,9.0,137.0,500.0,500.0,500.0,500.0,202.0
1692,500.0,27.0,22.0,500.0,500.0,500.0,500.0,500.0,266.0,500.0,198.0,500.0,500.0,132.0,9.0,500.0,9.0,500.0,500.0,500.0,500.0,347.0,115.0,500.0,9.0,500.0,281.0,500.0,500.0,322.0,500.0,500.0,163.0,500.0,500.0,422.0,500.0,10.0,500.0,500.0,500.0,500.0,500.0,9.0,423.0,500.0,500.0,500.0,500.0,214.0
1693,500.0,27.0,22.0,500.0,500.0,418.0,500.0,500.0,266.0,500.0,194.0,230.0,500.0,153.0,9.0,500.0,9.0,500.0,500.0,500.0,500.0,500.0,115.0,500.0,9.0,500.0,262.0,500.0,500.0,326.0,500.0,500.0,160.0,500.0,500.0,323.0,500.0,10.0,500.0,500.0,500.0,500.0,500.0,9.0,318.0,500.0,313.0,500.0,500.0,211.0
1694,358.0,27.0,24.0,500.0,500.0,341.0,500.0,500.0,266.0,500.0,179.0,500.0,500.0,139.0,9.0,500.0,9.0,500.0,500.0,500.0,500.0,500.0,118.0,500.0,9.0,500.0,287.0,500.0,500.0,421.0,500.0,500.0,161.0,500.0,500.0,500.0,500.0,10.0,500.0,500.0,500.0,500.0,500.0,9.0,245.0,500.0,477.0,500.0,500.0,189.0
1695,500.0,27.0,21.0,500.0,500.0,500.0,500.0,500.0,266.0,500.0,195.0,500.0,500.0,133.0,9.0,500.0,9.0,500.0,500.0,500.0,500.0,277.0,113.0,500.0,9.0,500.0,259.0,500.0,500.0,431.0,500.0,500.0,166.0,500.0,500.0,500.0,500.0,10.0,500.0,500.0,500.0,500.0,181.0,9.0,268.0,500.0,500.0,500.0,500.0,200.0
1696,269.0,27.0,20.0,500.0,500.0,500.0,500.0,500.0,266.0,499.0,199.0,115.0,500.0,145.0,9.0,500.0,9.0,500.0,500.0,500.0,500.0,500.0,110.0,500.0,9.0,500.0,259.0,500.0,500.0,448.0,500.0,500.0,172.0,500.0,500.0,235.0,500.0,10.0,500.0,500.0,500.0,500.0,500.0,9.0,462.0,500.0,500.0,500.0,500.0,202.0
1697,500.0,27.0,19.0,500.0,500.0,500.0,500.0,500.0,266.0,500.0,197.0,500.0,500.0,150.0,9.0,500.0,9.0,500.0,500.0,500.0,500.0,302.0,111.0,500.0,9.0,500.0,263.0,500.0,500.0,399.0,500.0,500.0,164.0,500.0,500.0,471.0,500.0,10.0,500.0,500.0,500.0,500.0,500.0,9.0,279.0,500.0,500.0,500.0,500.0,192.0
1698,312.0,27.0,18.0,500.0,500.0,500.0,500.0,500.0,266.0,500.0,197.0,500.0,500.0,135.0,9.0,476.0,9.0,500.0,500.0,500.0,500.0,370.0,109.0,500.0,9.0,500.0,261.0,500.0,500.0,423.0,500.0,500.0,162.0,500.0,500.0,500.0,500.0,10.0,500.0,500.0,500.0,500.0,500.0,9.0,381.0,500.0,500.0,500.0,500.0,212.0
1699,500.0,27.0,18.0,500.0,500.0,147.0,500.0,500.0,266.0,500.0,211.0,500.0,500.0,130.0,9.0,500.0,9.0,500.0,500.0,500.0,500.0,500.0,110.0,500.0,9.0,500.0,261.0,500.0,500.0,341.0,500.0,500.0,177.0,500.0,500.0,182.0,500.0,10.0,500.0,500.0,500.0,500.0,500.0,9.0,136.0,500.0,500.0,500.0,500.0,233.0
1700,500.0,27.0,18.0,500.0,500.0,500.0,500.0,500.0,266.0,500.0,197.0,444.0,500.0,142.0,9.0,360.0,9.0,500.0,500.0,500.0,500.0,500.0,107.0,500.0,9.0,500.0,261.0,500.0,500.0,327.0,500.0,500.0,166.0,500.0,500.0,500.0,500.0,10.0,500.0,500.0,500.0,500.0,500.0,9.0,189.0,500.0,500.0,500.0,500.0,196.0
1701,500.0,27.0,18.0,500.0,500.0,500.0,500.0,500.0,266.0,500.0,196.0,359.0,500.0,143.0,9.0,500.0,9.0,500.0,500.0,500.0,500.0,500.0,112.0,500.0,9.0,500.0,262.0,346.0,500.0,327.0,500.0,500.0,182.0,500.0,500.0,195.0,500.0,10.0,500.0,500.0,500.0,500.0,500.0,9.0,128.0,500.0,486.0,500.0,500.0,218.0
1702,495.0,27.0,16.0,500.0,500.0,500.0,500.0,500.0,266.0,500.0,184.0,500.0,500.0,133.0,9.0,500.0,9.0,500.0,500.0,500.0,500.0,500.0,109.0,500.0,9.0,500.0,262.0,500.0,500.0,310.0,500.0,500.0,164.0,500.0,500.0,353.0,500.0,10.0,500.0,500.0,500.0,500.0,500.0,9.0,274.0,500.0,500.0,500.0,500.0,197.0
1703,500.0,27.0,16.0,500.0,500.0,500.0,500.0,500.0,266.0,500.0,209.0,433.0,500.0,138.0,9.0,173.0,9.0,500.0,500.0,500.0,500.0,500.0,110.0,500.0,9.0,500.0,274.0,500.0,500.0,307.0,500.0,500.0,175.0,500.0,500.0,153.0,500.0,10.0,500.0,500.0,500.0,500.0,316.0,9.0,246.0,500.0,388.0,500.0,500.0,209.0
1704,500.0,27.0,15.0,500.0,500.0,500.0,500.0,500.0,266.0,500.0,218.0,500.0,500.0,136.0,9.0,500.0,9.0,500.0,500.0,500.0,500.0,500.0,109.0,500.0,9.0,500.0,264.0,500.0,500.0,299.0,306.0,500.0,168.0,500.0,500.0,500.0,500.0,10.0,500.0,500.0,500.0,500.0,500.0,9.0,309.0,500.0,382.0,500.0,500.0,217.0
1705,443.0,27.0,15.0,500.0,500.0,500.0,500.0,500.0,266.0,500.0,209.0,96.0,500.0,132.0,9.0,500.0,9.0,500.0,500.0,500.0,500.0,500.0,110.0,500.0,9.0,500.0,280.0,290.0,500.0,286.0,500.0,500.0,170.0,500.0,500.0,500.0,500.0,10.0,500.0,500.0,500.0,500.0,500.0,9.0,274.0,500.0,401.0,500.0,500.0,214.0
1706,263.0,27.0,14.0,500.0,500.0,500.0,500.0,500.0,266.0,500.0,201.0,500.0,500.0,137.0,9.0,500.0,9.0,500.0,500.0,500.0,500.0,307.0,109.0,500.0,9.0,500.0,261.0,500.0,500.0,281.0,500.0,500.0,171.0,500.0,500.0,140.0,500.0,10.0,500.0,500.0,500.0,500.0,500.0,9.0,175.0,500.0,366.0,500.0,500.0,219.0
1707,500.0,27.0,14.0,500.0,500.0,331.0,500.0,500.0,266.0,500.0,201.0,500.0,500.0,141.0,9.0,285.0,9.0,500.0,500.0,500.0,500.0,500.0,109.0,500.0,9.0,500.0,272.0,500.0,500.0,270.0,500.0,500.0,177.0,500.0,500.0,207.0,500.0,10.0,500.0,500.0,500.0,500.0,500.0,9.0,153.0,500.0,377.0,500.0,500.0,212.0
1708,500.0,27.0,14.0,500.0,500.0,401.0,500.0,500.0,266.0,500.0,212.0,500.0,500.0,134.0,9.0,500.0,9.0,500.0,500.0,500.0,500.0,500.0,110.0,500.0,9.0,500.0,270.0,500.0,500.0,269.0,500.0,500.0,167.0,500.0,500.0,403.0,500.0,10.0,500.0,500.0,500.0,500.0,500.0,9.0,500.0,500.0,423.0,500.0,500.0,219.0
1709,500.0,27.0,14.0,500.0,500.0,500.0,500.0,500.0,266.0,500.0,231.0,500.0,500.0,134.0,9.0,500.0,9.0,500.0,500.0,500.0,500.0,500.0,110.0,500.0,9.0,500.0,234.0,500.0,500.0,267.0,500.0,500.0,174.0,500.0,500.0,161.0,500.0,10.0,500.0,500.0,500.0,500.0,500.0,9.0,210.0,500.0,404.0,500.0,500.0,206.0
1710,500.0,27.0,14.0,500.0,500.0,500.0,500.0,500.0,266.0,500.0,210.0,500.0,500.0,130.0,9.0,301.0,9.0,500.0,500.0,500.0,500.0,500.0,110.0,500.0,9.0,500.0,269.0,500.0,500.0,263.0,500.0,500.0,176.0,500.0,500.0,329.0,500.0,10.0,500.0,500.0,500.0,500.0,431.0,9.0,122.0,500.0,355.0,500.0,500.0,231.0
1711,500.0,27.0,14.0,500.0,500.0,500.0,500.0,500.0,266.0,500.0,225.0,500.0,500.0,131.0,9.0,500.0,9.0,500.0,500.0,500.0,500.0,500.0,109.0,500.0,9.0,500.0,270.0,500.0,500.0,256.0,500.0,500.0,173.0,500.0,500.0,263.0,500.0,10.0,500.0,500.0,500.0,500.0,234.0,9.0,460.0,500.0,357.0,500.0,500.0,232.0
1712,500.0,27.0,14.0,500.0,500.0,500.0,500.0,500.0,266.0,500.0,223.0,500.0,500.0,121.0,9.0,500.0,9.0,500.0,500.0,500.0,500.0,500.0,110.0,500.0,9.0,500.0,266.0,500.0,500.0,258.0,500.0,500.0,176.0,500.0,500.0,250.0,500.0,10.0,500.0,500.0,500.0,500.0,500.0,9.0,215.0,500.0,362.0,500.0,500.0,220.0
1713,424.0,27.0,14.0,500.0,500.0,500.0,500.0,500.0,266.0,500.0,200.0,500.0,500.0,120.0,9.0,500.0,9.0,500.0,500.0,500.0,500.0,500.0,110.0,500.0,9.0,500.0,264.0,500.0,500.0,246.0,500.0,500.0,176.0,500.0,500.0,207.0,483.0,10.0,500.0,500.0,500.0,500.0,500.0,9.0,500.0,500.0,336.0,500.0,500.0,238.0
1714,500.0,27.0,14.0,500.0,500.0,482.0,500.0,500.0,266.0,421.0,221.0,429.0,500.0,120.0,9.0,500.0,9.0,500.0,500.0,500.0,500.0,500.0,110.0,500.0,9.0,500.0,269.0,500.0,500.0,257.0,500.0,500.0,180.0,500.0,500.0,386.0,500.0,10.0,500.0,500.0,500.0,500.0,500.0,9.0,131.0,500.0,256.0,500.0,420.0,214.0
1715,479.0,27.0,14.0,500.0,500.0,500.0,500.0,500.0,266.0,268.0,221.0,500.0,500.0,120.0,9.0,417.0,9.0,500.0,500.0,500.0,500.0,391.0,109.0,500.0,9.0,500.0,234.0,456.0,500.0,242.0,500.0,500.0,163.0,500.0,500.0,419.0,500.0,10.0,500.0,500.0,500.0,500.0,500.0,9.0,256.0,473.0,312.0,500.0,500.0,223.0
1716,500.0,27.0,13.0,500.0,500.0,500.0,500.0,500.0,266.0,500.0,214.0,500.0,500.0,118.0,9.0,370.0,9.0,500.0,500.0,500.0,500.0,500.0,110.0,500.0,9.0,500.0,261.0,493.0,500.0,258.0,500.0,500.0,169.0,500.0,500.0,326.0,500.0,10.0,500.0,500.0,500.0,500.0,260.0,9.0,400.0,500.0,351.0,500.0,500.0,221.0
1717,500.0,27.0,12.0,500.0,500.0,500.0,500.0,500.0,266.0,500.0,208.0,500.0,500.0,122.0,9.0,448.0,9.0,500.0,500.0,500.0,419.0,500.0,110.0,500.0,9.0,500.0,266.0,500.0,500.0,252.0,500.0,500.0,176.0,500.0,500.0,121.0,500.0,10.0,500.0,500.0,500.0,500.0,500.0,9.0,149.0,500.0,341.0,500.0,471.0,237.0
1718,500.0,27.0,12.0,500.0,500.0,500.0,500.0,500.0,266.0,500.0,227.0,456.0,500.0,116.0,9.0,500.0,9.0,500.0,500.0,500.0,411.0,500.0,109.0,500.0,9.0,500.0,261.0,368.0,500.0,245.0,500.0,500.0,164.0,500.0,500.0,277.0,500.0,10.0,500.0,500.0,500.0,500.0,500.0,9.0,278.0,500.0,293.0,500.0,410.0,246.0
1719,500.0,27.0,12.0,500.0,500.0,500.0,500.0,500.0,266.0,500.0,206.0,500.0,500.0,114.0,9.0,500.0,9.0,500.0,500.0,500.0,500.0,500.0,110.0,500.0,9.0,500.0,260.0,262.0,500.0,240.0,500.0,500.0,170.0,500.0,424.0,267.0,500.0,10.0,500.0,500.0,500.0,500.0,500.0,9.0,181.0,500.0,242.0,500.0,393.0,228.0
1720,500.0,27.0,12.0,500.0,500.0,427.0,500.0,500.0,266.0,500.0,207.0,500.0,500.0,116.0,9.0,500.0,9.0,500.0,500.0,500.0,304.0,394.0,107.0,500.0,9.0,500.0,266.0,149.0,500.0,230.0,500.0,500.0,171.0,500.0,306.0,374.0,500.0,10.0,500.0,500.0,500.0,500.0,500.0,9.0,134.0,500.0,229.0,500.0,425.0,220.0
1721,500.0,27.0,11.0,500.0,500.0,500.0,500.0,500.0,266.0,500.0,213.0,269.0,499.0,119.0,9.0,500.0,9.0,500.0,500.0,500.0,347.0,500.0,108.0,500.0,9.0,500.0,267.0,500.0,500.0,243.0,500.0,500.0,163.0,500.0,290.0,400.0,500.0,10.0,500.0,500.0,500.0,500.0,500.0,9.0,262.0,500.0,258.0,500.0,467.0,232.0
1722,500.0,27.0,11.0,500.0,500.0,500.0,500.0,500.0,266.0,500.0,213.0,500.0,388.0,123.0,9.0,500.0,9.0,500.0,500.0,500.0,500.0,500.0,107.0,500.0,9.0,500.0,267.0,500.0,500.0,241.0,500.0,500.0,167.0,500.0,286.0,166.0,500.0,10.0,500.0,500.0,500.0,500.0,500.0,9.0,158.0,500.0,317.0,500.0,500.0,225.0
1723,500.0,27.0,11.0,500.0,500.0,500.0,500.0,500.0,266.0,500.0,218.0,319.0,451.0,121.0,9.0,500.0,9.0,500.0,500.0,500.0,500.0,500.0,109.0,500.0,9.0,500.0,267.0,500.0,500.0,227.0,500.0,500.0,156.0,500.0,249.0,294.0,295.0,10.0,500.0,500.0,500.0,500.0,500.0,9.0,159.0,500.0,250.0,500.0,471.0,225.0
1724,500.0,27.0,11.0,500.0,500.0,412.0,500.0,500.0,266.0,306.0,221.0,500.0,500.0,126.0,9.0,500.0,9.0,500.0,500.0,500.0,500.0,500.0,109.0,500.0,9.0,500.0,284.0,500.0,500.0,236.0,500.0,500.0,152.0,500.0,197.0,230.0,500.0,10.0,500.0,500.0,500.0,500.0,450.0,9.0,357.0,500.0,256.0,500.0,490.0,236.0
1725,500.0,27.0,11.0,500.0,500.0,352.0,500.0,500.0,266.0,500.0,198.0,500.0,500.0,132.0,9.0,500.0,9.0,500.0,500.0,500.0,500.0,500.0,109.0,484.0,9.0,500.0,266.0,500.0,500.0,225.0,500.0,500.0,165.0,500.0,179.0,127.0,500.0,10.0,500.0,500.0,500.0,500.0,500.0,9.0,443.0,500.0,302.0,500.0,463.0,223.0
1726,500.0,27.0,11.0,500.0,500.0,500.0,500.0,500.0,266.0,500.0,217.0,500.0,328.0,131.0,9.0,308.0,9.0,500.0,500.0,500.0,500.0,500.0,107.0,500.0,9.0,500.0,278.0,500.0,500.0,224.0,500.0,500.0,154.0,500.0,168.0,328.0,500.0,10.0,500.0,500.0,500.0,500.0,372.0,9.0,190.0,410.0,225.0,500.0,500.0,230.0
1727,199.0,27.0,10.0,500.0,500.0,500.0,500.0,500.0,266.0,500.0,209.0,214.0,394.0,133.0,9.0,500.0,9.0,500.0,500.0,500.0,500.0,500.0,108.0,500.0,9.0,500.0,275.0,500.0,500.0,229.0,500.0,500.0,155.0,500.0,160.0,500.0,500.0,10.0,500.0,500.0,500.0,500.0,455.0,9.0,327.0,500.0,227.0,500.0,500.0,241.0
1728,500.0,27.0,10.0,500.0,500.0,500.0,500.0,500.0,266.0,500.0,227.0,457.0,500.0,134.0,9.0,500.0,9.0,500.0,500.0,500.0,500.0,500.0,110.0,500.0,9.0,500.0,286.0,500.0,500.0,221.0,500.0,500.0,149.0,500.0,146.0,257.0,500.0,10.0,500.0,500.0,500.0,500.0,366.0,9.0,253.0,500.0,270.0,500.0,500.0,236.0
1729,309.0,27.0,10.0,500.0,500.0,500.0,444.0,500.0,266.0,500.0,212.0,500.0,453.0,134.0,9.0,500.0,9.0,500.0,500.0,500.0,459.0,359.0,107.0,500.0,9.0,500.0,277.0,494.0,500.0,220.0,500.0,500.0,146.0,500.0,136.0,318.0,500.0,10.0,500.0,500.0,500.0,500.0,500.0,9.0,141.0,500.0,281.0,500.0,500.0,224.0
1730,500.0,27.0,10.0,500.0,500.0,500.0,500.0,500.0,266.0,486.0,225.0,500.0,452.0,145.0,9.0,500.0,9.0,500.0,500.0,500.0,500.0,500.0,109.0,500.0,9.0,500.0,275.0,500.0,500.0,219.0,500.0,500.0,145.0,500.0,127.0,234.0,146.0,10.0,500.0,500.0,500.0,500.0,500.0,9.0,412.0,500.0,273.0,500.0,500.0,245.0
1731,500.0,27.0,10.0,500.0,500.0,500.0,500.0,500.0,266.0,500.0,224.0,381.0,326.0,152.0,9.0,500.0,9.0,500.0,500.0,500.0,327.0,491.0,109.0,500.0,9.0,500.0,281.0,500.0,500.0,224.0,500.0,500.0,145.0,500.0,113.0,244.0,500.0,10.0,500.0,500.0,500.0,500.0,420.0,9.0,118.0,426.0,259.0,500.0,500.0,259.0
1732,365.0,27.0,10.0,500.0,500.0,500.0,500.0,500.0,266.0,459.0,255.0,231.0,500.0,154.0,9.0,500.0,9.0,500.0,500.0,500.0,500.0,213.0,109.0,500.0,9.0,500.0,289.0,279.0,500.0,217.0,500.0,500.0,147.0,500.0,115.0,500.0,500.0,10.0,500.0,500.0,500.0,500.0,500.0,9.0,116.0,500.0,272.0,500.0,500.0,235.0
1733,500.0,27.0,10.0,500.0,500.0,500.0,500.0,500.0,266.0,500.0,251.0,500.0,500.0,158.0,9.0,500.0,9.0,500.0,500.0,500.0,500.0,500.0,107.0,500.0,9.0,500.0,253.0,500.0,500.0,224.0,500.0,500.0,136.0,500.0,138.0,266.0,500.0,10.0,500.0,500.0,500.0,500.0,500.0,9.0,500.0,443.0,246.0,500.0,500.0,259.0
1734,500.0,27.0,10.0,500.0,500.0,241.0,500.0,500.0,266.0,391.0,238.0,221.0,500.0,157.0,9.0,500.0,9.0,500.0,500.0,500.0,500.0,500.0,110.0,500.0,9.0,500.0,296.0,156.0,500.0,218.0,500.0,500.0,140.0,500.0,123.0,188.0,500.0,10.0,500.0,500.0,500.0,500.0,500.0,9.0,328.0,500.0,223.0,500.0,500.0,275.0
1735,500.0,27.0,10.0,500.0,481.0,384.0,500.0,500.0,266.0,500.0,244.0,500.0,500.0,159.0,9.0,500.0,9.0,500.0,500.0,500.0,410.0,500.0,109.0,500.0,9.0,500.0,292.0,434.0,500.0,227.0,500.0,500.0,137.0,500.0,115.0,153.0,500.0,10.0,500.0,500.0,500.0,500.0,500.0,9.0,45.0,500.0,265.0,500.0,500.0,273.0
1736,500.0,27.0,10.0,500.0,439.0,500.0,500.0,500.0,266.0,500.0,279.0,500.0,393.0,157.0,9.0,500.0,9.0,500.0,500.0,500.0,500.0,500.0,110.0,500.0,9.0,500.0,293.0,500.0,500.0,228.0,500.0,500.0,134.0,500.0,101.0,500.0,500.0,10.0,500.0,500.0,500.0,500.0,500.0,9.0,102.0,436.0,272.0,500.0,500.0,263.0
1737,272.0,27.0,10.0,500.0,500.0,500.0,500.0,500.0,266.0,481.0,248.0,183.0,390.0,163.0,9.0,500.0,9.0,500.0,500.0,500.0,500.0,500.0,110.0,500.0,9.0,500.0,294.0,500.0,500.0,234.0,500.0,500.0,127.0,500.0,103.0,391.0,500.0,10.0,500.0,500.0,500.0,500.0,500.0,9.0,137.0,446.0,239.0,500.0,500.0,292.0
1738,500.0,27.0,10.0,500.0,500.0,500.0,500.0,500.0,266.0,500.0,289.0,500.0,394.0,160.0,9.0,500.0,9.0,500.0,500.0,500.0,500.0,500.0,112.0,500.0,9.0,500.0,289.0,500.0,500.0,231.0,500.0,500.0,128.0,500.0,96.0,272.0,500.0,10.0,500.0,500.0,500.0,500.0,500.0,9.0,152.0,500.0,272.0,500.0,500.0,323.0
1739,500.0,27.0,10.0,500.0,438.0,500.0,500.0,500.0,266.0,493.0,275.0,500.0,460.0,160.0,9.0,500.0,9.0,500.0,500.0,500.0,500.0,500.0,110.0,500.0,9.0,500.0,255.0,277.0,500.0,221.0,500.0,500.0,133.0,500.0,98.0,175.0,500.0,10.0,500.0,500.0,500.0,500.0,272.0,9.0,271.0,500.0,288.0,500.0,500.0,291.0
1740,500.0,27.0,10.0,500.0,299.0,500.0,500.0,500.0,266.0,456.0,263.0,500.0,500.0,167.0,9.0,500.0,9.0,500.0,500.0,500.0,500.0,362.0,109.0,500.0,9.0,500.0,299.0,500.0,500.0,234.0,500.0,500.0,127.0,500.0,104.0,500.0,500.0,10.0,500.0,500.0,500.0,500.0,500.0,9.0,285.0,322.0,257.0,500.0,500.0,280.0
1741,500.0,27.0,10.0,500.0,492.0,500.0,500.0,500.0,266.0,500.0,285.0,500.0,500.0,159.0,9.0,426.0,9.0,500.0,500.0,500.0,500.0,500.0,109.0,500.0,9.0,500.0,256.0,500.0,500.0,235.0,500.0,500.0,127.0,500.0,99.0,151.0,500.0,10.0,500.0,500.0,500.0,500.0,500.0,9.0,163.0,500.0,232.0,500.0,500.0,313.0
1742,500.0,27.0,10.0,500.0,370.0,500.0,500.0,500.0,266.0,500.0,280.0,316.0,394.0,166.0,9.0,500.0,9.0,500.0,500.0,500.0,500.0,500.0,114.0,452.0,9.0,500.0,304.0,472.0,500.0,241.0,500.0,500.0,128.0,500.0,102.0,500.0,500.0,10.0,500.0,500.0,500.0,500.0,500.0,9.0,398.0,438.0,256.0,500.0,500.0,342.0
1743,500.0,27.0,10.0,500.0,466.0,500.0,454.0,500.0,266.0,487.0,294.0,346.0,475.0,170.0,9.0,500.0,9.0,500.0,500.0,500.0,500.0,500.0,110.0,500.0,9.0,500.0,257.0,500.0,500.0,231.0,500.0,500.0,125.0,500.0,99.0,103.0,500.0,10.0,500.0,500.0,500.0,500.0,500.0,9.0,355.0,433.0,254.0,500.0,500.0,320.0
1744,500.0,27.0,10.0,500.0,431.0,500.0,162.0,500.0,266.0,500.0,272.0,431.0,460.0,164.0,9.0,367.0,9.0,500.0,500.0,500.0,500.0,500.0,112.0,500.0,9.0,500.0,257.0,453.0,500.0,235.0,500.0,500.0,125.0,500.0,100.0,352.0,500.0,10.0,500.0,500.0,500.0,500.0,412.0,9.0,297.0,316.0,280.0,500.0,500.0,354.0
1745,500.0,27.0,10.0,500.0,500.0,500.0,391.0,500.0,266.0,500.0,308.0,500.0,500.0,170.0,9.0,500.0,9.0,500.0,500.0,500.0,500.0,500.0,110.0,500.0,9.0,500.0,257.0,270.0,500.0,241.0,500.0,500.0,125.0,500.0,100.0,351.0,500.0,10.0,500.0,500.0,500.0,500.0,500.0,9.0,203.0,500.0,284.0,500.0,500.0,323.0
1746,500.0,27.0,10.0,500.0,423.0,355.0,500.0,500.0,266.0,360.0,283.0,447.0,500.0,166.0,9.0,421.0,9.0,500.0,500.0,500.0,500.0,500.0,111.0,500.0,9.0,500.0,257.0,454.0,500.0,229.0,500.0,500.0,125.0,500.0,100.0,237.0,500.0,10.0,500.0,500.0,500.0,500.0,500.0,9.0,158.0,414.0,279.0,500.0,500.0,335.0
1747,500.0,27.0,10.0,500.0,500.0,500.0,500.0,500.0,266.0,500.0,303.0,236.0,500.0,166.0,9.0,500.0,9.0,500.0,500.0,500.0,443.0,500.0,107.0,500.0,9.0,500.0,299.0,494.0,500.0,227.0,500.0,500.0,122.0,500.0,100.0,500.0,500.0,10.0,500.0,500.0,500.0,500.0,411.0,9.0,100.0,500.0,246.0,500.0,500.0,342.0
1748,500.0,27.0,10.0,500.0,500.0,500.0,500.0,500.0,266.0,332.0,291.0,500.0,500.0,168.0,9.0,500.0,9.0,500.0,500.0,500.0,500.0,437.0,107.0,500.0,9.0,500.0,302.0,271.0,500.0,235.0,500.0,500.0,125.0,500.0,103.0,281.0,500.0,10.0,500.0,500.0,500.0,500.0,500.0,9.0,178.0,500.0,226.0,500.0,500.0,346.0
1749,500.0,27.0,10.0,500.0,500.0,500.0,500.0,500.0,266.0,363.0,339.0,500.0,500.0,167.0,9.0,500.0,9.0,500.0,500.0,500.0,500.0,402.0,107.0,500.0,9.0,500.0,283.0,315.0,500.0,229.0,500.0,500.0,124.0,500.0,103.0,232.0,500.0,10.0,500.0,500.0,500.0,500.0,500.0,9.0,224.0,500.0,231.0,500.0,500.0,344.0
1750,500.0,27.0,10.0,500.0,500.0,500.0,500.0,500.0,266.0,467.0,279.0,500.0,418.0,174.0,9.0,472.0,9.0,500.0,500.0,500.0,500.0,500.0,53.0,500.0,9.0,500.0,311.0,500.0,500.0,237.0,500.0,500.0,122.0,500.0,108.0,198.0,500.0,10.0,500.0,500.0,500.0,500.0,500.0,9.0,137.0,500.0,242.0,500.0,500.0,336.0
1751,500.0,27.0,10.0,500.0,500.0,461.0,500.0,500.0,266.0,368.0,368.0,500.0,407.0,170.0,9.0,395.0,9.0,500.0,500.0,500.0,500.0,500.0,53.0,500.0,9.0,500.0,299.0,500.0,500.0,241.0,500.0,500.0,126.0,500.0,109.0,371.0,500.0,10.0,500.0,500.0,500.0,352.0,237.0,9.0,192.0,500.0,237.0,500.0,500.0,325.0
1752,500.0,27.0,10.0,500.0,500.0,500.0,486.0,500.0,266.0,500.0,368.0,462.0,500.0,170.0,9.0,500.0,9.0,500.0,500.0,500.0,500.0,500.0,53.0,500.0,9.0,500.0,304.0,453.0,500.0,240.0,500.0,500.0,119.0,500.0,117.0,164.0,500.0,10.0,500.0,500.0,500.0,500.0,500.0,9.0,240.0,500.0,150.0,500.0,500.0,339.0
1753,500.0,27.0,10.0,500.0,500.0,500.0,500.0,500.0,266.0,500.0,393.0,500.0,500.0,170.0,9.0,221.0,9.0,500.0,500.0,500.0,500.0,500.0,53.0,500.0,9.0,500.0,294.0,383.0,500.0,239.0,500.0,500.0,128.0,500.0,117.0,500.0,500.0,10.0,500.0,500.0,500.0,264.0,500.0,9.0,356.0,440.0,207.0,500.0,500.0,320.0
1754,500.0,27.0,10.0,500.0,500.0,500.0,500.0,500.0,266.0,500.0,500.0,334.0,500.0,169.0,9.0,391.0,9.0,500.0,500.0,500.0,500.0,500.0,53.0,500.0,9.0,500.0,292.0,469.0,500.0,228.0,500.0,500.0,125.0,500.0,120.0,378.0,500.0,10.0,500.0,500.0,500.0,289.0,500.0,9.0,500.0,500.0,175.0,500.0,500.0,357.0
1755,500.0,27.0,10.0,500.0,500.0,500.0,473.0,500.0,266.0,214.0,500.0,500.0,500.0,168.0,9.0,481.0,9.0,500.0,500.0,500.0,500.0,500.0,53.0,243.0,9.0,500.0,301.0,500.0,500.0,239.0,500.0,500.0,123.0,500.0,122.0,193.0,500.0,10.0,500.0,500.0,500.0,376.0,500.0,9.0,499.0,500.0,212.0,500.0,500.0,306.0
1756,500.0,27.0,10.0,500.0,500.0,500.0,500.0,500.0,266.0,500.0,500.0,500.0,500.0,169.0,9.0,500.0,9.0,500.0,500.0,500.0,500.0,486.0,53.0,500.0,9.0,500.0,297.0,500.0,500.0,228.0,500.0,500.0,125.0,500.0,127.0,196.0,500.0,10.0,500.0,500.0,500.0,432.0,473.0,9.0,500.0,500.0,164.0,500.0,500.0,352.0
1757,500.0,27.0,10.0,500.0,500.0,390.0,500.0,500.0,266.0,500.0,500.0,500.0,500.0,169.0,9.0,500.0,9.0,500.0,500.0,500.0,500.0,500.0,53.0,500.0,9.0,500.0,299.0,500.0,500.0,230.0,500.0,500.0,127.0,500.0,124.0,288.0,500.0,10.0,500.0,500.0,500.0,491.0,500.0,9.0,479.0,394.0,188.0,500.0,500.0,346.0
1758,500.0,27.0,10.0,500.0,500.0,500.0,500.0,500.0,266.0,246.0,500.0,418.0,500.0,172.0,9.0,500.0,9.0,500.0,500.0,500.0,500.0,471.0,53.0,500.0,9.0,500.0,303.0,500.0,500.0,230.0,500.0,500.0,122.0,473.0,124.0,343.0,500.0,10.0,500.0,500.0,500.0,500.0,500.0,9.0,288.0,500.0,198.0,500.0,500.0,337.0
1759,500.0,27.0,10.0,500.0,500.0,500.0,500.0,500.0,266.0,194.0,500.0,500.0,500.0,167.0,9.0,496.0,9.0,500.0,500.0,500.0,500.0,500.0,42.0,500.0,9.0,500.0,303.0,500.0,500.0,252.0,500.0,500.0,124.0,500.0,129.0,155.0,500.0,10.0,500.0,500.0,500.0,500.0,500.0,9.0,404.0,500.0,230.0,500.0,500.0,330.0
1760,391.0,27.0,10.0,500.0,500.0,500.0,500.0,500.0,266.0,500.0,500.0,500.0,500.0,171.0,9.0,500.0,9.0,500.0,500.0,500.0,500.0,500.0,42.0,421.0,9.0,500.0,296.0,500.0,500.0,247.0,500.0,500.0,121.0,500.0,132.0,128.0,500.0,10.0,500.0,500.0,500.0,500.0,227.0,9.0,233.0,500.0,205.0,500.0,500.0,351.0
1761,500.0,27.0,10.0,500.0,500.0,500.0,500.0,500.0,266.0,410.0,500.0,500.0,454.0,162.0,9.0,500.0,9.0,500.0,500.0,500.0,484.0,500.0,49.0,500.0,9.0,500.0,290.0,500.0,500.0,237.0,500.0,500.0,124.0,500.0,132.0,279.0,500.0,10.0,500.0,500.0,500.0,500.0,500.0,9.0,326.0,460.0,233.0,500.0,500.0,352.0
1762,500.0,27.0,10.0,500.0,500.0,500.0,500.0,500.0,266.0,500.0,500.0,500.0,500.0,168.0,9.0,500.0,9.0,500.0,500.0,500.0,500.0,500.0,42.0,500.0,9.0,500.0,298.0,500.0,500.0,230.0,500.0,500.0,121.0,500.0,135.0,197.0,500.0,10.0,500.0,500.0,500.0,500.0,500.0,9.0,500.0,500.0,158.0,500.0,500.0,331.0
1763,500.0,27.0,10.0,500.0,500.0,500.0,500.0,500.0,266.0,500.0,500.0,500.0,500.0,163.0,9.0,500.0,9.0,500.0,500.0,500.0,500.0,500.0,49.0,500.0,9.0,500.0,301.0,500.0,500.0,242.0,500.0,500.0,121.0,500.0,131.0,227.0,489.0,10.0,500.0,500.0,500.0,500.0,377.0,9.0,195.0,500.0,132.0,500.0,500.0,340.0
1764,500.0,27.0,10.0,500.0,500.0,500.0,500.0,500.0,266.0,500.0,500.0,500.0,500.0,175.0,9.0,500.0,9.0,500.0,500.0,500.0,500.0,500.0,42.0,500.0,9.0,500.0,288.0,500.0,500.0,239.0,500.0,500.0,123.0,500.0,143.0,322.0,500.0,10.0,500.0,500.0,500.0,500.0,500.0,9.0,394.0,500.0,152.0,500.0,500.0,373.0
1765,500.0,27.0,10.0,500.0,500.0,500.0,500.0,500.0,266.0,500.0,500.0,464.0,500.0,169.0,9.0,500.0,9.0,500.0,500.0,500.0,500.0,385.0,53.0,500.0,9.0,500.0,268.0,500.0,500.0,227.0,500.0,500.0,119.0,500.0,141.0,433.0,500.0,10.0,500.0,500.0,500.0,500.0,500.0,9.0,328.0,500.0,153.0,500.0,500.0,361.0
1766,500.0,27.0,10.0,500.0,500.0,500.0,500.0,500.0,266.0,500.0,500.0,500.0,500.0,175.0,9.0,483.0,9.0,500.0,500.0,500.0,203.0,500.0,53.0,500.0,9.0,500.0,290.0,500.0,500.0,237.0,500.0,500.0,126.0,500.0,141.0,151.0,500.0,10.0,500.0,500.0,500.0,500.0,341.0,9.0,132.0,500.0,153.0,500.0,500.0,409.0
1767,500.0,27.0,10.0,500.0,500.0,480.0,500.0,500.0,266.0,500.0,500.0,500.0,500.0,172.0,9.0,250.0,9.0,500.0,500.0,500.0,500.0,500.0,53.0,500.0,9.0,500.0,298.0,262.0,500.0,225.0,500.0,500.0,120.0,500.0,151.0,355.0,500.0,10.0,500.0,500.0,500.0,500.0,158.0,9.0,324.0,406.0,230.0,500.0,500.0,372.0
1768,223.0,27.0,10.0,500.0,500.0,500.0,500.0,500.0,266.0,331.0,500.0,500.0,500.0,171.0,9.0,500.0,9.0,500.0,500.0,500.0,500.0,500.0,106.0,500.0,9.0,500.0,285.0,500.0,500.0,225.0,500.0,500.0,125.0,500.0,163.0,188.0,500.0,10.0,500.0,500.0,500.0,500.0,500.0,9.0,165.0,500.0,217.0,500.0,500.0,389.0
1769,500.0,27.0,10.0,500.0,500.0,500.0,500.0,500.0,266.0,500.0,500.0,500.0,500.0,173.0,9.0,441.0,9.0,500.0,500.0,500.0,500.0,500.0,53.0,500.0,9.0,500.0,297.0,311.0,500.0,221.0,500.0,500.0,125.0,500.0,171.0,212.0,500.0,10.0,500.0,500.0,500.0,500.0,500.0,9.0,293.0,487.0,137.0,500.0,500.0,426.0
1770,500.0,27.0,10.0,500.0,500.0,333.0,500.0,500.0,266.0,500.0,500.0,500.0,500.0,172.0,9.0,500.0,9.0,500.0,500.0,500.0,500.0,500.0,53.0,500.0,9.0,500.0,297.0,306.0,500.0,224.0,500.0,500.0,123.0,500.0,182.0,405.0,500.0,10.0,500.0,17.0,500.0,500.0,500.0,9.0,379.0,500.0,166.0,500.0,500.0,402.0
1771,500.0,27.0,10.0,500.0,500.0,500.0,500.0,500.0,266.0,500.0,500.0,500.0,500.0,177.0,9.0,476.0,9.0,500.0,500.0,500.0,500.0,500.0,107.0,500.0,9.0,500.0,301.0,346.0,500.0,222.0,500.0,500.0,124.0,500.0,203.0,262.0,500.0,10.0,500.0,500.0,500.0,500.0,265.0,9.0,337.0,500.0,202.0,500.0,500.0,437.0
1772,338.0,27.0,10.0,500.0,500.0,500.0,500.0,500.0,266.0,500.0,500.0,500.0,500.0,182.0,9.0,500.0,9.0,500.0,500.0,500.0,500.0,500.0,107.0,500.0,9.0,500.0,263.0,262.0,500.0,228.0,500.0,500.0,122.0,429.0,206.0,206.0,500.0,10.0,500.0,500.0,500.0,500.0,348.0,9.0,465.0,500.0,218.0,500.0,500.0,429.0
1773,500.0,27.0,10.0,500.0,500.0,500.0,500.0,500.0,266.0,500.0,500.0,500.0,500.0,176.0,9.0,500.0,9.0,500.0,500.0,500.0,500.0,291.0,108.0,500.0,9.0,500.0,292.0,500.0,500.0,222.0,500.0,500.0,125.0,500.0,214.0,220.0,500.0,10.0,500.0,500.0,500.0,500.0,500.0,9.0,500.0,500.0,229.0,500.0,500.0,409.0
1774,500.0,27.0,10.0,500.0,500.0,500.0,500.0,500.0,266.0,500.0,500.0,500.0,500.0,179.0,9.0,500.0,9.0,500.0,500.0,500.0,500.0,500.0,110.0,453.0,9.0,500.0,262.0,500.0,500.0,219.0,500.0,500.0,127.0,487.0,219.0,276.0,500.0,10.0,500.0,500.0,500.0,500.0,500.0,9.0,294.0,500.0,214.0,500.0,500.0,414.0
1775,500.0,27.0,10.0,500.0,500.0,500.0,500.0,500.0,266.0,500.0,500.0,500.0,500.0,184.0,9.0,500.0,9.0,500.0,500.0,500.0,500.0,492.0,111.0,298.0,9.0,500.0,297.0,500.0,189.0,230.0,500.0,500.0,124.0,500.0,222.0,146.0,500.0,10.0,500.0,500.0,500.0,500.0,500.0,9.0,195.0,500.0,206.0,500.0,500.0,454.0
1776,500.0,27.0,10.0,500.0,500.0,500.0,500.0,500.0,266.0,500.0,500.0,500.0,500.0,188.0,9.0,500.0,9.0,500.0,500.0,500.0,500.0,319.0,110.0,500.0,9.0,500.0,303.0,500.0,500.0,224.0,500.0,500.0,129.0,449.0,224.0,262.0,500.0,10.0,500.0,500.0,500.0,500.0,500.0,9.0,251.0,500.0,249.0,500.0,500.0,478.0
1777,500.0,27.0,10.0,500.0,500.0,500.0,451.0,500.0,266.0,500.0,500.0,286.0,451.0,183.0,9.0,500.0,9.0,500.0,500.0,500.0,177.0,480.0,109.0,500.0,9.0,500.0,291.0,500.0,500.0,233.0,500.0,500.0,127.0,353.0,224.0,313.0,500.0,10.0,500.0,500.0,500.0,500.0,500.0,9.0,407.0,500.0,192.0,500.0,500.0,497.0
1778,500.0,27.0,10.0,500.0,500.0,500.0,500.0,500.0,266.0,500.0,500.0,375.0,500.0,184.0,9.0,500.0,9.0,500.0,500.0,500.0,197.0,500.0,110.0,500.0,9.0,500.0,298.0,500.0,500.0,231.0,500.0,500.0,127.0,367.0,221.0,275.0,500.0,10.0,500.0,500.0,500.0,500.0,500.0,9.0,184.0,500.0,186.0,500.0,500.0,479.0
1779,397.0,27.0,10.0,500.0,500.0,385.0,500.0,500.0,266.0,465.0,500.0,316.0,500.0,183.0,9.0,451.0,9.0,500.0,500.0,500.0,500.0,430.0,115.0,500.0,9.0,500.0,295.0,171.0,500.0,230.0,500.0,500.0,127.0,500.0,218.0,500.0,500.0,10.0,500.0,500.0,500.0,500.0,500.0,9.0,153.0,500.0,195.0,500.0,500.0,500.0
1780,485.0,27.0,10.0,500.0,500.0,500.0,500.0,500.0,266.0,500.0,500.0,393.0,500.0,188.0,9.0,500.0,9.0,500.0,500.0,500.0,199.0,500.0,110.0,500.0,9.0,500.0,253.0,500.0,500.0,230.0,500.0,500.0,129.0,383.0,227.0,500.0,398.0,10.0,500.0,500.0,500.0,500.0,500.0,9.0,442.0,500.0,228.0,500.0,500.0,500.0
1781,500.0,27.0,10.0,500.0,500.0,500.0,500.0,500.0,266.0,455.0,500.0,500.0,500.0,185.0,9.0,500.0,9.0,500.0,500.0,500.0,500.0,500.0,112.0,500.0,9.0,500.0,298.0,500.0,500.0,247.0,500.0,500.0,129.0,484.0,218.0,345.0,500.0,10.0,500.0,500.0,500.0,500.0,500.0,9.0,500.0,500.0,226.0,500.0,500.0,500.0
1782,500.0,27.0,10.0,500.0,500.0,500.0,500.0,500.0,266.0,376.0,500.0,500.0,500.0,192.0,9.0,500.0,9.0,500.0,500.0,500.0,183.0,500.0,115.0,500.0,9.0,500.0,305.0,437.0,500.0,239.0,500.0,500.0,128.0,425.0,214.0,295.0,420.0,10.0,500.0,500.0,500.0,500.0,500.0,9.0,353.0,500.0,274.0,500.0,500.0,500.0
1783,301.0,27.0,10.0,500.0,500.0,500.0,500.0,500.0,266.0,500.0,500.0,213.0,500.0,192.0,9.0,500.0,9.0,500.0,500.0,500.0,500.0,500.0,113.0,500.0,9.0,500.0,298.0,500.0,500.0,233.0,500.0,500.0,128.0,441.0,200.0,247.0,500.0,10.0,500.0,500.0,500.0,500.0,367.0,9.0,154.0,500.0,221.0,500.0,500.0,500.0
1784,500.0,27.0,10.0,500.0,500.0,407.0,500.0,500.0,266.0,490.0,500.0,416.0,500.0,194.0,9.0,500.0,9.0,500.0,500.0,500.0,500.0,500.0,117.0,500.0,9.0,500.0,298.0,500.0,500.0,246.0,500.0,500.0,126.0,403.0,197.0,204.0,500.0,10.0,500.0,500.0,500.0,500.0,354.0,9.0,294.0,500.0,237.0,500.0,500.0,500.0
1785,500.0,27.0,10.0,500.0,500.0,500.0,500.0,500.0,266.0,500.0,500.0,500.0,500.0,205.0,9.0,415.0,9.0,500.0,500.0,500.0,500.0,500.0,117.0,500.0,9.0,500.0,246.0,500.0,500.0,239.0,500.0,500.0,129.0,422.0,182.0,195.0,500.0,10.0,500.0,500.0,500.0,500.0,500.0,9.0,438.0,500.0,258.0,500.0,500.0,500.0
1786,424.0,27.0,10.0,500.0,500.0,500.0,500.0,500.0,266.0,500.0,500.0,500.0,500.0,196.0,9.0,428.0,9.0,500.0,500.0,500.0,326.0,500.0,118.0,500.0,9.0,500.0,289.0,500.0,500.0,267.0,500.0,500.0,127.0,370.0,175.0,500.0,500.0,10.0,500.0,500.0,500.0,500.0,500.0,9.0,496.0,500.0,225.0,500.0,500.0,500.0
1787,500.0,27.0,10.0,500.0,500.0,500.0,500.0,500.0,266.0,500.0,500.0,500.0,500.0,203.0,9.0,500.0,9.0,500.0,500.0,500.0,500.0,425.0,117.0,500.0,9.0,500.0,298.0,500.0,500.0,267.0,500.0,500.0,127.0,422.0,177.0,234.0,500.0,10.0,500.0,500.0,500.0,500.0,500.0,9.0,500.0,500.0,237.0,500.0,500.0,500.0
1788,425.0,27.0,10.0,500.0,500.0,500.0,500.0,500.0,266.0,500.0,500.0,500.0,500.0,206.0,9.0,500.0,9.0,500.0,500.0,500.0,500.0,500.0,117.0,500.0,9.0,500.0,303.0,500.0,500.0,273.0,500.0,500.0,130.0,360.0,171.0,500.0,333.0,10.0,500.0,500.0,500.0,500.0,500.0,9.0,353.0,500.0,234.0,500.0,500.0,500.0
1789,500.0,27.0,10.0,500.0,500.0,500.0,500.0,500.0,266.0,500.0,500.0,500.0,500.0,203.0,9.0,208.0,9.0,500.0,500.0,500.0,490.0,500.0,117.0,500.0,9.0,500.0,298.0,500.0,500.0,280.0,500.0,500.0,129.0,436.0,175.0,209.0,500.0,10.0,500.0,500.0,500.0,500.0,500.0,9.0,217.0,500.0,285.0,500.0,500.0,500.0
1790,500.0,27.0,10.0,500.0,500.0,500.0,500.0,500.0,266.0,473.0,500.0,500.0,500.0,208.0,9.0,500.0,9.0,500.0,500.0,500.0,184.0,296.0,117.0,415.0,9.0,500.0,299.0,122.0,500.0,293.0,500.0,500.0,127.0,429.0,167.0,367.0,500.0,10.0,500.0,500.0,500.0,500.0,500.0,9.0,222.0,500.0,273.0,500.0,500.0,500.0
1791,363.0,27.0,10.0,500.0,500.0,377.0,500.0,500.0,266.0,500.0,500.0,500.0,500.0,208.0,9.0,500.0,9.0,500.0,500.0,500.0,500.0,500.0,117.0,500.0,9.0,500.0,296.0,380.0,500.0,299.0,500.0,500.0,134.0,408.0,167.0,105.0,500.0,10.0,500.0,500.0,500.0,500.0,500.0,9.0,201.0,500.0,256.0,500.0,500.0,500.0
1792,500.0,27.0,10.0,500.0,500.0,500.0,500.0,500.0,266.0,500.0,500.0,334.0,500.0,199.0,9.0,500.0,9.0,500.0,500.0,500.0,500.0,500.0,117.0,500.0,9.0,500.0,290.0,206.0,500.0,312.0,500.0,500.0,129.0,422.0,169.0,500.0,500.0,10.0,500.0,500.0,500.0,500.0,313.0,9.0,124.0,500.0,233.0,500.0,500.0,500.0
1793,500.0,27.0,10.0,500.0,500.0,500.0,500.0,500.0,266.0,500.0,500.0,500.0,500.0,209.0,9.0,470.0,9.0,500.0,500.0,500.0,183.0,500.0,118.0,500.0,9.0,500.0,296.0,500.0,500.0,316.0,500.0,500.0,135.0,500.0,163.0,369.0,500.0,10.0,500.0,500.0,500.0,500.0,461.0,9.0,312.0,500.0,273.0,500.0,500.0,500.0
1794,145.0,27.0,10.0,500.0,500.0,500.0,500.0,500.0,266.0,500.0,500.0,500.0,500.0,206.0,9.0,223.0,9.0,500.0,500.0,500.0,500.0,390.0,119.0,482.0,9.0,500.0,297.0,500.0,500.0,318.0,291.0,500.0,134.0,500.0,165.0,185.0,500.0,10.0,500.0,500.0,500.0,500.0,341.0,9.0,347.0,500.0,269.0,500.0,500.0,500.0
1795,500.0,27.0,10.0,500.0,500.0,347.0,500.0,500.0,266.0,500.0,500.0,500.0,500.0,207.0,9.0,500.0,9.0,500.0,500.0,500.0,500.0,500.0,118.0,500.0,9.0,500.0,304.0,400.0,500.0,326.0,500.0,500.0,130.0,500.0,163.0,312.0,500.0,10.0,500.0,500.0,500.0,500.0,500.0,9.0,115.0,500.0,258.0,500.0,500.0,500.0
1796,500.0,27.0,10.0,500.0,500.0,500.0,500.0,500.0,266.0,500.0,500.0,500.0,500.0,223.0,9.0,500.0,9.0,500.0,500.0,500.0,500.0,500.0,118.0,241.0,9.0,500.0,299.0,500.0,500.0,325.0,500.0,500.0,134.0,433.0,165.0,442.0,500.0,10.0,500.0,500.0,500.0,500.0,500.0,9.0,500.0,500.0,262.0,500.0,500.0,500.0
1797,500.0,27.0,10.0,500.0,500.0,500.0,500.0,500.0,266.0,500.0,500.0,289.0,500.0,226.0,9.0,500.0,9.0,500.0,500.0,500.0,500.0,324.0,119.0,494.0,9.0,500.0,298.0,500.0,500.0,314.0,500.0,500.0,133.0,500.0,161.0,500.0,474.0,10.0,500.0,500.0,500.0,500.0,189.0,9.0,302.0,500.0,270.0,500.0,500.0,500.0
1798,500.0,27.0,10.0,500.0,500.0,500.0,500.0,500.0,266.0,500.0,500.0,500.0,500.0,215.0,9.0,330.0,9.0,500.0,500.0,500.0,437.0,500.0,119.0,500.0,9.0,500.0,304.0,303.0,500.0,355.0,500.0,500.0,135.0,418.0,160.0,278.0,500.0,10.0,500.0,500.0,500.0,500.0,500.0,9.0,449.0,500.0,251.0,500.0,500.0,500.0
1799,500.0,27.0,10.0,500.0,500.0,440.0,500.0,500.0,266.0,500.0,500.0,346.0,500.0,222.0,9.0,500.0,9.0,500.0,500.0,500.0,500.0,500.0,119.0,500.0,9.0,500.0,291.0,500.0,500.0,322.0,500.0,500.0,134.0,456.0,166.0,451.0,458.0,10.0,500.0,500.0,500.0,500.0,500.0,9.0,179.0,500.0,344.0,500.0,500.0,500.0
1800,435.0,27.0,10.0,500.0,500.0,500.0,500.0,500.0,266.0,500.0,500.0,500.0,500.0,214.0,9.0,500.0,9.0,500.0,500.0,500.0,500.0,165.0,120.0,500.0,9.0,500.0,304.0,500.0,500.0,344.0,500.0,500.0,134.0,387.0,157.0,215.0,500.0,10.0,500.0,500.0,500.0,500.0,500.0,9.0,117.0,500.0,401.0,500.0,500.0,500.0
1801,500.0,27.0,10.0,500.0,500.0,500.0,500.0,500.0,266.0,500.0,500.0,350.0,500.0,215.0,9.0,500.0,9.0,500.0,500.0,500.0,314.0,436.0,120.0,500.0,9.0,500.0,299.0,500.0,500.0,322.0,500.0,500.0,135.0,399.0,159.0,464.0,500.0,10.0,500.0,500.0,500.0,500.0,500.0,9.0,467.0,500.0,332.0,500.0,500.0,500.0
1802,500.0,27.0,10.0,500.0,500.0,500.0,500.0,500.0,266.0,500.0,500.0,449.0,500.0,230.0,9.0,500.0,9.0,500.0,500.0,500.0,500.0,450.0,119.0,500.0,9.0,500.0,303.0,500.0,500.0,389.0,500.0,119.0,134.0,454.0,160.0,211.0,500.0,10.0,500.0,500.0,500.0,500.0,500.0,9.0,303.0,500.0,316.0,500.0,500.0,500.0
1803,500.0,27.0,10.0,500.0,500.0,500.0,500.0,500.0,266.0,500.0,500.0,500.0,500.0,223.0,9.0,500.0,9.0,500.0,500.0,500.0,500.0,500.0,119.0,500.0,9.0,500.0,305.0,500.0,500.0,334.0,500.0,500.0,136.0,455.0,163.0,321.0,500.0,10.0,500.0,500.0,500.0,500.0,492.0,9.0,346.0,500.0,398.0,500.0,500.0,500.0
1804,183.0,27.0,10.0,500.0,500.0,500.0,500.0,500.0,266.0,500.0,500.0,500.0,500.0,216.0,9.0,487.0,9.0,500.0,500.0,500.0,500.0,500.0,120.0,500.0,9.0,500.0,301.0,451.0,500.0,417.0,500.0,500.0,133.0,389.0,161.0,228.0,500.0,10.0,500.0,500.0,500.0,500.0,500.0,9.0,336.0,500.0,500.0,500.0,500.0,500.0
1805,500.0,27.0,10.0,500.0,500.0,500.0,500.0,500.0,266.0,500.0,500.0,500.0,500.0,233.0,9.0,500.0,9.0,500.0,500.0,500.0,500.0,294.0,119.0,500.0,9.0,500.0,311.0,500.0,500.0,435.0,500.0,500.0,134.0,389.0,169.0,500.0,500.0,10.0,500.0,500.0,500.0,500.0,500.0,9.0,135.0,500.0,500.0,500.0,500.0,500.0
1806,500.0,27.0,10.0,500.0,500.0,500.0,500.0,500.0,266.0,500.0,500.0,500.0,500.0,224.0,9.0,365.0,9.0,500.0,500.0,500.0,500.0,500.0,120.0,500.0,9.0,500.0,303.0,500.0,500.0,461.0,500.0,500.0,130.0,383.0,167.0,272.0,249.0,10.0,500.0,500.0,500.0,500.0,318.0,9.0,500.0,500.0,463.0,500.0,500.0,500.0
1807,500.0,27.0,10.0,500.0,500.0,500.0,500.0,500.0,266.0,500.0,500.0,500.0,500.0,229.0,9.0,500.0,9.0,500.0,500.0,500.0,401.0,204.0,120.0,500.0,9.0,500.0,257.0,338.0,500.0,495.0,485.0,500.0,132.0,365.0,170.0,500.0,500.0,10.0,500.0,500.0,500.0,500.0,500.0,9.0,282.0,500.0,500.0,500.0,500.0,500.0
1808,500.0,27.0,10.0,500.0,500.0,500.0,500.0,500.0,266.0,500.0,500.0,358.0,500.0,240.0,9.0,500.0,9.0,500.0,500.0,500.0,391.0,500.0,118.0,500.0,9.0,500.0,257.0,343.0,500.0,500.0,500.0,500.0,133.0,500.0,172.0,277.0,500.0,10.0,500.0,500.0,500.0,500.0,419.0,9.0,441.0,500.0,500.0,500.0,500.0,500.0
1809,374.0,27.0,10.0,500.0,500.0,500.0,500.0,500.0,266.0,500.0,500.0,500.0,500.0,237.0,9.0,500.0,9.0,500.0,500.0,500.0,500.0,500.0,118.0,500.0,9.0,500.0,301.0,500.0,500.0,500.0,500.0,500.0,129.0,399.0,173.0,235.0,500.0,10.0,500.0,500.0,500.0,500.0,500.0,9.0,500.0,500.0,500.0,500.0,500.0,500.0
1810,500.0,27.0,10.0,500.0,500.0,500.0,500.0,500.0,266.0,500.0,467.0,500.0,500.0,241.0,9.0,500.0,9.0,500.0,500.0,500.0,500.0,500.0,119.0,500.0,9.0,500.0,299.0,500.0,440.0,500.0,500.0,500.0,131.0,500.0,170.0,131.0,500.0,10.0,500.0,500.0,500.0,500.0,500.0,9.0,122.0,500.0,50.0,500.0,500.0,500.0
1811,500.0,27.0,10.0,500.0,500.0,500.0,500.0,500.0,266.0,500.0,500.0,500.0,500.0,255.0,9.0,328.0,9.0,500.0,500.0,500.0,500.0,500.0,117.0,500.0,9.0,500.0,298.0,230.0,500.0,500.0,500.0,500.0,131.0,466.0,174.0,417.0,500.0,10.0,500.0,500.0,500.0,500.0,500.0,9.0,500.0,500.0,500.0,500.0,500.0,500.0
1812,500.0,27.0,10.0,500.0,500.0,448.0,500.0,500.0,266.0,500.0,403.0,297.0,500.0,247.0,9.0,500.0,9.0,500.0,500.0,500.0,500.0,500.0,118.0,500.0,9.0,500.0,302.0,500.0,500.0,500.0,500.0,500.0,125.0,480.0,171.0,405.0,500.0,10.0,500.0,500.0,500.0,500.0,500.0,9.0,172.0,500.0,500.0,500.0,500.0,500.0
1813,312.0,27.0,10.0,500.0,500.0,500.0,500.0,500.0,266.0,500.0,489.0,500.0,500.0,250.0,9.0,500.0,9.0,500.0,500.0,500.0,500.0,291.0,118.0,500.0,9.0,500.0,303.0,500.0,479.0,500.0,500.0,500.0,127.0,500.0,175.0,371.0,500.0,10.0,500.0,500.0,500.0,500.0,500.0,9.0,500.0,500.0,500.0,500.0,500.0,500.0
1814,500.0,27.0,10.0,500.0,500.0,500.0,500.0,500.0,266.0,462.0,489.0,500.0,500.0,268.0,9.0,500.0,9.0,500.0,500.0,500.0,312.0,500.0,118.0,500.0,9.0,500.0,306.0,500.0,500.0,500.0,500.0,500.0,130.0,500.0,180.0,299.0,500.0,10.0,500.0,500.0,500.0,500.0,500.0,9.0,500.0,500.0,500.0,500.0,500.0,500.0
1815,370.0,27.0,10.0,500.0,500.0,500.0,500.0,500.0,266.0,500.0,422.0,301.0,500.0,256.0,9.0,500.0,9.0,500.0,500.0,500.0,365.0,500.0,117.0,500.0,9.0,500.0,306.0,500.0,500.0,500.0,500.0,500.0,133.0,473.0,184.0,414.0,500.0,10.0,500.0,500.0,500.0,500.0,500.0,9.0,150.0,500.0,419.0,500.0,500.0,500.0
1816,500.0,27.0,10.0,500.0,500.0,500.0,500.0,500.0,266.0,500.0,415.0,500.0,500.0,274.0,9.0,362.0,9.0,500.0,500.0,500.0,422.0,500.0,118.0,500.0,9.0,500.0,302.0,500.0,500.0,500.0,500.0,500.0,131.0,373.0,184.0,500.0,500.0,10.0,500.0,500.0,500.0,500.0,500.0,9.0,165.0,500.0,500.0,500.0,500.0,500.0
1817,500.0,27.0,10.0,500.0,500.0,500.0,500.0,500.0,266.0,500.0,325.0,500.0,500.0,287.0,9.0,500.0,9.0,500.0,500.0,500.0,385.0,387.0,119.0,500.0,9.0,500.0,299.0,500.0,500.0,500.0,500.0,500.0,135.0,381.0,193.0,325.0,500.0,10.0,500.0,500.0,500.0,500.0,276.0,9.0,165.0,500.0,280.0,500.0,500.0,500.0
1818,500.0,27.0,10.0,500.0,500.0,500.0,500.0,500.0,266.0,500.0,290.0,500.0,500.0,293.0,9.0,500.0,9.0,500.0,500.0,500.0,500.0,320.0,121.0,500.0,9.0,500.0,304.0,253.0,500.0,500.0,500.0,500.0,130.0,430.0,181.0,295.0,500.0,10.0,500.0,500.0,500.0,500.0,296.0,9.0,315.0,500.0,430.0,500.0,500.0,500.0
1819,500.0,27.0,10.0,500.0,500.0,500.0,500.0,500.0,266.0,500.0,270.0,500.0,500.0,274.0,9.0,495.0,9.0,500.0,500.0,500.0,500.0,500.0,121.0,500.0,9.0,500.0,295.0,500.0,500.0,500.0,500.0,500.0,129.0,316.0,198.0,447.0,500.0,10.0,480.0,500.0,500.0,500.0,351.0,9.0,205.0,500.0,500.0,500.0,500.0,500.0
1820,500.0,27.0,10.0,500.0,500.0,500.0,500.0,500.0,266.0,500.0,316.0,281.0,500.0,269.0,9.0,500.0,9.0,500.0,500.0,500.0,500.0,500.0,122.0,500.0,9.0,500.0,297.0,500.0,500.0,500.0,500.0,500.0,137.0,384.0,196.0,184.0,262.0,10.0,417.0,500.0,500.0,500.0,500.0,9.0,398.0,500.0,500.0,500.0,500.0,500.0
1821,500.0,27.0,10.0,500.0,500.0,500.0,500.0,500.0,266.0,500.0,267.0,500.0,500.0,255.0,9.0,167.0,9.0,500.0,500.0,500.0,469.0,500.0,130.0,500.0,9.0,500.0,306.0,447.0,500.0,500.0,500.0,500.0,137.0,438.0,202.0,398.0,500.0,10.0,336.0,500.0,500.0,500.0,422.0,9.0,500.0,500.0,500.0,500.0,500.0,500.0
1822,396.0,27.0,10.0,500.0,500.0,500.0,500.0,500.0,266.0,500.0,253.0,368.0,500.0,259.0,9.0,500.0,9.0,500.0,500.0,500.0,295.0,500.0,130.0,500.0,9.0,500.0,295.0,500.0,500.0,500.0,500.0,500.0,133.0,391.0,195.0,359.0,371.0,10.0,373.0,500.0,500.0,500.0,500.0,9.0,443.0,500.0,500.0,500.0,500.0,500.0
1823,500.0,27.0,10.0,500.0,500.0,500.0,500.0,500.0,266.0,500.0,265.0,500.0,500.0,263.0,9.0,500.0,9.0,500.0,343.0,500.0,314.0,500.0,133.0,500.0,9.0,500.0,300.0,150.0,500.0,500.0,500.0,500.0,137.0,500.0,203.0,415.0,166.0,10.0,301.0,500.0,500.0,500.0,420.0,9.0,196.0,500.0,500.0,500.0,500.0,500.0
1824,500.0,27.0,10.0,500.0,500.0,331.0,500.0,500.0,266.0,500.0,278.0,500.0,500.0,266.0,9.0,500.0,9.0,500.0,500.0,500.0,500.0,292.0,133.0,500.0,9.0,500.0,315.0,500.0,500.0,500.0,500.0,500.0,139.0,440.0,203.0,500.0,500.0,10.0,319.0,500.0,500.0,500.0,500.0,9.0,500.0,500.0,500.0,500.0,500.0,500.0
1825,500.0,27.0,10.0,500.0,500.0,500.0,500.0,500.0,266.0,500.0,264.0,500.0,500.0,248.0,9.0,487.0,9.0,500.0,500.0,500.0,286.0,217.0,129.0,500.0,9.0,500.0,303.0,500.0,500.0,500.0,500.0,500.0,136.0,374.0,210.0,341.0,500.0,10.0,348.0,500.0,500.0,500.0,347.0,9.0,385.0,500.0,500.0,500.0,500.0,500.0
1826,411.0,27.0,10.0,500.0,500.0,403.0,500.0,500.0,266.0,500.0,214.0,140.0,500.0,248.0,9.0,500.0,9.0,500.0,500.0,500.0,500.0,500.0,132.0,500.0,9.0,500.0,312.0,500.0,333.0,500.0,500.0,500.0,140.0,389.0,219.0,308.0,500.0,10.0,296.0,500.0,500.0,500.0,467.0,9.0,500.0,500.0,500.0,500.0,500.0,500.0
1827,500.0,27.0,10.0,500.0,500.0,354.0,500.0,500.0,266.0,500.0,235.0,500.0,500.0,240.0,9.0,500.0,9.0,500.0,500.0,500.0,402.0,500.0,136.0,500.0,9.0,500.0,312.0,500.0,500.0,500.0,500.0,500.0,130.0,344.0,207.0,500.0,500.0,10.0,303.0,500.0,500.0,500.0,500.0,9.0,464.0,500.0,500.0,500.0,500.0,500.0
1828,500.0,27.0,10.0,500.0,500.0,422.0,500.0,500.0,266.0,500.0,212.0,500.0,500.0,236.0,9.0,296.0,9.0,500.0,500.0,500.0,500.0,500.0,136.0,500.0,9.0,500.0,305.0,177.0,500.0,500.0,500.0,500.0,134.0,304.0,217.0,271.0,500.0,10.0,339.0,500.0,500.0,500.0,363.0,9.0,294.0,500.0,500.0,500.0,500.0,500.0
1829,500.0,27.0,10.0,500.0,500.0,500.0,500.0,500.0,266.0,500.0,272.0,500.0,500.0,245.0,9.0,500.0,9.0,500.0,500.0,500.0,500.0,500.0,134.0,500.0,9.0,500.0,300.0,434.0,500.0,496.0,500.0,500.0,137.0,404.0,222.0,474.0,500.0,10.0,308.0,500.0,500.0,500.0,376.0,9.0,500.0,500.0,500.0,500.0,500.0,500.0
1830,500.0,27.0,10.0,500.0,500.0,113.0,500.0,500.0,266.0,500.0,236.0,500.0,500.0,243.0,9.0,500.0,9.0,500.0,500.0,500.0,377.0,500.0,134.0,500.0,9.0,500.0,308.0,287.0,500.0,460.0,500.0,500.0,136.0,405.0,226.0,219.0,167.0,10.0,269.0,500.0,500.0,500.0,500.0,9.0,450.0,500.0,184.0,500.0,500.0,500.0
1831,500.0,27.0,10.0,500.0,500.0,500.0,500.0,500.0,266.0,500.0,268.0,500.0,500.0,237.0,9.0,500.0,9.0,500.0,500.0,500.0,386.0,500.0,131.0,500.0,9.0,500.0,283.0,197.0,500.0,437.0,500.0,500.0,129.0,383.0,229.0,500.0,500.0,10.0,248.0,500.0,500.0,500.0,500.0,9.0,345.0,500.0,500.0,500.0,500.0,500.0
1832,500.0,27.0,10.0,500.0,360.0,500.0,500.0,500.0,266.0,500.0,225.0,500.0,500.0,234.0,9.0,500.0,9.0,500.0,500.0,500.0,325.0,500.0,133.0,500.0,9.0,500.0,311.0,500.0,500.0,378.0,500.0,500.0,136.0,316.0,243.0,249.0,500.0,10.0,281.0,500.0,500.0,500.0,295.0,9.0,197.0,500.0,500.0,500.0,500.0,500.0
1833,437.0,27.0,10.0,500.0,500.0,500.0,500.0,500.0,266.0,500.0,272.0,500.0,500.0,229.0,9.0,500.0,9.0,500.0,500.0,500.0,500.0,500.0,125.0,500.0,9.0,500.0,301.0,500.0,500.0,334.0,500.0,500.0,131.0,333.0,232.0,500.0,500.0,10.0,279.0,500.0,500.0,500.0,500.0,9.0,198.0,500.0,117.0,500.0,500.0,500.0
1834,500.0,27.0,10.0,500.0,500.0,500.0,500.0,500.0,266.0,500.0,255.0,500.0,500.0,229.0,9.0,434.0,9.0,500.0,500.0,500.0,500.0,500.0,131.0,500.0,9.0,500.0,300.0,500.0,358.0,309.0,500.0,500.0,137.0,405.0,255.0,454.0,500.0,10.0,277.0,500.0,500.0,500.0,500.0,9.0,443.0,500.0,500.0,500.0,500.0,500.0
1835,500.0,27.0,10.0,500.0,500.0,394.0,500.0,500.0,266.0,500.0,264.0,391.0,500.0,220.0,9.0,500.0,9.0,500.0,500.0,500.0,380.0,500.0,131.0,500.0,9.0,500.0,308.0,500.0,500.0,285.0,500.0,500.0,134.0,350.0,260.0,400.0,500.0,10.0,271.0,500.0,500.0,500.0,500.0,9.0,469.0,500.0,500.0,500.0,500.0,500.0
1836,500.0,27.0,10.0,500.0,500.0,500.0,500.0,500.0,266.0,500.0,302.0,500.0,500.0,224.0,9.0,500.0,9.0,500.0,500.0,500.0,500.0,500.0,129.0,500.0,9.0,500.0,267.0,317.0,500.0,262.0,500.0,500.0,134.0,344.0,263.0,187.0,500.0,10.0,301.0,500.0,500.0,500.0,500.0,9.0,306.0,500.0,500.0,500.0,500.0,500.0
1837,500.0,27.0,10.0,500.0,500.0,500.0,500.0,500.0,266.0,500.0,260.0,500.0,500.0,213.0,9.0,500.0,9.0,500.0,500.0,500.0,380.0,500.0,129.0,500.0,9.0,500.0,309.0,500.0,500.0,233.0,500.0,500.0,132.0,321.0,281.0,431.0,475.0,10.0,314.0,500.0,500.0,431.0,500.0,9.0,500.0,500.0,500.0,500.0,500.0,500.0
1838,500.0,27.0,10.0,500.0,500.0,500.0,500.0,500.0,266.0,500.0,249.0,500.0,500.0,211.0,9.0,500.0,9.0,500.0,500.0,500.0,500.0,500.0,130.0,500.0,9.0,500.0,308.0,500.0,500.0,213.0,500.0,500.0,140.0,314.0,259.0,500.0,305.0,10.0,303.0,500.0,500.0,355.0,500.0,9.0,500.0,500.0,500.0,500.0,500.0,500.0
1839,500.0,27.0,10.0,500.0,500.0,500.0,500.0,500.0,266.0,500.0,262.0,500.0,500.0,205.0,9.0,399.0,9.0,500.0,500.0,500.0,500.0,500.0,130.0,500.0,9.0,500.0,321.0,85.0,500.0,201.0,500.0,500.0,135.0,500.0,279.0,500.0,500.0,10.0,343.0,500.0,500.0,500.0,500.0,9.0,231.0,500.0,257.0,500.0,500.0,500.0
1840,500.0,27.0,10.0,500.0,500.0,500.0,500.0,500.0,266.0,500.0,236.0,486.0,500.0,199.0,9.0,425.0,9.0,500.0,500.0,500.0,500.0,500.0,128.0,500.0,9.0,500.0,295.0,500.0,351.0,191.0,500.0,500.0,138.0,267.0,293.0,242.0,174.0,10.0,385.0,500.0,500.0,339.0,500.0,9.0,500.0,500.0,500.0,500.0,500.0,500.0
1841,226.0,27.0,10.0,500.0,500.0,500.0,500.0,500.0,266.0,500.0,252.0,500.0,500.0,202.0,9.0,500.0,9.0,500.0,500.0,500.0,500.0,500.0,127.0,500.0,9.0,500.0,317.0,500.0,500.0,181.0,500.0,500.0,135.0,311.0,324.0,196.0,346.0,10.0,498.0,500.0,500.0,500.0,500.0,9.0,500.0,500.0,500.0,500.0,500.0,500.0
1842,500.0,27.0,10.0,500.0,500.0,500.0,500.0,500.0,266.0,500.0,247.0,500.0,500.0,192.0,9.0,500.0,9.0,500.0,500.0,500.0,500.0,500.0,129.0,500.0,9.0,500.0,267.0,500.0,500.0,178.0,500.0,500.0,137.0,345.0,307.0,346.0,500.0,10.0,409.0,500.0,500.0,451.0,500.0,9.0,312.0,500.0,500.0,500.0,500.0,500.0
1843,500.0,27.0,10.0,500.0,500.0,500.0,500.0,500.0,266.0,500.0,261.0,500.0,500.0,200.0,9.0,500.0,9.0,500.0,500.0,500.0,500.0,500.0,130.0,500.0,9.0,500.0,316.0,445.0,500.0,170.0,500.0,500.0,138.0,255.0,349.0,417.0,500.0,10.0,500.0,500.0,500.0,398.0,500.0,9.0,424.0,500.0,500.0,500.0,500.0,500.0
1844,500.0,27.0,10.0,500.0,500.0,351.0,500.0,500.0,266.0,500.0,249.0,413.0,500.0,197.0,9.0,500.0,9.0,500.0,500.0,500.0,500.0,500.0,130.0,500.0,9.0,500.0,316.0,500.0,500.0,166.0,500.0,500.0,137.0,343.0,346.0,426.0,205.0,10.0,500.0,500.0,500.0,500.0,500.0,9.0,138.0,500.0,500.0,500.0,500.0,500.0
1845,500.0,27.0,10.0,500.0,500.0,500.0,500.0,500.0,266.0,500.0,299.0,500.0,500.0,196.0,9.0,500.0,9.0,500.0,500.0,500.0,500.0,372.0,130.0,500.0,9.0,500.0,316.0,500.0,500.0,159.0,500.0,500.0,144.0,371.0,328.0,466.0,500.0,10.0,500.0,500.0,500.0,476.0,500.0,9.0,387.0,500.0,500.0,500.0,500.0,500.0
1846,500.0,27.0,10.0,500.0,500.0,500.0,500.0,500.0,266.0,500.0,298.0,500.0,500.0,192.0,9.0,500.0,9.0,500.0,500.0,500.0,500.0,500.0,127.0,500.0,9.0,500.0,306.0,500.0,500.0,156.0,500.0,500.0,139.0,385.0,333.0,500.0,288.0,10.0,500.0,500.0,500.0,500.0,484.0,9.0,171.0,500.0,500.0,500.0,500.0,500.0
1847,459.0,27.0,10.0,500.0,500.0,500.0,500.0,500.0,266.0,500.0,301.0,500.0,500.0,189.0,9.0,500.0,9.0,500.0,500.0,500.0,500.0,500.0,129.0,500.0,9.0,500.0,317.0,500.0,500.0,157.0,500.0,500.0,142.0,259.0,387.0,500.0,500.0,10.0,500.0,500.0,500.0,500.0,500.0,9.0,500.0,500.0,111.0,500.0,500.0,500.0
1848,257.0,27.0,10.0,500.0,500.0,500.0,500.0,500.0,266.0,500.0,271.0,411.0,500.0,185.0,9.0,500.0,9.0,500.0,500.0,500.0,500.0,500.0,127.0,500.0,9.0,500.0,316.0,500.0,500.0,149.0,500.0,500.0,151.0,204.0,435.0,406.0,488.0,10.0,500.0,500.0,500.0,500.0,500.0,9.0,291.0,500.0,500.0,500.0,500.0,500.0
1849,500.0,27.0,10.0,500.0,500.0,286.0,500.0,500.0,266.0,500.0,320.0,500.0,500.0,187.0,9.0,500.0,9.0,500.0,500.0,500.0,500.0,500.0,129.0,500.0,9.0,500.0,310.0,500.0,500.0,151.0,500.0,500.0,142.0,323.0,457.0,458.0,500.0,10.0,500.0,500.0,500.0,500.0,500.0,9.0,152.0,500.0,500.0,500.0,500.0,500.0
1850,226.0,27.0,10.0,500.0,500.0,500.0,500.0,500.0,266.0,500.0,394.0,500.0,500.0,188.0,9.0,500.0,9.0,500.0,500.0,500.0,500.0,500.0,129.0,500.0,9.0,500.0,324.0,347.0,500.0,148.0,500.0,500.0,141.0,277.0,423.0,205.0,172.0,10.0,500.0,500.0,500.0,500.0,500.0,9.0,487.0,500.0,500.0,500.0,500.0,500.0
1851,494.0,27.0,10.0,500.0,500.0,500.0,500.0,500.0,266.0,500.0,500.0,500.0,500.0,186.0,9.0,393.0,9.0,500.0,500.0,500.0,500.0,500.0,127.0,500.0,9.0,500.0,314.0,500.0,500.0,146.0,500.0,500.0,148.0,266.0,492.0,331.0,393.0,10.0,500.0,500.0,500.0,500.0,500.0,9.0,196.0,500.0,500.0,500.0,500.0,500.0
1852,500.0,27.0,10.0,500.0,500.0,500.0,500.0,500.0,266.0,500.0,500.0,500.0,500.0,184.0,9.0,138.0,9.0,500.0,500.0,500.0,500.0,500.0,127.0,500.0,9.0,500.0,324.0,500.0,500.0,144.0,500.0,500.0,145.0,404.0,500.0,500.0,500.0,10.0,500.0,500.0,500.0,500.0,402.0,9.0,432.0,500.0,500.0,500.0,500.0,500.0
1853,500.0,27.0,10.0,500.0,500.0,500.0,500.0,500.0,266.0,427.0,500.0,500.0,500.0,184.0,9.0,455.0,9.0,500.0,500.0,500.0,371.0,500.0,131.0,500.0,9.0,500.0,267.0,500.0,500.0,143.0,500.0,500.0,147.0,264.0,500.0,500.0,500.0,10.0,500.0,500.0,500.0,500.0,500.0,9.0,490.0,500.0,500.0,500.0,500.0,500.0
1854,500.0,27.0,10.0,500.0,500.0,500.0,500.0,500.0,266.0,500.0,500.0,500.0,500.0,186.0,9.0,500.0,9.0,500.0,500.0,500.0,500.0,500.0,125.0,500.0,9.0,500.0,306.0,443.0,500.0,141.0,500.0,500.0,150.0,264.0,500.0,350.0,500.0,10.0,500.0,500.0,500.0,500.0,500.0,9.0,500.0,500.0,500.0,500.0,500.0,500.0
1855,355.0,27.0,10.0,500.0,500.0,500.0,500.0,500.0,266.0,500.0,500.0,500.0,500.0,177.0,9.0,500.0,9.0,500.0,500.0,500.0,500.0,500.0,131.0,500.0,9.0,500.0,309.0,414.0,500.0,142.0,500.0,500.0,149.0,450.0,500.0,500.0,500.0,10.0,500.0,500.0,500.0,500.0,500.0,9.0,125.0,500.0,500.0,500.0,500.0,500.0
1856,210.0,27.0,10.0,500.0,500.0,500.0,500.0,500.0,266.0,500.0,500.0,500.0,483.0,174.0,9.0,500.0,9.0,500.0,500.0,500.0,500.0,500.0,131.0,500.0,9.0,500.0,330.0,500.0,500.0,141.0,500.0,500.0,151.0,272.0,488.0,500.0,485.0,10.0,500.0,500.0,500.0,500.0,500.0,9.0,252.0,500.0,500.0,500.0,500.0,500.0
1857,500.0,27.0,10.0,500.0,500.0,500.0,500.0,500.0,266.0,500.0,500.0,176.0,500.0,177.0,9.0,500.0,9.0,500.0,500.0,500.0,500.0,500.0,126.0,500.0,9.0,500.0,332.0,500.0,500.0,140.0,500.0,500.0,150.0,263.0,500.0,470.0,417.0,10.0,500.0,500.0,500.0,500.0,500.0,9.0,117.0,500.0,500.0,500.0,500.0,500.0
1858,500.0,27.0,10.0,500.0,500.0,392.0,500.0,500.0,266.0,384.0,500.0,500.0,487.0,176.0,9.0,500.0,9.0,500.0,500.0,500.0,500.0,500.0,131.0,500.0,9.0,500.0,308.0,326.0,500.0,141.0,500.0,500.0,149.0,323.0,497.0,500.0,307.0,10.0,500.0,500.0,500.0,500.0,319.0,9.0,500.0,500.0,500.0,500.0,500.0,500.0
1859,326.0,27.0,10.0,500.0,500.0,500.0,500.0,500.0,266.0,500.0,500.0,500.0,491.0,179.0,9.0,500.0,9.0,500.0,500.0,500.0,500.0,206.0,214.0,500.0,9.0,500.0,312.0,258.0,500.0,140.0,500.0,500.0,142.0,260.0,476.0,261.0,304.0,10.0,500.0,500.0,500.0,500.0,500.0,9.0,500.0,500.0,500.0,500.0,500.0,500.0
1860,337.0,27.0,10.0,500.0,500.0,500.0,500.0,500.0,266.0,500.0,500.0,500.0,500.0,179.0,9.0,500.0,9.0,500.0,500.0,500.0,500.0,500.0,214.0,500.0,9.0,500.0,310.0,500.0,500.0,139.0,500.0,500.0,150.0,256.0,500.0,500.0,500.0,10.0,500.0,500.0,500.0,500.0,500.0,9.0,492.0,500.0,500.0,500.0,500.0,500.0
1861,500.0,27.0,10.0,500.0,500.0,500.0,500.0,500.0,266.0,500.0,500.0,232.0,412.0,179.0,9.0,500.0,9.0,500.0,500.0,500.0,500.0,500.0,128.0,500.0,9.0,500.0,313.0,500.0,500.0,140.0,500.0,500.0,147.0,266.0,500.0,286.0,323.0,10.0,500.0,500.0,500.0,500.0,500.0,9.0,144.0,500.0,500.0,500.0,500.0,500.0
1862,500.0,27.0,10.0,500.0,500.0,500.0,500.0,500.0,266.0,500.0,500.0,500.0,500.0,178.0,9.0,500.0,9.0,500.0,500.0,500.0,500.0,117.0,211.0,500.0,9.0,500.0,305.0,437.0,500.0,138.0,500.0,500.0,145.0,250.0,500.0,169.0,455.0,10.0,500.0,500.0,500.0,500.0,500.0,9.0,333.0,500.0,266.0,500.0,500.0,500.0
1863,500.0,27.0,10.0,500.0,500.0,230.0,500.0,500.0,266.0,335.0,500.0,264.0,427.0,176.0,9.0,466.0,9.0,500.0,500.0,500.0,500.0,367.0,216.0,500.0,9.0,500.0,315.0,500.0,500.0,138.0,500.0,500.0,143.0,194.0,500.0,500.0,204.0,10.0,500.0,500.0,500.0,500.0,500.0,9.0,161.0,500.0,500.0,500.0,500.0,500.0
1864,500.0,27.0,10.0,500.0,500.0,500.0,500.0,500.0,266.0,500.0,500.0,500.0,491.0,178.0,9.0,450.0,9.0,500.0,500.0,500.0,500.0,500.0,211.0,500.0,9.0,500.0,317.0,346.0,500.0,138.0,500.0,500.0,144.0,258.0,500.0,500.0,500.0,10.0,500.0,500.0,500.0,500.0,500.0,9.0,126.0,500.0,453.0,500.0,500.0,500.0
1865,445.0,27.0,10.0,500.0,500.0,500.0,500.0,500.0,266.0,357.0,500.0,500.0,415.0,177.0,9.0,256.0,9.0,500.0,500.0,500.0,500.0,500.0,212.0,500.0,9.0,500.0,304.0,500.0,500.0,139.0,480.0,500.0,141.0,309.0,500.0,500.0,204.0,10.0,500.0,500.0,500.0,500.0,500.0,9.0,500.0,500.0,500.0,500.0,500.0,500.0
1866,500.0,27.0,10.0,500.0,500.0,500.0,500.0,500.0,266.0,500.0,500.0,500.0,424.0,179.0,9.0,500.0,9.0,500.0,500.0,500.0,500.0,500.0,215.0,500.0,9.0,500.0,309.0,500.0,500.0,139.0,500.0,500.0,146.0,244.0,500.0,361.0,215.0,10.0,500.0,500.0,500.0,500.0,500.0,9.0,252.0,500.0,500.0,500.0,500.0,500.0
1867,500.0,27.0,10.0,500.0,500.0,500.0,500.0,500.0,266.0,498.0,500.0,500.0,491.0,174.0,9.0,500.0,9.0,500.0,500.0,500.0,500.0,500.0,215.0,500.0,9.0,500.0,315.0,500.0,500.0,139.0,500.0,500.0,140.0,191.0,500.0,500.0,500.0,10.0,500.0,500.0,500.0,456.0,500.0,9.0,344.0,500.0,274.0,500.0,500.0,500.0
1868,500.0,27.0,10.0,500.0,500.0,500.0,500.0,500.0,266.0,500.0,500.0,217.0,424.0,174.0,9.0,500.0,9.0,500.0,500.0,500.0,500.0,500.0,125.0,500.0,9.0,500.0,320.0,500.0,500.0,139.0,500.0,500.0,143.0,239.0,500.0,297.0,500.0,10.0,500.0,500.0,500.0,361.0,500.0,9.0,391.0,500.0,500.0,500.0,500.0,500.0
1869,500.0,27.0,10.0,500.0,500.0,500.0,500.0,500.0,266.0,500.0,500.0,500.0,492.0,177.0,9.0,500.0,9.0,500.0,500.0,500.0,500.0,500.0,220.0,500.0,9.0,500.0,305.0,500.0,500.0,139.0,500.0,500.0,142.0,185.0,500.0,500.0,449.0,10.0,500.0,500.0,500.0,500.0,500.0,9.0,104.0,500.0,500.0,500.0,500.0,500.0
1870,500.0,27.0,10.0,500.0,500.0,313.0,500.0,500.0,266.0,500.0,500.0,500.0,500.0,178.0,9.0,360.0,9.0,500.0,500.0,500.0,500.0,500.0,127.0,500.0,9.0,500.0,270.0,500.0,500.0,137.0,443.0,500.0,147.0,291.0,500.0,500.0,214.0,10.0,487.0,500.0,500.0,492.0,431.0,9.0,500.0,500.0,330.0,500.0,500.0,500.0
1871,500.0,27.0,10.0,500.0,500.0,500.0,500.0,500.0,266.0,500.0,500.0,500.0,500.0,176.0,9.0,438.0,9.0,500.0,500.0,500.0,500.0,500.0,220.0,500.0,9.0,500.0,311.0,500.0,500.0,139.0,500.0,500.0,139.0,240.0,500.0,285.0,500.0,10.0,500.0,500.0,500.0,412.0,481.0,9.0,414.0,500.0,500.0,500.0,500.0,500.0
1872,500.0,27.0,10.0,500.0,500.0,500.0,500.0,500.0,266.0,500.0,500.0,500.0,367.0,180.0,9.0,498.0,9.0,500.0,500.0,500.0,500.0,500.0,209.0,500.0,9.0,500.0,307.0,500.0,500.0,138.0,500.0,500.0,145.0,243.0,500.0,500.0,288.0,10.0,500.0,500.0,500.0,500.0,500.0,9.0,333.0,500.0,500.0,500.0,500.0,500.0
1873,500.0,27.0,10.0,500.0,500.0,500.0,500.0,500.0,266.0,500.0,500.0,500.0,500.0,175.0,9.0,500.0,9.0,500.0,500.0,500.0,500.0,500.0,306.0,500.0,9.0,500.0,322.0,500.0,500.0,137.0,500.0,500.0,139.0,351.0,500.0,128.0,467.0,10.0,452.0,500.0,500.0,481.0,500.0,9.0,230.0,500.0,426.0,500.0,500.0,500.0
1874,500.0,27.0,10.0,500.0,500.0,500.0,500.0,500.0,266.0,466.0,500.0,500.0,500.0,182.0,9.0,500.0,9.0,500.0,500.0,500.0,500.0,500.0,208.0,500.0,9.0,500.0,305.0,500.0,500.0,137.0,462.0,500.0,144.0,352.0,500.0,135.0,306.0,10.0,500.0,500.0,500.0,448.0,500.0,9.0,473.0,500.0,273.0,500.0,500.0,500.0
1875,500.0,27.0,10.0,500.0,500.0,438.0,500.0,500.0,266.0,500.0,500.0,500.0,443.0,173.0,9.0,500.0,9.0,500.0,500.0,500.0,500.0,500.0,390.0,500.0,9.0,500.0,306.0,500.0,500.0,138.0,500.0,500.0,140.0,240.0,500.0,268.0,500.0,10.0,500.0,500.0,500.0,500.0,500.0,9.0,138.0,500.0,500.0,500.0,500.0,500.0
1876,486.0,27.0,10.0,500.0,500.0,473.0,500.0,500.0,266.0,500.0,500.0,500.0,500.0,174.0,9.0,500.0,9.0,500.0,500.0,500.0,500.0,500.0,303.0,500.0,9.0,500.0,270.0,188.0,500.0,138.0,449.0,500.0,146.0,248.0,500.0,500.0,426.0,10.0,500.0,500.0,500.0,500.0,242.0,9.0,500.0,500.0,500.0,500.0,500.0,500.0
1877,500.0,27.0,10.0,500.0,500.0,500.0,500.0,500.0,266.0,342.0,500.0,500.0,500.0,175.0,9.0,500.0,9.0,500.0,500.0,500.0,500.0,500.0,483.0,500.0,9.0,500.0,323.0,500.0,500.0,136.0,470.0,500.0,142.0,470.0,500.0,259.0,500.0,10.0,500.0,500.0,500.0,500.0,500.0,9.0,162.0,500.0,500.0,500.0,500.0,490.0
1878,500.0,27.0,10.0,500.0,500.0,500.0,500.0,500.0,266.0,500.0,500.0,500.0,500.0,173.0,9.0,500.0,9.0,500.0,500.0,500.0,500.0,500.0,299.0,500.0,9.0,500.0,317.0,226.0,500.0,138.0,497.0,500.0,142.0,299.0,500.0,368.0,421.0,10.0,500.0,500.0,500.0,473.0,500.0,9.0,257.0,500.0,500.0,500.0,500.0,464.0
1879,376.0,27.0,10.0,500.0,500.0,500.0,500.0,500.0,266.0,500.0,500.0,476.0,500.0,173.0,9.0,500.0,9.0,500.0,500.0,500.0,500.0,500.0,500.0,500.0,9.0,500.0,315.0,500.0,500.0,136.0,500.0,472.0,144.0,472.0,500.0,374.0,500.0,10.0,451.0,500.0,500.0,426.0,500.0,9.0,354.0,500.0,500.0,500.0,500.0,473.0
1880,500.0,27.0,10.0,500.0,500.0,500.0,500.0,500.0,266.0,500.0,500.0,323.0,500.0,172.0,9.0,500.0,9.0,500.0,500.0,500.0,500.0,473.0,500.0,500.0,9.0,500.0,317.0,500.0,500.0,139.0,500.0,500.0,147.0,483.0,500.0,395.0,500.0,10.0,424.0,500.0,500.0,401.0,500.0,9.0,500.0,500.0,377.0,500.0,500.0,421.0
1881,461.0,27.0,10.0,500.0,500.0,485.0,500.0,500.0,266.0,500.0,500.0,500.0,500.0,171.0,9.0,500.0,9.0,500.0,500.0,500.0,500.0,500.0,500.0,500.0,9.0,500.0,321.0,500.0,500.0,139.0,500.0,500.0,137.0,500.0,500.0,394.0,500.0,10.0,481.0,500.0,500.0,453.0,500.0,9.0,160.0,500.0,500.0,500.0,500.0,427.0
1882,462.0,27.0,10.0,500.0,500.0,500.0,500.0,500.0,266.0,500.0,500.0,500.0,500.0,174.0,9.0,496.0,9.0,500.0,500.0,500.0,500.0,500.0,500.0,500.0,9.0,500.0,303.0,500.0,500.0,141.0,500.0,500.0,144.0,500.0,500.0,315.0,442.0,10.0,451.0,500.0,500.0,438.0,500.0,9.0,500.0,500.0,500.0,500.0,500.0,414.0
1883,269.0,27.0,10.0,500.0,500.0,500.0,500.0,500.0,266.0,500.0,500.0,493.0,500.0,171.0,9.0,323.0,9.0,500.0,500.0,500.0,500.0,500.0,500.0,500.0,9.0,500.0,311.0,488.0,500.0,140.0,500.0,500.0,144.0,500.0,500.0,459.0,342.0,10.0,500.0,500.0,500.0,415.0,500.0,9.0,238.0,500.0,500.0,500.0,500.0,425.0
1884,500.0,27.0,10.0,500.0,500.0,500.0,500.0,500.0,266.0,500.0,500.0,197.0,500.0,171.0,9.0,456.0,9.0,500.0,500.0,500.0,500.0,500.0,500.0,500.0,9.0,500.0,313.0,500.0,500.0,141.0,500.0,500.0,143.0,500.0,500.0,337.0,166.0,10.0,442.0,500.0,500.0,497.0,265.0,9.0,382.0,500.0,500.0,500.0,500.0,389.0
1885,500.0,27.0,10.0,500.0,500.0,307.0,500.0,500.0,266.0,500.0,500.0,500.0,500.0,176.0,9.0,500.0,9.0,500.0,500.0,500.0,500.0,500.0,500.0,500.0,9.0,500.0,304.0,500.0,500.0,140.0,500.0,500.0,149.0,500.0,500.0,500.0,500.0,10.0,460.0,500.0,500.0,420.0,500.0,9.0,230.0,500.0,500.0,500.0,500.0,446.0
1886,500.0,27.0,10.0,500.0,500.0,500.0,500.0,500.0,266.0,500.0,341.0,500.0,500.0,172.0,9.0,500.0,9.0,500.0,500.0,500.0,500.0,500.0,500.0,500.0,9.0,500.0,313.0,500.0,500.0,141.0,500.0,500.0,143.0,500.0,500.0,500.0,500.0,10.0,453.0,500.0,500.0,500.0,443.0,9.0,152.0,500.0,500.0,500.0,500.0,380.0
1887,500.0,27.0,10.0,500.0,500.0,500.0,500.0,500.0,266.0,500.0,500.0,487.0,500.0,174.0,9.0,500.0,9.0,500.0,500.0,500.0,500.0,500.0,500.0,500.0,9.0,500.0,315.0,500.0,500.0,141.0,500.0,500.0,144.0,500.0,500.0,247.0,369.0,10.0,468.0,500.0,500.0,466.0,500.0,9.0,500.0,500.0,296.0,500.0,500.0,406.0
1888,500.0,27.0,10.0,500.0,500.0,500.0,500.0,500.0,266.0,500.0,373.0,491.0,500.0,173.0,9.0,500.0,9.0,500.0,500.0,500.0,500.0,500.0,500.0,500.0,9.0,500.0,303.0,500.0,500.0,143.0,500.0,500.0,148.0,500.0,500.0,500.0,330.0,10.0,495.0,500.0,500.0,500.0,233.0,9.0,496.0,500.0,120.0,500.0,500.0,380.0
1889,500.0,27.0,10.0,500.0,500.0,500.0,500.0,500.0,266.0,491.0,347.0,455.0,500.0,172.0,9.0,500.0,9.0,500.0,500.0,500.0,500.0,500.0,500.0,500.0,9.0,500.0,307.0,500.0,500.0,143.0,500.0,500.0,145.0,500.0,500.0,172.0,500.0,10.0,492.0,500.0,500.0,500.0,500.0,9.0,322.0,500.0,500.0,500.0,500.0,373.0
1890,362.0,27.0,10.0,500.0,500.0,500.0,500.0,500.0,266.0,494.0,500.0,500.0,500.0,175.0,9.0,500.0,9.0,500.0,500.0,500.0,500.0,229.0,500.0,500.0,9.0,500.0,312.0,500.0,500.0,145.0,500.0,500.0,147.0,500.0,500.0,282.0,500.0,10.0,500.0,500.0,500.0,500.0,500.0,9.0,500.0,500.0,500.0,500.0,500.0,376.0
1891,500.0,27.0,10.0,500.0,500.0,500.0,500.0,500.0,266.0,500.0,417.0,366.0,500.0,170.0,9.0,500.0,9.0,500.0,500.0,500.0,500.0,500.0,500.0,500.0,9.0,500.0,301.0,500.0,500.0,144.0,500.0,500.0,154.0,500.0,500.0,500.0,328.0,10.0,500.0,500.0,500.0,500.0,500.0,9.0,139.0,500.0,500.0,500.0,500.0,403.0
1892,500.0,27.0,10.0,500.0,390.0,500.0,500.0,500.0,266.0,500.0,343.0,500.0,500.0,172.0,9.0,401.0,9.0,500.0,500.0,500.0,500.0,500.0,500.0,500.0,9.0,500.0,308.0,500.0,500.0,144.0,500.0,500.0,148.0,500.0,500.0,357.0,486.0,10.0,469.0,500.0,500.0,500.0,500.0,9.0,250.0,500.0,500.0,500.0,500.0,380.0
1893,500.0,27.0,10.0,500.0,500.0,500.0,500.0,500.0,266.0,500.0,328.0,475.0,500.0,174.0,9.0,500.0,9.0,500.0,500.0,500.0,500.0,500.0,500.0,500.0,9.0,500.0,310.0,500.0,500.0,145.0,500.0,500.0,156.0,500.0,500.0,303.0,380.0,10.0,500.0,500.0,500.0,500.0,454.0,9.0,343.0,500.0,500.0,500.0,500.0,405.0
1894,500.0,27.0,10.0,500.0,436.0,500.0,500.0,500.0,266.0,500.0,500.0,500.0,500.0,174.0,9.0,500.0,9.0,500.0,500.0,500.0,500.0,500.0,500.0,500.0,9.0,500.0,321.0,500.0,500.0,144.0,500.0,500.0,157.0,500.0,500.0,386.0,500.0,10.0,476.0,500.0,500.0,500.0,500.0,9.0,500.0,500.0,500.0,500.0,500.0,355.0
1895,500.0,27.0,10.0,500.0,482.0,500.0,500.0,500.0,266.0,465.0,281.0,500.0,500.0,176.0,9.0,306.0,9.0,500.0,500.0,500.0,500.0,500.0,500.0,500.0,9.0,500.0,312.0,500.0,500.0,145.0,500.0,500.0,151.0,500.0,500.0,314.0,348.0,10.0,500.0,500.0,500.0,500.0,500.0,9.0,277.0,500.0,500.0,500.0,500.0,388.0
1896,500.0,27.0,10.0,500.0,500.0,198.0,500.0,500.0,266.0,500.0,433.0,500.0,500.0,181.0,9.0,500.0,9.0,500.0,500.0,500.0,500.0,500.0,500.0,500.0,9.0,500.0,310.0,500.0,500.0,143.0,500.0,500.0,161.0,500.0,500.0,182.0,437.0,10.0,500.0,500.0,500.0,469.0,500.0,9.0,278.0,500.0,500.0,500.0,500.0,374.0
1897,500.0,27.0,10.0,500.0,477.0,392.0,500.0,500.0,266.0,500.0,426.0,500.0,500.0,179.0,9.0,500.0,9.0,500.0,500.0,500.0,500.0,500.0,500.0,500.0,9.0,500.0,294.0,500.0,500.0,144.0,500.0,500.0,156.0,500.0,500.0,483.0,262.0,10.0,500.0,500.0,500.0,500.0,500.0,9.0,500.0,500.0,500.0,500.0,500.0,366.0
1898,500.0,27.0,10.0,500.0,500.0,438.0,500.0,500.0,266.0,500.0,328.0,500.0,500.0,179.0,9.0,500.0,9.0,500.0,500.0,500.0,500.0,500.0,500.0,500.0,9.0,500.0,301.0,500.0,500.0,143.0,500.0,500.0,161.0,500.0,500.0,233.0,500.0,10.0,500.0,500.0,500.0,460.0,500.0,9.0,500.0,500.0,500.0,500.0,500.0,355.0
1899,500.0,27.0,10.0,500.0,415.0,500.0,500.0,500.0,266.0,500.0,165.0,291.0,500.0,178.0,9.0,500.0,9.0,500.0,500.0,500.0,500.0,500.0,500.0,500.0,9.0,500.0,313.0,336.0,500.0,142.0,500.0,500.0,161.0,500.0,500.0,360.0,500.0,10.0,500.0,500.0,500.0,496.0,500.0,9.0,500.0,500.0,500.0,500.0,500.0,328.0
1900,218.0,27.0,10.0,500.0,447.0,500.0,500.0,500.0,266.0,500.0,429.0,395.0,500.0,187.0,9.0,500.0,9.0,500.0,500.0,500.0,500.0,500.0,500.0,500.0,9.0,500.0,305.0,448.0,500.0,143.0,500.0,500.0,162.0,500.0,500.0,295.0,500.0,10.0,500.0,500.0,500.0,500.0,500.0,9.0,282.0,500.0,500.0,500.0,500.0,302.0
1901,500.0,27.0,10.0,500.0,375.0,500.0,500.0,500.0,266.0,500.0,331.0,500.0,500.0,181.0,9.0,500.0,9.0,500.0,500.0,500.0,500.0,500.0,500.0,500.0,9.0,500.0,307.0,500.0,500.0,145.0,500.0,500.0,167.0,500.0,500.0,500.0,457.0,10.0,500.0,500.0,500.0,448.0,500.0,9.0,298.0,500.0,500.0,500.0,500.0,311.0
1902,421.0,27.0,10.0,500.0,428.0,500.0,500.0,500.0,266.0,500.0,413.0,500.0,500.0,191.0,9.0,500.0,9.0,500.0,500.0,500.0,500.0,500.0,500.0,500.0,9.0,500.0,305.0,170.0,500.0,144.0,500.0,500.0,175.0,500.0,500.0,315.0,500.0,10.0,500.0,500.0,500.0,500.0,500.0,9.0,289.0,500.0,500.0,500.0,500.0,287.0
1903,500.0,27.0,10.0,500.0,442.0,500.0,500.0,500.0,266.0,500.0,368.0,370.0,500.0,183.0,9.0,334.0,9.0,500.0,500.0,500.0,500.0,500.0,500.0,500.0,9.0,500.0,301.0,500.0,500.0,143.0,500.0,500.0,164.0,500.0,500.0,490.0,500.0,10.0,500.0,500.0,500.0,500.0,500.0,9.0,219.0,500.0,500.0,500.0,500.0,267.0
1904,409.0,27.0,10.0,500.0,500.0,500.0,500.0,500.0,266.0,500.0,337.0,500.0,500.0,189.0,9.0,245.0,9.0,500.0,500.0,500.0,500.0,500.0,500.0,500.0,9.0,500.0,310.0,500.0,500.0,144.0,500.0,500.0,169.0,500.0,500.0,375.0,418.0,10.0,500.0,500.0,500.0,461.0,500.0,9.0,274.0,500.0,300.0,500.0,500.0,263.0
1905,368.0,27.0,10.0,500.0,500.0,500.0,500.0,500.0,266.0,473.0,354.0,383.0,500.0,193.0,9.0,500.0,9.0,500.0,500.0,500.0,500.0,500.0,500.0,500.0,9.0,500.0,299.0,500.0,500.0,143.0,500.0,500.0,171.0,500.0,500.0,346.0,500.0,10.0,500.0,500.0,500.0,500.0,500.0,9.0,253.0,500.0,435.0,500.0,500.0,274.0
1906,362.0,27.0,10.0,500.0,498.0,451.0,500.0,500.0,266.0,500.0,255.0,500.0,500.0,190.0,9.0,500.0,9.0,500.0,500.0,500.0,500.0,500.0,500.0,500.0,9.0,500.0,309.0,500.0,500.0,141.0,500.0,500.0,163.0,500.0,500.0,500.0,450.0,10.0,500.0,500.0,500.0,500.0,500.0,9.0,175.0,500.0,456.0,500.0,500.0,248.0
1907,500.0,27.0,10.0,500.0,500.0,500.0,500.0,500.0,266.0,500.0,500.0,500.0,500.0,189.0,9.0,500.0,9.0,500.0,500.0,500.0,500.0,452.0,500.0,500.0,9.0,500.0,306.0,500.0,500.0,141.0,500.0,500.0,180.0,500.0,500.0,233.0,500.0,10.0,485.0,500.0,500.0,500.0,500.0,9.0,411.0,500.0,500.0,500.0,500.0,250.0
1908,500.0,27.0,10.0,500.0,500.0,500.0,500.0,500.0,266.0,500.0,430.0,492.0,500.0,189.0,9.0,500.0,9.0,500.0,500.0,500.0,500.0,500.0,500.0,500.0,9.0,500.0,311.0,330.0,500.0,142.0,500.0,500.0,180.0,500.0,500.0,370.0,500.0,10.0,485.0,500.0,500.0,500.0,500.0,9.0,500.0,500.0,500.0,500.0,500.0,220.0
1909,500.0,27.0,10.0,500.0,500.0,500.0,500.0,500.0,266.0,500.0,240.0,293.0,500.0,192.0,9.0,361.0,9.0,500.0,500.0,500.0,500.0,500.0,500.0,500.0,9.0,500.0,315.0,500.0,500.0,142.0,500.0,500.0,177.0,500.0,500.0,315.0,500.0,10.0,440.0,500.0,500.0,500.0,500.0,9.0,346.0,500.0,500.0,500.0,500.0,231.0
1910,500.0,27.0,10.0,500.0,500.0,500.0,500.0,500.0,266.0,500.0,414.0,500.0,500.0,191.0,9.0,500.0,9.0,500.0,500.0,500.0,500.0,500.0,500.0,500.0,9.0,500.0,320.0,475.0,500.0,143.0,500.0,500.0,186.0,500.0,500.0,422.0,500.0,10.0,484.0,500.0,500.0,500.0,500.0,9.0,212.0,500.0,482.0,500.0,500.0,225.0
1911,500.0,27.0,10.0,500.0,500.0,500.0,500.0,500.0,266.0,145.0,412.0,500.0,500.0,195.0,9.0,284.0,9.0,500.0,500.0,500.0,500.0,349.0,500.0,500.0,9.0,500.0,312.0,500.0,500.0,141.0,500.0,500.0,182.0,500.0,500.0,500.0,500.0,10.0,465.0,500.0,500.0,500.0,500.0,9.0,413.0,500.0,413.0,500.0,500.0,229.0
1912,500.0,27.0,10.0,500.0,500.0,500.0,500.0,500.0,266.0,468.0,336.0,500.0,500.0,187.0,9.0,500.0,9.0,500.0,500.0,500.0,500.0,459.0,500.0,500.0,9.0,500.0,318.0,500.0,500.0,142.0,500.0,500.0,196.0,500.0,500.0,292.0,473.0,10.0,499.0,500.0,500.0,500.0,412.0,9.0,268.0,500.0,500.0,500.0,500.0,218.0
1913,500.0,27.0,10.0,500.0,500.0,500.0,500.0,500.0,266.0,500.0,435.0,500.0,500.0,188.0,9.0,500.0,9.0,500.0,500.0,500.0,500.0,500.0,500.0,500.0,9.0,500.0,308.0,500.0,500.0,140.0,500.0,500.0,202.0,500.0,500.0,307.0,500.0,10.0,500.0,500.0,500.0,500.0,500.0,9.0,500.0,500.0,500.0,500.0,500.0,236.0
1914,500.0,27.0,10.0,500.0,400.0,500.0,500.0,500.0,266.0,438.0,500.0,500.0,500.0,196.0,9.0,500.0,9.0,500.0,500.0,500.0,500.0,500.0,500.0,500.0,9.0,500.0,306.0,500.0,500.0,141.0,500.0,500.0,201.0,500.0,500.0,282.0,500.0,10.0,500.0,500.0,500.0,500.0,500.0,9.0,270.0,500.0,500.0,500.0,500.0,231.0
1915,500.0,27.0,10.0,500.0,500.0,500.0,500.0,500.0,266.0,500.0,495.0,500.0,500.0,194.0,9.0,465.0,9.0,500.0,500.0,500.0,500.0,500.0,500.0,500.0,9.0,500.0,316.0,500.0,500.0,141.0,500.0,500.0,203.0,500.0,500.0,402.0,500.0,10.0,500.0,500.0,500.0,500.0,500.0,9.0,500.0,500.0,464.0,500.0,500.0,213.0
1916,500.0,27.0,10.0,500.0,500.0,500.0,500.0,500.0,266.0,500.0,433.0,450.0,500.0,195.0,9.0,500.0,9.0,500.0,500.0,500.0,500.0,500.0,500.0,500.0,9.0,500.0,330.0,500.0,500.0,141.0,500.0,500.0,203.0,500.0,500.0,496.0,500.0,10.0,500.0,500.0,500.0,500.0,500.0,9.0,250.0,500.0,473.0,500.0,500.0,219.0
1917,500.0,27.0,10.0,500.0,500.0,244.0,500.0,500.0,266.0,500.0,351.0,500.0,500.0,192.0,9.0,500.0,9.0,500.0,500.0,500.0,415.0,500.0,500.0,500.0,9.0,500.0,311.0,343.0,500.0,141.0,500.0,500.0,217.0,500.0,500.0,273.0,500.0,10.0,500.0,500.0,500.0,500.0,500.0,9.0,335.0,500.0,500.0,500.0,500.0,209.0
1918,500.0,27.0,10.0,500.0,500.0,500.0,500.0,500.0,266.0,500.0,500.0,500.0,500.0,197.0,9.0,500.0,9.0,500.0,500.0,500.0,327.0,500.0,500.0,500.0,9.0,500.0,315.0,343.0,500.0,140.0,500.0,500.0,243.0,500.0,500.0,371.0,500.0,10.0,500.0,500.0,500.0,500.0,500.0,9.0,389.0,500.0,500.0,500.0,500.0,231.0
1919,500.0,27.0,10.0,500.0,500.0,244.0,500.0,500.0,266.0,500.0,398.0,500.0,500.0,187.0,9.0,500.0,9.0,500.0,500.0,500.0,342.0,500.0,500.0,500.0,9.0,500.0,312.0,500.0,500.0,141.0,500.0,500.0,217.0,500.0,500.0,387.0,500.0,10.0,500.0,500.0,500.0,500.0,500.0,9.0,358.0,500.0,437.0,500.0,500.0,234.0
1920,500.0,27.0,10.0,500.0,500.0,500.0,500.0,500.0,266.0,500.0,352.0,500.0,500.0,190.0,9.0,500.0,9.0,500.0,500.0,500.0,428.0,216.0,500.0,500.0,9.0,500.0,325.0,500.0,500.0,141.0,500.0,500.0,239.0,500.0,500.0,225.0,500.0,10.0,500.0,500.0,500.0,500.0,500.0,9.0,402.0,500.0,500.0,500.0,500.0,239.0
1921,500.0,27.0,10.0,500.0,500.0,500.0,500.0,500.0,266.0,500.0,268.0,500.0,500.0,198.0,9.0,500.0,9.0,500.0,500.0,500.0,378.0,500.0,500.0,500.0,9.0,500.0,313.0,500.0,500.0,142.0,500.0,500.0,249.0,500.0,500.0,424.0,500.0,10.0,500.0,500.0,500.0,500.0,315.0,9.0,317.0,500.0,500.0,500.0,500.0,244.0
1922,500.0,27.0,10.0,500.0,500.0,500.0,500.0,500.0,266.0,500.0,445.0,329.0,500.0,200.0,9.0,500.0,9.0,500.0,500.0,500.0,354.0,500.0,500.0,500.0,9.0,500.0,315.0,500.0,500.0,141.0,500.0,500.0,291.0,500.0,500.0,435.0,500.0,10.0,500.0,500.0,500.0,500.0,500.0,9.0,213.0,500.0,500.0,500.0,500.0,232.0
1923,500.0,27.0,10.0,500.0,500.0,500.0,500.0,500.0,266.0,500.0,271.0,434.0,500.0,208.0,9.0,500.0,9.0,500.0,500.0,500.0,500.0,500.0,500.0,500.0,9.0,500.0,313.0,500.0,500.0,142.0,500.0,500.0,255.0,500.0,500.0,500.0,500.0,10.0,500.0,500.0,500.0,500.0,500.0,9.0,334.0,500.0,500.0,500.0,500.0,250.0
1924,500.0,27.0,10.0,500.0,500.0,365.0,500.0,500.0,266.0,500.0,258.0,428.0,500.0,205.0,9.0,500.0,9.0,500.0,500.0,500.0,363.0,500.0,500.0,500.0,9.0,500.0,316.0,500.0,500.0,144.0,500.0,500.0,274.0,500.0,500.0,330.0,500.0,10.0,500.0,500.0,500.0,500.0,373.0,9.0,144.0,500.0,500.0,500.0,500.0,262.0
1925,500.0,27.0,10.0,500.0,500.0,500.0,500.0,500.0,266.0,500.0,500.0,500.0,500.0,207.0,9.0,500.0,9.0,500.0,500.0,500.0,330.0,500.0,500.0,500.0,9.0,500.0,316.0,500.0,500.0,140.0,500.0,500.0,288.0,500.0,500.0,292.0,500.0,10.0,500.0,500.0,500.0,500.0,500.0,9.0,500.0,500.0,500.0,500.0,500.0,257.0
1926,500.0,27.0,10.0,500.0,500.0,500.0,500.0,500.0,266.0,500.0,259.0,500.0,500.0,203.0,9.0,500.0,9.0,500.0,500.0,500.0,345.0,500.0,500.0,500.0,9.0,500.0,311.0,500.0,500.0,142.0,500.0,500.0,310.0,500.0,500.0,267.0,500.0,10.0,500.0,500.0,500.0,500.0,500.0,9.0,277.0,500.0,500.0,500.0,500.0,265.0
1927,124.0,27.0,10.0,500.0,500.0,475.0,500.0,500.0,266.0,500.0,500.0,500.0,500.0,207.0,9.0,500.0,9.0,500.0,500.0,500.0,343.0,500.0,500.0,500.0,9.0,500.0,319.0,500.0,500.0,143.0,500.0,500.0,500.0,500.0,500.0,312.0,500.0,10.0,500.0,500.0,500.0,500.0,500.0,9.0,500.0,500.0,500.0,500.0,500.0,266.0
1928,500.0,27.0,10.0,500.0,500.0,500.0,500.0,500.0,266.0,500.0,500.0,500.0,500.0,205.0,9.0,500.0,9.0,500.0,500.0,500.0,349.0,500.0,500.0,500.0,9.0,500.0,307.0,500.0,500.0,141.0,500.0,500.0,360.0,500.0,500.0,342.0,500.0,10.0,500.0,500.0,500.0,374.0,246.0,9.0,315.0,500.0,500.0,500.0,500.0,276.0
1929,500.0,27.0,10.0,500.0,500.0,500.0,500.0,500.0,266.0,500.0,368.0,500.0,500.0,209.0,9.0,311.0,9.0,500.0,500.0,500.0,223.0,500.0,500.0,500.0,9.0,500.0,315.0,359.0,500.0,144.0,500.0,500.0,391.0,500.0,500.0,248.0,500.0,10.0,500.0,500.0,500.0,500.0,500.0,9.0,245.0,500.0,500.0,500.0,500.0,295.0
1930,364.0,27.0,10.0,500.0,411.0,500.0,500.0,500.0,266.0,500.0,500.0,500.0,500.0,208.0,9.0,500.0,9.0,500.0,500.0,500.0,426.0,500.0,500.0,500.0,9.0,500.0,306.0,500.0,500.0,141.0,500.0,500.0,483.0,500.0,500.0,328.0,500.0,10.0,500.0,500.0,500.0,464.0,500.0,9.0,178.0,500.0,500.0,500.0,500.0,280.0
1931,500.0,27.0,10.0,500.0,500.0,255.0,500.0,500.0,266.0,500.0,283.0,263.0,500.0,210.0,9.0,500.0,9.0,500.0,500.0,500.0,500.0,500.0,500.0,500.0,9.0,500.0,308.0,500.0,500.0,144.0,500.0,500.0,450.0,500.0,500.0,399.0,500.0,10.0,500.0,500.0,500.0,436.0,500.0,9.0,500.0,500.0,500.0,407.0,500.0,300.0
1932,500.0,27.0,10.0,500.0,500.0,500.0,500.0,500.0,266.0,500.0,295.0,500.0,500.0,207.0,9.0,500.0,9.0,389.0,500.0,500.0,372.0,500.0,500.0,500.0,9.0,500.0,310.0,500.0,500.0,143.0,500.0,500.0,382.0,500.0,500.0,304.0,500.0,10.0,500.0,500.0,500.0,500.0,500.0,9.0,162.0,500.0,500.0,500.0,500.0,302.0
1933,500.0,27.0,10.0,500.0,500.0,500.0,500.0,500.0,266.0,500.0,258.0,500.0,500.0,210.0,9.0,500.0,9.0,500.0,500.0,500.0,500.0,500.0,500.0,500.0,9.0,500.0,273.0,500.0,500.0,143.0,500.0,500.0,464.0,500.0,500.0,261.0,500.0,10.0,500.0,500.0,500.0,499.0,500.0,9.0,397.0,500.0,500.0,500.0,500.0,285.0
1934,277.0,27.0,10.0,500.0,500.0,500.0,500.0,500.0,266.0,500.0,353.0,500.0,500.0,208.0,9.0,500.0,9.0,500.0,500.0,500.0,500.0,500.0,500.0,500.0,9.0,500.0,318.0,391.0,500.0,145.0,500.0,500.0,500.0,500.0,500.0,269.0,500.0,10.0,500.0,500.0,500.0,500.0,359.0,9.0,143.0,500.0,500.0,500.0,500.0,307.0
1935,499.0,27.0,10.0,500.0,500.0,500.0,500.0,500.0,266.0,500.0,500.0,385.0,500.0,207.0,9.0,500.0,9.0,500.0,500.0,500.0,500.0,500.0,500.0,500.0,9.0,500.0,318.0,500.0,500.0,145.0,500.0,500.0,500.0,500.0,500.0,303.0,500.0,10.0,500.0,500.0,500.0,500.0,467.0,9.0,500.0,500.0,500.0,500.0,500.0,305.0
1936,500.0,27.0,10.0,500.0,500.0,278.0,500.0,500.0,266.0,500.0,350.0,500.0,500.0,207.0,9.0,500.0,9.0,500.0,500.0,500.0,500.0,500.0,500.0,500.0,9.0,500.0,275.0,500.0,500.0,145.0,500.0,500.0,426.0,500.0,500.0,230.0,500.0,10.0,500.0,500.0,500.0,500.0,500.0,9.0,251.0,500.0,500.0,500.0,500.0,320.0
1937,500.0,27.0,10.0,500.0,500.0,417.0,500.0,500.0,266.0,500.0,500.0,375.0,500.0,209.0,9.0,500.0,9.0,350.0,500.0,500.0,500.0,500.0,500.0,500.0,9.0,500.0,311.0,378.0,500.0,145.0,500.0,500.0,398.0,500.0,500.0,500.0,500.0,10.0,500.0,500.0,500.0,500.0,500.0,9.0,333.0,500.0,500.0,500.0,500.0,308.0
1938,500.0,27.0,10.0,500.0,500.0,500.0,500.0,500.0,266.0,500.0,364.0,500.0,500.0,212.0,9.0,500.0,9.0,500.0,500.0,500.0,500.0,500.0,500.0,500.0,9.0,500.0,314.0,332.0,500.0,145.0,500.0,500.0,350.0,500.0,500.0,408.0,500.0,10.0,500.0,500.0,500.0,413.0,500.0,9.0,234.0,500.0,500.0,500.0,500.0,326.0
1939,500.0,27.0,10.0,500.0,500.0,500.0,500.0,500.0,266.0,500.0,280.0,500.0,500.0,212.0,9.0,500.0,9.0,500.0,500.0,500.0,500.0,500.0,500.0,500.0,9.0,500.0,313.0,500.0,500.0,144.0,500.0,500.0,500.0,500.0,500.0,220.0,500.0,10.0,500.0,500.0,500.0,399.0,500.0,9.0,313.0,500.0,500.0,500.0,500.0,302.0
1940,500.0,27.0,10.0,500.0,500.0,500.0,500.0,500.0,266.0,500.0,500.0,370.0,500.0,208.0,9.0,500.0,9.0,500.0,500.0,500.0,500.0,500.0,500.0,500.0,9.0,500.0,329.0,311.0,500.0,146.0,500.0,500.0,348.0,500.0,500.0,282.0,500.0,10.0,500.0,500.0,500.0,498.0,500.0,9.0,500.0,500.0,500.0,500.0,500.0,298.0
1941,500.0,27.0,10.0,500.0,500.0,500.0,500.0,500.0,266.0,500.0,350.0,421.0,500.0,212.0,9.0,319.0,9.0,500.0,500.0,500.0,500.0,500.0,500.0,500.0,9.0,500.0,327.0,500.0,500.0,147.0,500.0,500.0,410.0,500.0,500.0,475.0,500.0,10.0,500.0,500.0,500.0,500.0,500.0,9.0,173.0,500.0,496.0,500.0,500.0,336.0
1942,500.0,27.0,10.0,500.0,500.0,500.0,500.0,500.0,266.0,500.0,366.0,500.0,500.0,205.0,9.0,500.0,9.0,500.0,500.0,500.0,500.0,341.0,500.0,500.0,9.0,500.0,319.0,500.0,500.0,145.0,335.0,500.0,500.0,500.0,500.0,424.0,500.0,10.0,500.0,500.0,500.0,500.0,500.0,9.0,206.0,500.0,500.0,500.0,500.0,331.0
1943,500.0,27.0,10.0,500.0,500.0,500.0,500.0,500.0,266.0,296.0,500.0,500.0,500.0,211.0,9.0,500.0,9.0,500.0,500.0,500.0,500.0,500.0,346.0,500.0,9.0,500.0,312.0,500.0,500.0,146.0,500.0,336.0,363.0,500.0,500.0,339.0,500.0,10.0,500.0,500.0,500.0,500.0,500.0,9.0,363.0,500.0,500.0,500.0,500.0,338.0
1944,437.0,27.0,10.0,500.0,500.0,500.0,500.0,500.0,266.0,500.0,375.0,500.0,500.0,216.0,9.0,500.0,9.0,500.0,500.0,500.0,500.0,500.0,327.0,500.0,9.0,500.0,333.0,203.0,500.0,148.0,500.0,500.0,395.0,500.0,500.0,500.0,500.0,10.0,500.0,500.0,500.0,500.0,500.0,9.0,138.0,500.0,452.0,500.0,500.0,305.0
1945,500.0,27.0,10.0,500.0,500.0,500.0,500.0,500.0,266.0,500.0,202.0,284.0,500.0,217.0,9.0,500.0,9.0,500.0,500.0,500.0,500.0,500.0,436.0,500.0,9.0,500.0,316.0,500.0,500.0,148.0,500.0,500.0,326.0,500.0,500.0,126.0,500.0,10.0,500.0,500.0,500.0,500.0,500.0,9.0,194.0,500.0,500.0,500.0,500.0,300.0
1946,500.0,27.0,10.0,500.0,500.0,500.0,500.0,500.0,266.0,500.0,277.0,500.0,500.0,221.0,9.0,500.0,9.0,500.0,500.0,500.0,500.0,500.0,309.0,500.0,9.0,500.0,327.0,500.0,500.0,146.0,500.0,500.0,411.0,500.0,500.0,190.0,500.0,10.0,500.0,500.0,500.0,500.0,500.0,9.0,223.0,500.0,500.0,500.0,500.0,328.0
1947,500.0,27.0,10.0,500.0,500.0,464.0,500.0,500.0,266.0,500.0,500.0,500.0,500.0,221.0,9.0,500.0,9.0,500.0,500.0,500.0,500.0,435.0,295.0,500.0,9.0,500.0,331.0,500.0,500.0,147.0,500.0,500.0,392.0,500.0,500.0,334.0,443.0,10.0,500.0,500.0,500.0,500.0,500.0,9.0,500.0,500.0,301.0,500.0,500.0,308.0
1948,488.0,27.0,10.0,500.0,500.0,500.0,500.0,500.0,266.0,500.0,273.0,500.0,500.0,224.0,9.0,500.0,9.0,500.0,500.0,500.0,500.0,228.0,258.0,500.0,9.0,500.0,313.0,500.0,500.0,149.0,500.0,500.0,358.0,500.0,500.0,500.0,433.0,10.0,500.0,500.0,500.0,500.0,478.0,9.0,241.0,500.0,391.0,500.0,500.0,329.0
1949,500.0,27.0,10.0,500.0,500.0,500.0,500.0,500.0,266.0,500.0,276.0,500.0,500.0,224.0,9.0,500.0,9.0,500.0,500.0,500.0,500.0,500.0,284.0,500.0,9.0,500.0,324.0,500.0,500.0,150.0,455.0,500.0,323.0,500.0,500.0,144.0,384.0,10.0,500.0,500.0,500.0,500.0,500.0,9.0,197.0,500.0,217.0,500.0,500.0,325.0
1950,182.0,27.0,10.0,500.0,500.0,500.0,500.0,500.0,266.0,500.0,264.0,500.0,500.0,231.0,9.0,500.0,9.0,500.0,500.0,500.0,500.0,500.0,271.0,500.0,9.0,500.0,331.0,126.0,500.0,148.0,500.0,500.0,400.0,500.0,500.0,102.0,500.0,10.0,500.0,500.0,500.0,500.0,500.0,9.0,205.0,500.0,209.0,500.0,500.0,342.0
1951,500.0,27.0,10.0,500.0,500.0,500.0,500.0,500.0,266.0,500.0,500.0,500.0,500.0,229.0,9.0,500.0,9.0,500.0,500.0,500.0,500.0,500.0,267.0,500.0,9.0,500.0,346.0,500.0,500.0,149.0,394.0,500.0,296.0,500.0,500.0,339.0,384.0,10.0,500.0,500.0,500.0,500.0,500.0,9.0,179.0,500.0,210.0,500.0,500.0,327.0
1952,500.0,27.0,10.0,500.0,500.0,394.0,500.0,500.0,266.0,500.0,500.0,377.0,500.0,219.0,9.0,500.0,9.0,500.0,500.0,500.0,500.0,500.0,245.0,500.0,9.0,500.0,329.0,500.0,500.0,148.0,500.0,500.0,347.0,500.0,500.0,500.0,361.0,10.0,500.0,500.0,500.0,500.0,404.0,9.0,500.0,500.0,500.0,500.0,500.0,334.0
1953,500.0,27.0,10.0,500.0,500.0,500.0,500.0,500.0,266.0,369.0,455.0,500.0,500.0,227.0,9.0,500.0,9.0,500.0,500.0,500.0,500.0,500.0,242.0,500.0,9.0,500.0,330.0,500.0,500.0,148.0,500.0,500.0,281.0,500.0,500.0,500.0,490.0,10.0,500.0,500.0,500.0,500.0,500.0,9.0,500.0,500.0,286.0,500.0,500.0,333.0
1954,262.0,27.0,10.0,500.0,500.0,500.0,500.0,500.0,266.0,500.0,353.0,183.0,500.0,232.0,9.0,500.0,9.0,500.0,500.0,500.0,500.0,500.0,216.0,500.0,9.0,500.0,331.0,500.0,500.0,148.0,500.0,378.0,291.0,500.0,500.0,84.0,292.0,10.0,500.0,500.0,500.0,500.0,389.0,9.0,500.0,500.0,403.0,500.0,500.0,353.0
1955,331.0,27.0,10.0,500.0,500.0,500.0,500.0,500.0,266.0,500.0,348.0,455.0,500.0,235.0,9.0,500.0,9.0,500.0,500.0,500.0,500.0,500.0,205.0,500.0,9.0,500.0,333.0,371.0,500.0,147.0,500.0,500.0,294.0,500.0,500.0,416.0,462.0,10.0,500.0,500.0,500.0,500.0,500.0,9.0,264.0,500.0,500.0,500.0,500.0,341.0
1956,500.0,27.0,10.0,500.0,500.0,500.0,500.0,500.0,266.0,500.0,279.0,500.0,500.0,226.0,9.0,500.0,9.0,500.0,500.0,500.0,500.0,500.0,216.0,500.0,9.0,500.0,321.0,236.0,500.0,148.0,500.0,500.0,271.0,500.0,500.0,305.0,321.0,10.0,500.0,500.0,500.0,500.0,500.0,9.0,289.0,500.0,227.0,500.0,500.0,356.0
1957,500.0,27.0,10.0,500.0,500.0,500.0,500.0,500.0,266.0,500.0,376.0,500.0,500.0,228.0,9.0,313.0,9.0,500.0,500.0,500.0,500.0,500.0,209.0,500.0,9.0,500.0,324.0,500.0,500.0,150.0,500.0,500.0,316.0,500.0,500.0,197.0,308.0,10.0,500.0,500.0,500.0,500.0,500.0,9.0,398.0,500.0,382.0,500.0,500.0,362.0
1958,500.0,27.0,10.0,500.0,500.0,500.0,500.0,500.0,266.0,500.0,489.0,489.0,500.0,224.0,9.0,500.0,9.0,500.0,500.0,500.0,500.0,500.0,194.0,500.0,9.0,500.0,319.0,500.0,500.0,150.0,500.0,500.0,260.0,500.0,500.0,288.0,250.0,10.0,500.0,500.0,500.0,500.0,468.0,9.0,244.0,500.0,371.0,500.0,500.0,367.0
1959,500.0,27.0,10.0,500.0,500.0,500.0,500.0,500.0,266.0,500.0,500.0,315.0,500.0,218.0,9.0,500.0,9.0,500.0,500.0,500.0,500.0,244.0,191.0,500.0,9.0,500.0,326.0,500.0,500.0,151.0,500.0,500.0,262.0,500.0,500.0,489.0,260.0,10.0,500.0,500.0,500.0,500.0,500.0,9.0,500.0,500.0,203.0,500.0,500.0,387.0
1960,291.0,27.0,10.0,500.0,500.0,500.0,500.0,500.0,266.0,500.0,458.0,500.0,500.0,223.0,9.0,500.0,9.0,500.0,500.0,500.0,500.0,500.0,184.0,500.0,9.0,500.0,336.0,489.0,500.0,152.0,500.0,500.0,248.0,500.0,500.0,500.0,289.0,10.0,500.0,500.0,500.0,500.0,500.0,9.0,324.0,500.0,500.0,500.0,500.0,416.0
1961,500.0,27.0,10.0,500.0,500.0,500.0,500.0,500.0,266.0,500.0,500.0,500.0,500.0,219.0,9.0,350.0,9.0,500.0,500.0,500.0,500.0,500.0,168.0,500.0,9.0,500.0,331.0,500.0,500.0,149.0,500.0,500.0,273.0,500.0,500.0,500.0,257.0,10.0,500.0,500.0,500.0,500.0,454.0,9.0,275.0,500.0,500.0,500.0,500.0,426.0
1962,500.0,27.0,10.0,500.0,500.0,500.0,500.0,500.0,266.0,500.0,361.0,500.0,500.0,215.0,9.0,500.0,9.0,500.0,500.0,500.0,500.0,500.0,182.0,500.0,9.0,500.0,333.0,297.0,500.0,149.0,500.0,500.0,277.0,500.0,500.0,500.0,252.0,10.0,500.0,500.0,500.0,500.0,500.0,9.0,442.0,500.0,380.0,500.0,500.0,381.0
1963,500.0,27.0,10.0,500.0,500.0,500.0,500.0,500.0,266.0,500.0,362.0,500.0,500.0,20.0,9.0,500.0,9.0,500.0,500.0,500.0,500.0,500.0,173.0,500.0,9.0,500.0,329.0,500.0,500.0,152.0,500.0,500.0,243.0,500.0,500.0,444.0,294.0,10.0,500.0,500.0,500.0,500.0,500.0,9.0,222.0,500.0,500.0,500.0,500.0,424.0
1964,491.0,27.0,10.0,500.0,500.0,500.0,500.0,500.0,266.0,500.0,431.0,500.0,500.0,15.0,9.0,500.0,9.0,500.0,500.0,500.0,500.0,500.0,170.0,500.0,9.0,500.0,318.0,500.0,500.0,148.0,500.0,500.0,265.0,500.0,500.0,298.0,266.0,10.0,500.0,500.0,500.0,500.0,500.0,9.0,148.0,500.0,500.0,500.0,500.0,458.0
1965,500.0,27.0,10.0,500.0,500.0,494.0,500.0,500.0,266.0,250.0,187.0,500.0,500.0,11.0,9.0,500.0,9.0,500.0,500.0,500.0,500.0,500.0,164.0,500.0,9.0,500.0,330.0,500.0,500.0,149.0,500.0,500.0,269.0,500.0,500.0,282.0,357.0,10.0,500.0,500.0,500.0,500.0,500.0,9.0,117.0,500.0,500.0,500.0,500.0,500.0
1966,500.0,27.0,10.0,500.0,500.0,500.0,500.0,500.0,266.0,500.0,353.0,500.0,500.0,11.0,9.0,500.0,9.0,500.0,500.0,500.0,481.0,485.0,173.0,500.0,9.0,500.0,329.0,500.0,500.0,150.0,500.0,500.0,260.0,500.0,500.0,500.0,228.0,10.0,500.0,500.0,500.0,500.0,500.0,9.0,195.0,500.0,500.0,500.0,500.0,474.0
1967,500.0,27.0,10.0,500.0,500.0,436.0,500.0,500.0,266.0,500.0,355.0,500.0,500.0,12.0,9.0,500.0,9.0,500.0,500.0,500.0,500.0,336.0,170.0,500.0,9.0,500.0,324.0,500.0,500.0,147.0,304.0,500.0,276.0,500.0,500.0,261.0,304.0,10.0,500.0,500.0,500.0,500.0,500.0,9.0,500.0,500.0,500.0,500.0,500.0,500.0
1968,500.0,27.0,10.0,500.0,500.0,465.0,500.0,500.0,266.0,500.0,357.0,500.0,500.0,11.0,9.0,500.0,9.0,500.0,500.0,500.0,500.0,500.0,179.0,500.0,9.0,500.0,329.0,500.0,500.0,148.0,500.0,500.0,286.0,500.0,500.0,500.0,211.0,10.0,500.0,500.0,500.0,500.0,500.0,9.0,300.0,500.0,500.0,500.0,500.0,500.0
1969,500.0,27.0,10.0,500.0,500.0,500.0,500.0,500.0,266.0,500.0,500.0,500.0,500.0,10.0,9.0,500.0,9.0,500.0,500.0,500.0,500.0,500.0,188.0,500.0,9.0,500.0,325.0,500.0,500.0,150.0,500.0,500.0,256.0,500.0,500.0,500.0,319.0,10.0,500.0,500.0,500.0,500.0,500.0,9.0,372.0,500.0,500.0,500.0,500.0,500.0
1970,500.0,27.0,10.0,500.0,500.0,500.0,500.0,500.0,266.0,500.0,500.0,500.0,500.0,10.0,9.0,500.0,9.0,500.0,500.0,500.0,500.0,500.0,193.0,500.0,9.0,500.0,314.0,500.0,500.0,150.0,500.0,500.0,244.0,500.0,500.0,391.0,302.0,10.0,500.0,500.0,500.0,500.0,500.0,9.0,281.0,500.0,375.0,500.0,500.0,500.0
1971,500.0,27.0,10.0,500.0,500.0,500.0,500.0,500.0,266.0,500.0,353.0,500.0,500.0,10.0,9.0,500.0,9.0,500.0,500.0,500.0,402.0,500.0,211.0,500.0,9.0,500.0,333.0,500.0,500.0,147.0,500.0,500.0,262.0,500.0,500.0,500.0,325.0,10.0,500.0,500.0,500.0,500.0,500.0,9.0,312.0,500.0,292.0,500.0,500.0,500.0
1972,500.0,27.0,10.0,500.0,500.0,500.0,500.0,500.0,266.0,500.0,500.0,479.0,500.0,10.0,9.0,500.0,9.0,500.0,500.0,500.0,500.0,500.0,219.0,500.0,9.0,500.0,336.0,500.0,500.0,151.0,500.0,500.0,241.0,500.0,500.0,500.0,171.0,10.0,500.0,500.0,500.0,500.0,499.0,9.0,340.0,500.0,500.0,500.0,500.0,497.0
1973,500.0,27.0,10.0,500.0,500.0,500.0,500.0,500.0,266.0,500.0,416.0,500.0,500.0,10.0,9.0,500.0,9.0,500.0,500.0,500.0,500.0,500.0,224.0,500.0,9.0,500.0,296.0,393.0,500.0,147.0,500.0,500.0,234.0,500.0,500.0,304.0,178.0,10.0,500.0,500.0,500.0,500.0,500.0,9.0,404.0,500.0,500.0,500.0,500.0,447.0
1974,414.0,27.0,10.0,500.0,500.0,500.0,500.0,500.0,266.0,500.0,350.0,500.0,500.0,10.0,9.0,500.0,9.0,500.0,500.0,500.0,500.0,500.0,231.0,500.0,9.0,500.0,322.0,500.0,500.0,148.0,500.0,500.0,246.0,500.0,500.0,398.0,252.0,10.0,500.0,500.0,500.0,500.0,500.0,9.0,160.0,500.0,500.0,500.0,500.0,444.0
1975,500.0,27.0,10.0,500.0,500.0,500.0,500.0,500.0,266.0,500.0,436.0,465.0,500.0,10.0,9.0,382.0,9.0,500.0,500.0,500.0,500.0,500.0,238.0,500.0,9.0,500.0,327.0,500.0,500.0,153.0,500.0,479.0,238.0,500.0,500.0,500.0,228.0,10.0,500.0,500.0,500.0,500.0,500.0,9.0,318.0,500.0,500.0,500.0,500.0,474.0
1976,500.0,27.0,10.0,500.0,500.0,500.0,500.0,500.0,266.0,500.0,383.0,500.0,500.0,10.0,9.0,500.0,9.0,500.0,500.0,500.0,500.0,500.0,244.0,500.0,9.0,500.0,321.0,267.0,500.0,151.0,500.0,500.0,250.0,500.0,500.0,500.0,185.0,10.0,500.0,500.0,500.0,500.0,500.0,9.0,277.0,500.0,500.0,500.0,500.0,403.0
1977,494.0,27.0,10.0,500.0,500.0,500.0,500.0,500.0,266.0,500.0,453.0,500.0,500.0,10.0,9.0,500.0,9.0,500.0,500.0,500.0,500.0,500.0,234.0,500.0,9.0,500.0,326.0,500.0,500.0,149.0,500.0,500.0,235.0,500.0,500.0,358.0,216.0,10.0,500.0,500.0,500.0,500.0,500.0,9.0,402.0,500.0,373.0,500.0,500.0,423.0
1978,500.0,27.0,10.0,500.0,500.0,500.0,500.0,500.0,266.0,500.0,500.0,500.0,500.0,10.0,9.0,432.0,9.0,500.0,500.0,500.0,500.0,500.0,241.0,500.0,9.0,500.0,340.0,500.0,500.0,147.0,500.0,206.0,230.0,500.0,500.0,411.0,246.0,10.0,500.0,500.0,500.0,500.0,500.0,9.0,500.0,500.0,500.0,500.0,500.0,413.0
1979,500.0,27.0,10.0,500.0,500.0,500.0,397.0,500.0,266.0,500.0,364.0,500.0,500.0,10.0,9.0,421.0,9.0,500.0,500.0,500.0,500.0,500.0,230.0,500.0,9.0,500.0,316.0,500.0,500.0,146.0,500.0,500.0,256.0,500.0,500.0,500.0,206.0,10.0,500.0,500.0,500.0,500.0,500.0,9.0,138.0,500.0,500.0,500.0,500.0,420.0
1980,500.0,27.0,10.0,500.0,500.0,500.0,500.0,500.0,266.0,500.0,343.0,500.0,500.0,10.0,9.0,489.0,9.0,500.0,500.0,500.0,500.0,500.0,234.0,500.0,9.0,500.0,308.0,500.0,500.0,151.0,500.0,296.0,228.0,500.0,500.0,331.0,183.0,10.0,500.0,500.0,500.0,500.0,500.0,9.0,125.0,500.0,500.0,500.0,500.0,396.0
1981,500.0,27.0,10.0,500.0,500.0,500.0,500.0,500.0,266.0,500.0,500.0,500.0,500.0,10.0,9.0,500.0,9.0,500.0,500.0,500.0,500.0,500.0,224.0,500.0,9.0,500.0,319.0,425.0,500.0,149.0,500.0,500.0,238.0,500.0,500.0,500.0,212.0,10.0,500.0,500.0,500.0,500.0,500.0,9.0,173.0,500.0,500.0,500.0,500.0,389.0
1982,500.0,27.0,10.0,500.0,500.0,500.0,500.0,500.0,266.0,500.0,339.0,500.0,500.0,10.0,9.0,500.0,9.0,500.0,500.0,500.0,500.0,500.0,211.0,500.0,9.0,500.0,310.0,500.0,500.0,151.0,500.0,500.0,239.0,500.0,500.0,227.0,191.0,10.0,500.0,500.0,500.0,500.0,500.0,9.0,331.0,500.0,500.0,500.0,500.0,389.0
1983,500.0,27.0,10.0,500.0,500.0,500.0,500.0,500.0,266.0,500.0,364.0,500.0,500.0,10.0,9.0,336.0,9.0,500.0,500.0,500.0,500.0,500.0,205.0,500.0,9.0,500.0,321.0,500.0,500.0,148.0,500.0,500.0,237.0,500.0,500.0,419.0,216.0,10.0,500.0,500.0,500.0,500.0,450.0,9.0,329.0,500.0,500.0,500.0,500.0,408.0
1984,500.0,27.0,10.0,500.0,500.0,500.0,500.0,500.0,266.0,500.0,500.0,357.0,500.0,10.0,9.0,500.0,9.0,500.0,500.0,500.0,500.0,500.0,205.0,500.0,9.0,500.0,337.0,500.0,500.0,153.0,500.0,500.0,239.0,500.0,500.0,449.0,230.0,10.0,500.0,500.0,500.0,500.0,480.0,9.0,417.0,500.0,500.0,500.0,500.0,409.0
1985,500.0,27.0,10.0,500.0,500.0,302.0,500.0,500.0,266.0,500.0,500.0,500.0,500.0,10.0,9.0,500.0,9.0,500.0,500.0,500.0,500.0,500.0,204.0,500.0,9.0,500.0,325.0,500.0,500.0,149.0,500.0,500.0,245.0,500.0,500.0,437.0,273.0,10.0,500.0,500.0,500.0,500.0,427.0,9.0,500.0,500.0,500.0,500.0,500.0,427.0
1986,500.0,27.0,10.0,500.0,500.0,395.0,500.0,500.0,266.0,500.0,500.0,500.0,500.0,10.0,9.0,500.0,9.0,500.0,500.0,500.0,493.0,500.0,205.0,500.0,9.0,500.0,324.0,500.0,500.0,149.0,500.0,500.0,241.0,500.0,500.0,370.0,243.0,10.0,500.0,500.0,500.0,500.0,418.0,9.0,380.0,500.0,500.0,500.0,500.0,420.0
1987,500.0,27.0,10.0,500.0,500.0,500.0,500.0,500.0,266.0,500.0,438.0,500.0,500.0,10.0,9.0,500.0,9.0,500.0,500.0,500.0,500.0,500.0,203.0,500.0,9.0,500.0,326.0,500.0,500.0,149.0,500.0,500.0,255.0,500.0,500.0,500.0,187.0,10.0,500.0,500.0,500.0,500.0,500.0,9.0,284.0,500.0,500.0,500.0,500.0,411.0
1988,500.0,27.0,10.0,500.0,500.0,500.0,500.0,500.0,266.0,500.0,500.0,500.0,500.0,10.0,9.0,500.0,9.0,500.0,500.0,500.0,500.0,500.0,212.0,500.0,9.0,500.0,324.0,464.0,500.0,149.0,500.0,500.0,246.0,500.0,500.0,143.0,218.0,10.0,500.0,500.0,500.0,500.0,500.0,9.0,500.0,500.0,500.0,500.0,500.0,445.0
1989,500.0,27.0,10.0,500.0,500.0,500.0,500.0,500.0,266.0,500.0,500.0,500.0,500.0,10.0,9.0,500.0,9.0,500.0,500.0,500.0,500.0,500.0,207.0,500.0,9.0,500.0,328.0,500.0,500.0,150.0,500.0,500.0,284.0,500.0,500.0,341.0,208.0,10.0,500.0,500.0,500.0,500.0,500.0,9.0,427.0,500.0,500.0,500.0,500.0,432.0
1990,500.0,27.0,10.0,500.0,500.0,500.0,500.0,500.0,266.0,500.0,500.0,500.0,500.0,10.0,9.0,500.0,9.0,500.0,500.0,500.0,500.0,500.0,210.0,500.0,9.0,500.0,332.0,500.0,500.0,152.0,500.0,500.0,291.0,500.0,500.0,432.0,218.0,10.0,500.0,500.0,500.0,500.0,500.0,9.0,500.0,500.0,500.0,500.0,500.0,425.0
1991,461.0,27.0,10.0,500.0,500.0,500.0,500.0,500.0,266.0,500.0,500.0,500.0,500.0,10.0,9.0,500.0,9.0,500.0,500.0,500.0,500.0,500.0,208.0,500.0,9.0,500.0,341.0,495.0,500.0,149.0,500.0,500.0,240.0,500.0,500.0,500.0,286.0,10.0,500.0,500.0,500.0,500.0,500.0,9.0,297.0,500.0,500.0,500.0,500.0,478.0
1992,500.0,27.0,10.0,500.0,500.0,500.0,500.0,500.0,266.0,500.0,500.0,500.0,500.0,10.0,9.0,500.0,9.0,500.0,500.0,500.0,500.0,500.0,194.0,500.0,9.0,500.0,312.0,500.0,394.0,149.0,500.0,500.0,248.0,500.0,500.0,500.0,202.0,10.0,500.0,500.0,500.0,500.0,500.0,9.0,242.0,500.0,500.0,500.0,500.0,485.0
1993,500.0,27.0,10.0,500.0,500.0,500.0,500.0,500.0,266.0,500.0,439.0,500.0,500.0,10.0,9.0,500.0,9.0,500.0,500.0,500.0,500.0,500.0,194.0,500.0,9.0,500.0,337.0,500.0,500.0,149.0,500.0,500.0,253.0,500.0,500.0,361.0,267.0,10.0,500.0,500.0,500.0,500.0,500.0,9.0,230.0,500.0,500.0,500.0,500.0,472.0
1994,500.0,27.0,10.0,500.0,500.0,500.0,500.0,500.0,266.0,500.0,418.0,500.0,500.0,10.0,9.0,500.0,9.0,500.0,500.0,500.0,500.0,337.0,194.0,500.0,9.0,500.0,318.0,500.0,500.0,147.0,500.0,500.0,273.0,500.0,500.0,267.0,224.0,10.0,500.0,500.0,500.0,500.0,500.0,9.0,342.0,500.0,500.0,500.0,500.0,500.0
1995,500.0,27.0,10.0,500.0,500.0,500.0,500.0,500.0,266.0,500.0,500.0,500.0,500.0,10.0,9.0,500.0,9.0,500.0,500.0,500.0,500.0,500.0,191.0,500.0,9.0,500.0,329.0,500.0,500.0,148.0,500.0,500.0,295.0,500.0,500.0,434.0,271.0,10.0,500.0,500.0,500.0,500.0,500.0,9.0,500.0,500.0,500.0,500.0,500.0,500.0
1996,500.0,27.0,10.0,500.0,500.0,500.0,500.0,500.0,266.0,500.0,500.0,500.0,500.0,10.0,9.0,500.0,9.0,500.0,500.0,500.0,500.0,500.0,193.0,500.0,9.0,500.0,318.0,500.0,500.0,151.0,500.0,500.0,275.0,500.0,491.0,468.0,343.0,10.0,500.0,500.0,500.0,500.0,500.0,9.0,500.0,500.0,500.0,500.0,500.0,500.0
1997,500.0,27.0,10.0,500.0,500.0,500.0,500.0,500.0,266.0,500.0,426.0,452.0,500.0,10.0,9.0,500.0,9.0,500.0,500.0,500.0,500.0,336.0,189.0,500.0,9.0,500.0,328.0,500.0,500.0,149.0,500.0,500.0,241.0,500.0,401.0,500.0,239.0,10.0,500.0,500.0,500.0,500.0,500.0,9.0,500.0,500.0,500.0,500.0,500.0,500.0
1998,500.0,27.0,10.0,500.0,500.0,500.0,500.0,500.0,266.0,500.0,500.0,500.0,500.0,10.0,9.0,498.0,9.0,500.0,500.0,500.0,500.0,500.0,194.0,500.0,9.0,500.0,335.0,500.0,500.0,151.0,500.0,500.0,250.0,500.0,367.0,352.0,253.0,10.0,500.0,500.0,500.0,500.0,500.0,9.0,234.0,500.0,500.0,500.0,500.0,500.0
1999,500.0,27.0,10.0,500.0,500.0,500.0,500.0,500.0,266.0,500.0,428.0,500.0,500.0,10.0,9.0,500.0,9.0,500.0,500.0,500.0,500.0,500.0,197.0,500.0,9.0,500.0,330.0,500.0,500.0,152.0,500.0,500.0,272.0,500.0,340.0,174.0,294.0,10.0,500.0,500.0,500.0,500.0,500.0,9.0,500.0,500.0,500.0,500.0,500.0,500.0
